588237
294806
333333
631133
247771
525074
308477
683763
666666
254569
330016
416833
330546
317114
894032
184185
552663
424017
278625
478837
866821
000000
887539
232794
408776
666666
690626
971252
249793
944599
385013
612939
229462
013930
592560
579835
410161
111111
444444
869497
286836
687973
836674
670846
300619
294376
809533
751136
352446
074186
409200
924338
448923
222222
543199
278037
994077
223569
758847
297882
105778
327653
983262
996668
289577
222722
024535
079836
677625
563763
315205
333333
709243
111111
977689
743125
328996
030666
922526
193278
108875
848256
467936
222222
493838
888888
949185
055548
655051
845692
965005
111111
888888
488161
590113
990544
799032
111111
968123
777777
967541
666666
639933
402866
500392
203177
046943
453942
777777
587973
907446
379944
137483
227738
720463
003542
434616
040452
574634
155556
949478
433637
488890
918977
348449
771093
295784
280657
929485
726315
718328
703992
666666
589124
221049
555555
093730
833363
777777
202539
067801
339528
103423
749314
988289
690086
209089
778978
222222
948550
888888
269752
935510
111111
504639
798753
377235
409218
687015
333689
402910
837474
729652
204934
820566
606138
999219
838001
895821
009544
210102
282058
394422
999999
920866
453346
994879
803440
027911
809075
421699
026867
058065
804205
464630
684416
430562
242670
435939
448514
888888
044198
893831
322831
313567
222222
928582
146522
343467
040560
000000
880136
608396
033110
092629
906301
850473
280696
125063
152468
913376
222750
805522
888888
222222
980042
352684
833827
422915
443406
876242
614302
787020
710912
407347
389984
944373
902645
379614
209062
237772
824339
247439
950121
144833
999999
688800
098732
492819
111111
338557
984640
633121
476543
223472
530724
035859
628927
901774
555555
698445
310877
200734
666666
376012
423069
914481
237130
931250
324547
888268
777777
432679
157995
444444
611741
383914
783710
777777
908386
021493
555555
921540
692138
566217
275320
222222
556902
907540
193653
309445
600524
147098
403644
739373
309030
324762
350032
421448
200297
805333
396055
580185
222222
862126
818716
980560
729912
209532
594232
965634
428037
184662
533665
992002
232940
689413
719692
808978
144537
378040
112436
329056
742758
777777
227759
328921
401866
901623
070908
444444
350907
204086
429386
834181
857566
514827
295478
439649
895309
086528
257064
983817
032907
922006
512111
832637
398693
886813
715901
959761
627517
444444
588676
624799
444444
062883
092977
485727
142629
545878
349244
508763
650849
900833
111111
848763
760464
934354
444444
587698
485637
642605
999999
768440
079362
652676
924071
890545
093474
608225
898692
283097
828047
445932
771991
057882
222222
764237
334006
658665
283393
450505
298956
534663
346941
632601
038592
099917
241545
937827
293678
697497
023982
469461
094878
063665
025442
991186
225448
884118
136512
099861
393993
227128
384861
956305
666666
595431
315483
389362
901093
380029
222222
481262
333333
493207
160418
108285
434861
339884
000000
666666
939554
272513
762363
894522
330878
382521
411979
467995
076957
280343
648232
377534
796765
930950
280959
813640
593696
999999
891152
777777
754531
033532
894167
134886
090842
629050
777777
084476
054302
538762
420709
236469
501013
518447
898964
237807
579347
882843
848246
980233
525567
808653
327411
443234
087754
557772
888888
889610
722343
093585
690359
980654
094574
445842
222222
260324
478128
342074
331455
222222
250699
999999
478029
990422
100434
355257
692785
069230
015263
237410
680631
495182
979806
897043
746438
109555
054891
837384
444444
763772
890519
974337
346426
928207
983436
000000
222222
104475
777777
776860
963417
579695
420876
394174
083135
805691
045482
389443
132939
023418
089606
811299
919883
585806
038485
138443
222222
122037
548733
990487
432848
239084
877243
777777
427490
907394
595081
868727
234239
462175
508708
003503
620672
884977
891803
053087
634789
321779
868573
058051
212082
147809
222222
394006
611801
947285
000000
723648
111111
872971
333959
933922
444444
666666
956271
074515
124517
672692
935479
486591
222222
071607
329517
926165
974013
999999
999999
493937
224537
693188
535432
068541
992663
998775
462295
471831
618923
999999
999999
492221
475974
067522
931525
002548
000000
530203
938089
444444
027963
045979
053655
733403
142268
529883
558689
154461
371844
016480
092735
044203
173682
273515
896573
666666
493327
202540
888888
335732
299886
223926
052175
278431
680644
594589
163821
140413
743260
303697
904317
970655
796423
946481
623624
952301
393682
940044
320737
184511
930591
085447
280174
730691
524116
354014
892276
777777
999999
015120
555555
450425
427800
321448
333333
407686
347526
836932
487049
570086
890237
728047
518902
222222
418887
248971
752708
480033
397523
000000
543686
968766
492971
933138
777777
125835
052928
432821
092543
803205
404333
651672
591140
532279
353303
738628
496968
624976
389485
234791
462788
092849
846945
000000
607165
078447
820295
457637
629999
819680
489716
216554
053076
293747
866315
450008
864329
807154
569577
946272
544881
428152
436195
563605
184802
226484
986257
249423
444444
030009
410279
538980
293240
444444
802167
357674
703646
973668
069043
444615
711357
941671
633160
499687
828945
027733
533416
734974
510730
436621
191229
532963
779639
222222
439102
128142
453463
333333
298226
221925
064666
330035
025310
358669
628120
079580
470666
955881
198733
104120
784466
999999
550026
388197
196921
048717
842836
862545
550547
869141
288464
335435
213479
218862
605833
032524
034905
805041
062508
484731
054430
570924
786546
140464
708659
392682
916673
341842
882074
258683
777777
458785
312146
000000
076025
666666
156683
730364
163841
787591
603421
702565
013223
459845
406183
707865
962776
408944
698793
275850
821283
949609
111111
666666
341896
619732
029845
364471
244076
222222
442227
666666
104117
094138
208594
158645
963900
472706
423583
464523
342496
506779
400929
230908
932311
413585
969895
604964
342532
777777
392317
272987
970111
679283
642528
403935
394836
086900
465376
444444
553943
845644
494403
499963
710435
383075
131197
229436
020525
247242
888888
323767
370543
902441
079436
555555
753921
403337
630993
999999
251933
598045
469541
674343
998883
444444
444444
042147
253681
298016
148583
839332
562517
436912
384440
111111
231829
213042
006217
301321
740251
479881
881083
103546
440081
623931
800779
526355
535368
979875
064037
832532
111111
129162
666666
555555
320955
448426
179872
826083
222222
390592
380714
794725
939422
409039
618025
707728
444444
396950
306731
252897
954047
018031
817994
043927
381673
997065
592535
333333
953937
342649
222222
242403
430064
666666
777777
026517
063246
419179
755452
070447
065429
989465
888888
872766
041787
111111
924579
092840
980835
227936
131535
044481
438887
444444
160105
009260
007507
466751
431107
794670
898921
172376
499726
050005
300363
502677
761287
632761
728059
024952
533263
872724
879989
820491
327948
420735
950437
210021
740127
802711
380524
758598
324330
721353
082402
850152
909437
734551
212970
962281
066347
304942
516451
868783
777777
214046
505812
129047
444444
512912
194065
413808
925815
743479
829782
962988
068870
720933
967481
748601
008070
999999
891081
498867
295126
244489
909021
218066
068943
809738
387036
970282
001873
207065
807416
628630
111111
605041
756538
434940
249690
270314
353267
720519
435231
321015
739731
837441
804204
448587
100423
009561
867022
141433
407454
601131
888888
955749
866878
656939
571636
444444
356149
615507
405403
319959
609497
013842
400427
988446
672831
779922
847969
601627
563395
384871
083267
357371
333333
986171
157008
782741
888888
971926
479520
452841
698686
873871
494228
944989
378784
333923
096685
828171
096621
290005
888888
356695
336791
852050
394923
666666
513630
319499
123610
930374
288938
801426
463580
222222
349007
111111
082639
208787
495574
658672
379858
999999
807631
000000
247815
968589
098865
000000
153248
813841
666666
697715
960775
713085
406212
784162
056576
175676
232586
999999
106463
392077
642460
294946
947103
320797
023738
095472
693931
687217
350877
421116
444444
522865
409595
555555
555641
140665
111111
777777
490785
940337
338133
864183
228220
158645
492386
174708
961793
131845
869407
959066
286081
969663
924023
353334
597696
304666
432516
714024
350800
827807
464331
928178
318307
877707
528886
653489
248445
337476
023612
345712
234806
498574
028971
638852
306906
442368
625060
555518
620977
842928
184465
673047
422332
543133
359034
121089
882061
934952
481627
798481
420257
074699
237984
908603
957544
957612
335212
730148
172697
666666
080648
468480
233089
939697
999999
302830
066425
822570
668043
111111
734281
865095
124995
183225
761826
089440
960148
349451
317056
285627
782126
149107
111111
004343
798686
334486
019572
654032
103967
964697
889342
720172
388250
313848
240645
263337
306889
871638
050541
228523
804763
624524
268173
829875
606192
312973
793679
648131
959133
998375
333333
317839
000000
800893
053390
271749
163584
002843
056194
999999
639164
438232
872693
444444
222222
888888
678072
888888
920684
137048
829634
937898
389539
280763
222222
439145
893373
582596
789446
920518
817546
243464
162416
931070
333333
986607
666666
518860
444444
572316
830900
385686
337148
651641
596796
646851
379947
777777
264343
948746
750329
296868
340020
971479
073536
710267
877907
902043
853112
303407
426590
599029
829590
640295
456108
840522
673626
415661
123675
389317
243871
839917
151634
880177
645091
093469
613846
822490
893892
699456
544670
900835
832057
960642
432936
542126
284502
338681
280442
552629
062683
444444
744241
228676
104565
332331
839424
069543
394618
803884
000000
824011
519395
700277
341565
051861
217486
242969
886448
765161
443030
289966
456887
467444
904778
905568
023696
480726
833647
258607
673881
444444
442141
336819
094136
677737
888888
493527
222222
899815
346695
800164
999999
350646
794800
790810
791605
703606
842921
319732
184777
315080
211618
333333
992432
438247
988302
823933
000000
889430
851067
198902
483696
578106
858335
404479
706938
551195
312567
708729
844440
794542
935710
829555
172372
888888
000000
079703
999999
086011
992849
651981
393739
083420
184847
719961
964835
189251
012849
000000
886601
909065
960560
989432
742067
029402
900752
293569
209535
908366
666666
072845
130120
324694
372457
333333
784939
496464
779760
513692
333333
828045
849693
073457
999999
060025
255483
005921
382050
268065
771015
352923
623944
332613
482569
555555
012270
402006
268455
943537
695536
999344
123778
944676
999999
299475
946686
340521
367447
517155
131475
983815
458986
678211
788072
009874
888589
992439
331582
308038
992120
923262
008383
999999
039383
905301
018151
333333
389845
605486
459468
729871
324859
530821
777777
681081
398794
334791
920571
808269
172027
555555
023361
966400
117997
490047
666666
339382
889048
333333
843648
996066
232287
111111
788231
679622
273422
300476
449873
837128
498220
822411
543131
038051
415282
339800
843632
594570
394527
869082
358497
393201
448219
258836
434054
638162
414356
201868
399559
881377
432746
743070
546686
488266
405132
043423
841143
127244
958393
760885
308705
769682
182760
463882
287729
273106
900576
950212
004274
111111
918326
986985
888888
111659
354699
034905
888888
074316
648543
647823
555555
333333
288485
652965
807255
324352
562741
145402
504072
873670
555555
444444
523831
929088
318741
923665
808834
333333
950468
306141
515466
928153
222222
674203
969098
419263
548702
720020
435792
301840
497171
400143
072875
819088
893193
487810
511475
999999
330180
674495
183941
179987
867803
025608
999999
107142
748408
453635
810470
850982
132666
056016
350499
384936
094060
659641
256299
480631
907649
333333
603113
248402
312047
375813
325315
483775
301124
138925
823714
203086
067942
636033
002020
760512
069046
898742
928878
039047
100399
029006
549057
883857
191791
094780
433920
523498
000000
287381
722543
189585
038697
797574
624441
331357
953908
959881
921000
780963
973572
375589
410652
818582
662696
349871
497088
088836
901043
288883
590600
665041
380082
447748
334073
539907
462553
444444
192071
338677
529183
333985
977253
666666
395032
681485
049626
878372
235043
082323
777777
200981
664587
841161
454509
503320
806585
448787
428662
777777
032871
578443
803973
963705
597907
695711
409276
777777
803031
823556
258863
777777
063645
106229
036833
888888
787663
203438
753062
589961
243671
946779
662130
994155
888888
198337
516602
044567
089876
333333
666666
222222
498744
667253
918165
577209
323330
438100
686988
764616
878940
353584
279978
328882
344784
018831
731871
223740
005756
988577
927392
931812
045983
399157
222416
122940
383489
220534
474548
583026
638542
503443
333333
008763
258354
555555
607007
870466
545043
206432
588709
850686
925360
402399
308052
822205
555555
616236
368436
983718
325253
033940
071962
968556
998266
003500
334080
142718
993898
444444
328061
983090
444915
457838
933416
032041
300411
075287
280262
041312
338988
111111
827416
507546
873472
036427
647921
428386
711166
269283
581000
457372
532209
187883
279735
558442
000000
856576
388591
208435
789346
732488
976483
922109
000000
959570
700599
076635
222222
525760
839636
555555
357246
719489
214658
916517
838950
222222
444352
014995
478609
574880
221926
631870
865139
093841
877882
738577
443822
321737
083392
278668
847859
319642
894864
227486
173642
865864
399307
229798
762093
833467
891657
101071
299452
988329
557717
598509
891633
855719
947082
983027
733671
842020
724796
530718
827297
286857
101513
227659
824522
909523
127685
355975
525480
541679
424951
444444
585947
861793
071281
982665
444887
139211
346275
844532
215567
444444
164083
104968
420925
129059
523724
234152
023634
851437
443057
670646
888888
783283
860492
901462
000000
473830
343479
293562
339221
704215
745421
666666
888888
930488
111111
444444
869776
917999
777777
613935
896377
303101
603087
222222
454766
929517
326130
009136
000886
040623
961677
064777
460957
888888
349567
238085
999999
622076
189072
748408
532473
111111
888888
712016
456885
028027
804170
289768
228299
881538
666666
640692
716893
521267
095611
434661
571806
910353
219113
205769
247262
803017
754412
777777
933934
750442
753307
741425
622063
342746
992354
235601
403441
229851
314661
446012
234573
289410
029168
204663
746030
812842
222222
110507
613842
888888
162969
243118
000000
933886
089771
534119
438286
620544
925426
402084
907609
490436
318042
999999
856665
041320
313279
367190
777777
472614
143524
885566
127544
777777
818428
624589
207485
165302
473122
441650
015583
013251
944149
506930
543535
662112
820665
999999
299369
932973
350637
246631
332870
879047
459826
896925
333333
898609
347943
676089
833816
566767
722186
745136
444444
248184
097658
496531
045011
574741
888888
458545
389462
293047
401393
288903
100683
305919
058304
419810
823541
999999
928392
678662
377691
333612
545097
052188
650866
537791
627902
812781
000049
481339
204186
698032
895923
932847
082044
424846
444444
442811
005654
000000
952521
555555
708098
273298
352824
017267
926083
739912
960094
502250
913861
999999
098203
338484
175632
348901
280933
417037
336643
666666
302179
808582
344922
989469
634425
363891
612636
218919
984217
002992
643445
422960
077115
645863
787577
882500
982722
936333
086475
182513
554248
199640
026893
022036
202060
570295
074271
130765
673616
227934
852861
444444
555555
004163
638335
182726
984177
888888
303547
837132
092282
834358
777777
407961
003544
444444
683849
742404
008102
777777
851803
290383
941863
777777
606337
550488
220348
277275
443691
334840
874989
276577
828733
555555
046969
383178
547974
444444
920577
928816
662925
938406
423306
871030
818447
240137
111111
996612
085777
926622
932603
780175
792343
970910
888888
379880
827422
306648
139982
483881
839275
754747
884031
338035
064231
092632
080970
260044
585174
777777
441731
005251
067437
862521
540824
024029
829895
502090
205379
806643
644940
333333
894075
979482
672443
111111
337750
901834
278266
720921
089740
358980
590143
569190
695753
959642
999636
822734
063478
751874
389718
927972
908333
721219
524632
704915
089096
658029
692065
383185
089593
781827
926835
234415
002935
965283
888888
263336
000000
794947
594119
777777
388092
098110
836586
307742
375770
245233
977629
110647
034553
483000
691649
751930
111111
359550
777777
208132
402502
354041
841481
333333
543798
200148
999999
818837
340875
292434
889288
930483
583732
991944
833803
000194
855035
510467
333438
155162
444473
940679
569026
306913
013668
111111
297077
249303
888888
645061
409432
336077
983537
382995
666666
874543
399384
083585
284333
382580
388285
717077
999999
176019
358861
134842
408773
496576
555555
666666
696491
369630
338615
048323
789826
752459
193523
709925
298278
763575
529875
648407
329917
240529
213457
888888
263144
407061
830985
895251
007137
209907
488984
024177
358418
360094
984212
337572
424068
829542
279742
899425
333333
703446
777777
741507
333125
192194
708873
111111
003611
588643
092602
047985
442337
570349
794272
954433
230816
094676
849401
207735
034340
484882
580183
449941
154550
782882
335700
111111
893586
163326
333333
787929
846235
862489
071488
415390
253940
899202
474573
498482
141495
430753
885072
188123
183670
681479
438044
958359
543609
484861
215631
464813
024309
751443
968301
104631
869936
639796
391888
370484
996175
938975
688621
089420
203001
813567
197673
304345
549529
142662
749031
387639
340464
022641
208044
034689
234808
598932
036913
828746
682520
312172
502791
790161
655242
212663
444042
544549
444444
543720
069538
140166
264075
303512
203548
634457
304969
249122
880065
145475
781363
039955
181469
275486
934425
236326
290761
852066
741981
555555
222222
720185
172581
492620
067674
975628
222222
894903
670434
880236
924662
462938
351940
789454
579545
900692
340756
902880
405352
943186
455519
790286
229073
837577
555555
049514
104578
100900
883563
833326
960016
332336
294975
333333
100594
880465
950609
478284
703671
534617
192060
666666
104929
492807
130458
990454
863678
130643
839772
690551
837961
207961
050767
027551
790532
734268
845979
666666
933867
683943
926761
574680
508691
939965
333333
783647
308112
388423
865086
149809
222483
343545
818669
931134
824598
429840
908981
305427
065738
951491
947571
309038
831881
528134
978408
232563
888888
320806
049840
838246
029642
898893
383088
329639
999999
289002
222222
911083
301740
946601
521869
801952
590150
393591
633406
192773
291442
920937
772893
133656
730952
021594
081818
841933
393123
051890
310431
401072
447065
199545
082435
009681
282627
341438
764442
084749
962424
031595
299090
229633
613465
213625
533875
666666
648993
000453
947982
432682
647912
882685
963001
888888
231047
451816
288971
092513
965233
977472
969329
555555
048446
887841
538663
968073
393027
002463
724714
930537
918841
327550
340801
425984
688477
092747
888888
940162
202526
436563
274385
792976
883655
034891
751932
888888
499831
450190
147669
168013
401885
446046
603988
093846
659181
644737
282067
628524
404957
661979
660422
048566
831223
819918
319643
640019
902333
892984
438693
322922
608753
723922
120882
957805
525581
337713
979976
897061
018293
797814
981647
163820
868531
899643
934480
901386
488656
312480
281225
306676
694183
591955
831405
801507
294041
939133
723901
888888
631166
264664
204669
829126
111542
007811
398449
111111
087786
942525
444444
775014
474592
789673
018360
132350
201343
281898
237341
848942
328476
822921
920588
712080
984344
280164
641417
190420
390694
353838
447416
031485
645007
284045
850435
171533
848214
314577
069248
440055
893025
333333
018272
305236
094543
324172
676698
538823
385640
939037
280645
558330
815893
904046
777777
151471
390686
424272
248996
841462
228159
258696
208272
908356
388809
282073
888888
480727
327532
222222
729981
918501
333333
443025
065195
302230
902554
690974
137941
405137
527780
284506
104575
390885
286798
149076
573868
555555
999999
711679
134130
581101
994241
888888
462578
800341
488545
525508
514888
355661
536043
777777
444444
629908
342983
333796
159257
444444
458192
710867
083335
929255
430028
739144
801725
842868
763612
497080
028329
750951
801122
427044
384718
694136
644755
962311
272678
208472
559947
969669
242427
238342
488141
087198
382176
524645
858070
996637
168840
127718
357463
831350
935501
745865
282540
689646
452153
999999
708814
832261
837068
567535
511343
385942
589485
096992
982503
259807
824781
439477
331812
930803
278564
068267
888516
291768
692523
837366
090879
600168
243962
004963
444444
888888
846382
388493
570564
995990
706471
148469
569416
499069
762943
648861
280536
885089
000000
680843
980747
661451
173922
430796
170461
839789
300412
589337
042025
296670
573399
630475
929775
175696
290581
333333
918260
404315
484892
321362
087481
285363
732051
983286
462484
389359
401163
914142
700954
294668
427924
999999
090467
777777
068977
333333
268284
689583
750772
764655
048683
158983
898776
588785
346020
860866
074441
835585
608908
112542
368252
666775
853436
251002
282997
654058
014165
783097
930522
452364
575581
578832
008054
194787
666666
143156
132380
765961
663438
880914
097569
284144
428365
348072
999999
444444
007868
820125
503696
915363
021102
222222
278933
980486
050056
429586
996185
492070
494481
598034
223865
824721
960692
273034
274871
164064
907665
539226
108549
587965
048989
980272
324794
809420
588661
222222
909444
613527
890822
340137
848482
987686
888888
222222
614598
343144
585232
010535
400535
690534
988583
999999
086580
075435
999999
290667
209502
334588
238648
533298
693079
702417
020014
131375
243581
097936
749087
280434
925307
221825
492743
286073
999999
894236
280802
889246
726728
552931
055228
899885
319044
276488
123223
259488
103720
038921
373443
631563
844376
413107
191490
628667
350932
657785
264529
922457
740661
230541
238020
932673
885506
254158
142959
919487
725785
424036
930679
222222
394668
135546
148291
111111
568126
502905
444444
229240
598951
643858
342815
097344
546602
982821
273058
324729
947585
090285
777777
075573
483534
824284
600786
428462
555555
413892
534519
282140
222372
754267
188748
611601
084407
219658
847246
494668
145574
030630
000000
892273
288812
946007
088581
193593
909348
928460
111111
722476
239325
030595
081732
042767
888374
820044
339440
094503
130693
233762
395563
999999
803630
324692
966875
123327
881713
196953
909891
181147
682525
800361
368590
719505
464095
077687
345319
172177
312727
812351
509516
222222
333333
528913
810615
800834
208517
437011
228682
333333
441125
894426
018672
380784
427077
235434
974833
085323
799587
039182
226251
198038
643228
588420
798811
329669
111111
437727
339196
432632
418432
406565
302945
546024
199820
948924
764678
696811
051690
987018
032364
775028
909722
333333
332569
788844
452344
434803
897922
444444
782546
210486
756841
841983
272332
706603
113611
815522
997116
386138
489623
176286
503016
515925
849125
212648
889136
000000
398636
531437
292029
991166
384331
998581
938327
438488
897553
373663
893843
968553
638598
047762
405086
137832
558355
559839
342541
424037
111111
328543
844545
932625
024293
759536
782979
499192
240981
555555
247661
579870
529038
925436
219545
859814
889562
285468
777777
555555
146462
790029
813181
073924
694932
726303
993955
926962
283479
939964
040341
424337
999999
244586
406974
832247
948031
080955
393370
221028
989945
473640
295647
798483
666666
817732
888888
000000
332682
929611
781643
393686
283583
984621
580865
201536
510145
197556
888888
399278
746286
223176
399066
758080
774593
120004
330927
458465
199131
224045
111111
878889
242737
670927
547061
512942
994577
777777
076364
080864
360939
892283
581931
183566
244799
064016
121053
824017
660211
555555
036497
666666
206526
653270
507873
468032
813947
879980
987258
652514
120721
777777
472565
408865
840137
313829
319030
605276
231474
756619
127762
288595
749065
328406
658132
104955
945972
451432
383426
666666
915429
410641
444444
964637
020515
914621
154585
333333
517682
043729
666666
858539
398246
385255
982567
043322
631448
019180
999999
442787
383829
634560
322114
830097
537520
011862
897018
598873
400947
129096
702610
407772
980372
156275
833645
349782
346169
900596
087130
095596
475460
601376
934530
354035
996838
722454
173568
444444
289773
264086
988176
438639
819923
177366
426401
998522
265341
348662
200181
200477
412763
288681
444444
998549
316540
278500
062373
222915
882420
272183
666666
249708
403560
663441
999999
347682
009532
684069
200575
984521
679075
643879
035644
119497
050075
090727
613073
092382
880587
174020
438830
983486
925033
083042
894287
705051
783001
396602
555555
112578
825221
133922
510685
681805
730696
418264
747179
882673
342989
754180
522557
508971
666666
633253
924034
730648
328438
987680
981372
604185
999999
131682
634258
585890
630150
432221
000975
809080
024752
111111
777777
722527
073813
419986
252420
035762
715665
203730
213970
954125
357003
046788
899676
803592
292163
694567
932743
675671
834842
426798
302126
555555
975421
894875
361037
868416
999048
575372
053908
202168
337068
812681
333267
372460
476880
399953
601377
390970
665222
684399
832657
628474
413553
288163
889677
000000
444444
405087
094632
029575
916384
064885
895362
134607
658972
067007
280823
603201
293043
864587
292538
410676
522727
014629
888888
269288
993765
267867
255682
879428
200847
802397
914004
720466
888888
769636
574580
033427
948141
983356
764515
983413
777777
111111
447549
368630
582056
688333
537967
125040
666666
238752
981440
281477
142561
835591
841725
040397
382406
890538
289086
338321
269473
024676
867260
298026
559551
804878
934760
936797
945943
161076
666666
048131
666666
888325
526803
511876
043567
781174
816586
725081
668372
720131
408991
862579
895925
289941
039883
222222
012853
379428
962709
611977
122430
968488
157662
000000
945448
528982
094262
000000
018306
870405
507641
192148
817842
564905
594705
346801
764004
464627
111111
905975
942664
743618
349738
408849
811881
390677
698832
092636
020969
003452
931918
105003
777777
892407
816689
111111
791016
630031
284645
888888
352053
722506
002741
619436
042300
847543
161660
006678
555555
603807
806266
934979
920375
301432
085665
314966
468692
270745
445896
424426
499210
607802
754537
102716
519364
444444
974093
749457
748802
507981
753131
837093
987075
000983
777777
013682
902884
555555
632170
293905
702043
626570
593465
019639
303931
888888
077436
666666
745196
015624
594785
819235
232835
325377
810386
752404
442119
213658
431956
497170
037605
109856
901929
377662
002646
785463
222222
614775
140598
344587
988743
183416
343971
444444
792517
599024
720645
015453
393470
489454
045182
404868
329026
210956
069900
926365
865895
144512
859448
340739
511311
153993
887664
641907
846445
992386
418962
000000
562091
021106
074523
407657
222222
000896
650876
039841
502047
373595
622843
999999
000000
228881
799484
050676
222222
027607
489087
242203
430234
908531
769466
277692
216732
222222
888888
540340
827562
010572
642560
341444
996553
098163
019611
398812
632926
200001
094444
307766
666666
382243
700062
922054
296849
257880
409236
233643
466173
280471
086141
993072
307481
230823
370200
628016
789042
777777
433276
378600
220886
666666
738656
362675
696680
238737
098478
896524
489830
902868
343702
328631
725615
529553
308233
890666
836864
068516
000856
882296
384333
555555
077327
622838
205991
727268
848236
867493
382565
920920
422819
449773
386852
011920
965006
868358
193988
688628
474968
136581
978032
005409
853184
140672
008870
442103
980777
640040
350425
273764
323263
590596
869241
444444
222222
777777
997839
302459
192584
458786
779185
880423
203347
940533
142828
333333
888001
242516
428617
222222
999999
667727
507780
234664
478490
631573
894892
666666
298523
349174
037878
639469
120955
477481
024261
281184
836670
583055
483571
893557
122837
108028
691162
188339
524173
586374
444444
084655
927667
598134
047373
824951
444444
223466
243116
603852
793112
669048
392856
000000
000000
461251
330404
845907
403451
606308
573136
640943
222222
012886
888888
296556
121125
387473
272011
301403
122614
111111
828490
999521
000000
777777
836882
368440
222222
969028
797076
187788
402061
702951
742010
666666
289332
786131
232095
669064
906281
478832
893401
777777
633839
979136
249403
666666
838565
498762
317778
322086
195840
862032
895668
439444
222222
934556
568997
833516
603069
926168
046672
220806
262280
379941
522171
040465
883926
022463
270821
954234
392623
777777
095902
303985
224701
360072
449085
042589
089904
538264
708777
738877
833989
439087
223966
901954
733589
199228
843232
896005
876749
504582
332948
039496
303883
497026
481540
845083
012158
406656
924912
468664
507163
880073
333333
888888
754207
234026
151143
987828
398754
223468
996472
580532
909933
304071
202814
306996
983625
784422
762849
443660
037752
069902
875006
457851
432742
282617
000198
892479
495025
555555
852922
888888
000000
300003
199574
004302
494136
839543
200341
777777
739982
111111
140587
330462
569468
178665
669873
759652
542612
789735
508828
066896
821781
286232
945206
963975
465637
014986
258423
984016
685535
358932
885498
886546
254843
209333
469677
358662
288966
257616
890435
703544
340018
777777
373931
143380
430096
494432
635204
390995
213934
579284
394464
482874
046081
694669
645206
354604
027854
246391
780423
607586
829133
552563
082753
340681
235485
080777
393135
829065
084911
543041
960232
664074
008991
724239
210789
086651
926432
405279
980035
638639
880487
763697
758265
491476
404938
442324
984149
969971
244575
862526
170424
874926
906438
999999
028984
906863
221827
784293
264235
751613
000000
033267
908808
111111
922484
122214
104302
701742
949692
900072
861133
089429
379643
833087
194434
437044
608664
888888
273078
931634
883480
241139
444444
009532
978004
239730
666666
992584
176046
566525
825223
167625
000000
103642
569079
138069
389547
332472
523620
555555
076516
027387
666666
435079
487684
070093
333333
583472
510276
763847
402707
828485
880821
131459
260082
005212
052879
558465
125047
340033
102232
388492
999999
985078
274937
013896
889412
855681
197996
336050
087924
094539
023834
268647
596224
444444
380484
671605
000000
414075
438938
555555
062580
000000
940487
031875
292441
787296
497357
101504
486968
333333
210878
004021
088256
580847
699507
242698
388189
874547
464806
444444
499551
355165
118130
222222
415934
780446
910195
312363
383567
071403
878063
087038
678410
404545
918826
504784
839051
204402
422822
261973
602136
852766
324856
524856
303222
673569
984746
555555
553601
133430
314635
196442
945926
603744
479634
499062
839023
129928
112846
692636
391361
037145
964830
791785
894245
409889
922807
939656
441203
819539
923489
186675
398637
455741
347832
300223
045820
869026
643002
532956
981643
380726
652523
722232
428686
764164
748459
445882
117857
460353
867163
499152
076807
988047
527075
999999
791603
045541
890015
039986
592973
276886
069883
222222
666666
310625
817442
604012
851639
316539
666666
058775
272571
501540
008680
554677
962787
823830
182324
555555
934240
793672
039959
929175
349472
544552
843643
111111
243921
402821
867467
339447
852863
000000
889728
583399
108410
961823
849481
734663
493031
133712
490922
184142
222222
499591
109501
666278
062428
674671
888888
098827
635095
847046
324089
723623
644995
488343
969895
350999
718193
023485
999999
229026
861431
422616
569314
230893
300841
294968
333333
875110
929631
804135
695117
362501
156733
323532
936449
491125
852190
958776
904071
999999
008272
255371
341130
217110
534952
133061
008721
808122
532527
048922
602135
000000
280641
812970
455876
951393
993149
777777
408865
000000
875686
333333
682587
017017
443106
732418
598824
169524
872081
539123
009282
168126
212849
780492
082422
933172
449060
353914
444079
000000
749036
498937
975877
196239
632813
686985
888888
999999
400305
868593
904393
444444
007140
193932
013976
079696
133373
496195
230939
400643
018015
173760
238060
440957
450482
847052
925481
041479
071116
700617
602448
824045
788873
530940
040659
988782
666666
880300
338862
886682
922069
444444
289512
364805
194446
101289
983970
888888
555555
004971
800986
151824
969945
516077
394015
635182
358599
798262
078702
128701
777777
703686
631491
170368
330468
309426
361007
666666
340491
830387
777777
991015
989524
708496
980577
933046
999999
333333
420355
983937
777777
533123
805875
268671
926732
502531
852866
003409
624168
147075
304641
123666
202531
938635
420038
084070
451361
334398
532508
333522
521879
300862
037275
312487
508791
644769
918463
074745
970877
944861
444546
818350
042357
408438
251293
074537
222413
555555
889884
482214
084765
610097
333333
405251
918937
083431
000000
286496
642657
826857
482467
010502
428738
429606
532005
958557
020532
303942
670023
824977
664308
365807
555555
925016
848541
666666
448773
821538
400676
962348
797721
022065
478710
043242
276614
737174
378042
814167
224864
409925
126864
356472
412562
954331
317453
458167
030507
888888
107753
638073
249878
834621
898082
022840
452094
218400
780305
880474
960205
077567
666666
944185
097115
732461
298051
165692
913734
333319
399665
888888
855592
393028
285514
083093
888888
744822
212582
467124
136022
049078
839942
582129
190480
888888
888888
968416
537029
888888
869942
401415
574499
143696
318906
088845
337718
749477
148878
077126
285522
498275
585624
303446
145977
831860
160696
478547
995277
428848
624773
053514
747076
486931
261081
019071
203826
056574
943413
394605
191486
060502
881957
553482
644596
047344
423975
226527
244923
919825
079225
570079
000000
111111
994715
420647
708192
777777
555555
723465
429157
884981
379985
761866
571061
198643
003840
663416
274435
274907
844824
686612
669457
482419
470246
873494
428341
437566
555555
421995
818822
397643
201030
394237
331239
300539
940533
227881
339007
098408
535075
095060
988248
882876
516584
649882
485834
444444
086679
203659
762483
555555
289619
669686
029077
468418
269349
839473
307820
040377
779439
476937
383056
452535
366618
516272
098562
339438
017787
624641
220509
949143
794176
210576
888888
266351
290566
222222
140269
222222
656369
684135
775850
322068
222222
588178
666666
299043
270370
983014
199475
242901
333333
020650
381268
604982
341769
274033
454095
670350
666666
338350
430575
726477
918646
823591
409727
192927
493869
242985
599530
222222
013925
813857
888888
777777
835156
609286
149869
494054
456767
885860
749963
591474
988987
200467
616430
092563
877166
279840
404875
552224
202952
839022
111111
499238
566517
443807
574011
313752
893178
095107
919732
409114
872923
403953
135075
222222
845449
324960
888888
170678
799114
420247
283186
870496
139171
826348
560374
332162
275484
505072
294600
233709
020888
306584
402745
502036
443625
839126
453636
507012
367495
847313
966617
338264
000000
916370
197662
345935
520913
333333
262564
704539
222222
135685
333333
580649
754970
183838
909321
747952
309450
225911
926201
981911
396712
333333
026812
377991
929526
817696
222222
999999
370941
184275
899213
748497
777777
747787
185442
777777
001029
912497
671004
861653
206154
929130
996616
203069
079775
824072
809947
331511
758422
845286
048853
111111
029887
597921
198729
111111
288121
501728
544899
879136
915385
348232
784112
539474
666666
441570
492085
200875
489597
369068
848881
085224
888888
485077
888888
166130
743025
372989
181182
301665
761064
669166
992996
893148
768331
543549
234482
923468
928078
180181
481962
226441
027622
222222
380083
898470
999999
892082
235497
424126
482618
625965
293081
294485
653851
324603
603752
854913
029635
555555
555555
495045
308045
958828
132941
023723
008574
692988
709533
804566
126650
342899
568293
046118
580606
134222
247286
111111
618447
803389
202703
444484
382897
444444
280573
308055
099435
021468
847065
486935
430477
260178
422322
555555
165937
733077
377405
917768
920868
821845
272175
258552
829166
801823
135594
900017
999999
236951
534984
438691
008440
032036
236647
297962
493809
971878
685347
019699
777777
427104
705419
810358
842905
030611
158431
201489
390787
023294
550466
322043
300581
080762
016445
666666
426264
262919
788371
777777
111111
260539
409620
080985
555555
122853
822027
426625
322595
528273
016823
835653
943229
324913
307516
530973
305093
953588
178025
809225
198544
370217
776885
342863
692551
370251
222222
390018
711655
333333
738824
444444
563946
699750
144987
480312
960518
982681
111111
854378
044658
888888
331467
694357
033630
363105
939593
831173
702924
601870
581305
024261
482000
387614
881937
453506
740271
302441
318268
009987
248178
036675
704571
994902
111111
448003
699672
020719
999999
713883
308846
934127
060751
843270
073074
333333
048129
730641
730669
222222
666653
738652
082985
579989
285447
034129
222222
548765
096430
488027
104090
318850
357247
288081
801240
948031
800659
333333
893576
032841
363064
769541
849968
153470
769657
722428
726570
004236
503776
666666
966888
303019
888888
938736
978148
688782
143839
141851
281670
000000
444444
500448
207274
096464
691035
428353
365229
043356
908536
858838
550927
193260
555555
332077
531919
403527
350772
885870
029332
272548
013085
635925
888888
996825
444444
610585
389204
088862
294123
202820
028494
283086
882456
850267
050074
412273
625398
643825
370821
880586
042836
079005
672661
843719
883204
806981
407837
191681
840495
905825
259585
111111
329664
666666
619941
635055
588624
064842
319334
454547
182218
072183
292005
350751
429591
274648
021212
302981
048855
405391
328955
368038
743579
220548
780262
111743
052238
516560
333333
990997
888888
229902
253736
583046
850880
821562
508781
903916
444444
630585
999999
513806
832442
183952
237145
341694
228149
784355
953401
502025
757891
555555
773827
765882
229470
632046
219534
600756
428447
636432
222222
486193
292891
999999
640210
210317
144478
282636
020382
999041
758755
894522
943901
832771
461925
682747
817350
815535
227046
971080
305990
527853
176228
068533
631865
333673
963904
989926
912317
838037
286561
946721
299085
048273
812970
530838
384642
808742
444444
111111
239373
413147
869936
730046
322904
375082
990224
282577
028548
628956
821843
887835
370685
625577
268927
731133
390478
550041
222222
170876
333333
293183
234021
980481
213726
681183
244423
877147
104876
485201
993727
657452
773256
567454
398842
687122
445647
029861
282074
059403
849971
799716
003028
464081
081179
002799
838581
888888
548561
000000
601993
693083
285923
842297
815291
994050
257742
450533
777777
335967
059702
988845
729826
200666
098215
555555
329941
237847
699797
964535
166666
364221
794513
632080
942866
343043
963681
539921
505628
981967
197831
725474
045527
040885
651428
484584
999999
194362
958629
520429
818980
012115
604845
481719
030941
094320
403670
329543
189073
229521
554337
701080
900775
209568
918318
209146
207411
225806
796207
231506
126867
812866
984331
175442
988379
394651
920052
860647
754631
108473
998902
320420
440402
000605
888888
343564
080942
610171
363444
938631
021076
860838
082841
948137
331498
128363
783775
432563
219776
122057
739573
738588
063669
967651
934737
168900
845364
674516
394373
990192
609881
747731
753969
383665
346443
888888
386837
694805
260649
358402
697358
513185
058867
766519
395675
032293
046896
792900
869694
238287
907941
807066
433963
394565
767752
215430
954861
160739
450470
127031
922537
600490
342139
204027
104294
279716
868423
080501
460508
653960
795544
044156
874873
472328
779277
935859
272215
884345
973710
444444
494797
666666
902771
944968
444444
448482
837370
040966
411171
222222
954563
103110
682001
599220
804692
442632
683370
538332
953037
923823
788221
958429
432976
724619
527431
947092
878071
444444
939535
721054
777777
453972
000000
845089
915597
668769
092430
301323
250549
918464
287448
490958
835938
534365
879288
308240
913650
411629
240012
832763
384635
718445
111111
023142
682315
959909
200547
894721
295558
333333
493678
111111
542479
778026
938418
555555
065271
545243
638318
396428
805392
402686
232158
190766
314435
743040
250095
340527
029097
305331
976939
937431
075664
143496
502442
138033
210685
442175
025776
817278
999999
111111
033988
840629
052788
480149
286405
424433
422632
988434
946272
925383
906944
396746
480724
498342
687952
342376
898002
777777
984885
690167
487937
931508
961585
666666
134990
429556
215151
161697
101670
389189
181879
257870
222222
111111
877948
777777
785872
221666
442782
902496
881261
477924
437673
227465
932817
262627
490641
734957
380513
934065
649169
522426
183925
444183
013801
206892
092362
005102
144756
371964
720829
231796
494676
691300
555555
043509
797351
084472
634278
917364
374000
180854
851485
910732
510784
723736
748882
134067
892058
809920
068646
621471
442976
745495
438058
020873
979025
650756
828090
284046
884166
304772
621535
880865
451441
583497
837336
937039
823026
684046
083027
030967
231677
760512
691848
930667
486835
089464
028497
848165
400332
988635
111111
589900
297198
333900
896183
024271
408469
555555
478887
373305
295045
530474
335512
738815
752191
894602
386546
087592
775591
234769
837662
111111
397167
049417
506023
835099
999999
424849
157924
444444
223643
801401
609464
302116
362056
621378
111111
231562
563993
391605
598717
555555
013411
634676
046871
004078
354150
433331
377133
248901
222222
063133
859498
036585
378433
823594
952625
401074
311025
340513
096430
145060
820536
612034
412816
964425
000000
099743
628177
899724
044527
681651
293908
389241
839361
666666
914330
000000
348761
890101
444444
701847
454825
933293
282028
500679
603019
004505
998514
131430
940906
395328
374480
909402
969001
970472
556043
344072
297617
840142
007490
889032
243676
359940
239961
215403
068466
734526
797920
874783
477528
503733
206872
126142
244530
111111
533602
000000
645291
111111
479401
324828
429037
280243
944807
809880
998692
637266
333333
289435
999999
522191
332635
123422
080447
274412
233781
053173
299465
577069
790184
602468
490986
888888
522533
496503
440647
573722
745411
498861
913002
631971
996943
333333
794073
455069
928846
734301
834445
149804
486076
501611
222222
283885
875963
999999
403886
287753
406162
142626
868737
386191
909388
260357
617871
424112
609057
201245
867156
247076
777777
317363
646684
555555
230605
888888
447460
537427
189018
312204
188747
555555
180846
000000
448930
088472
101207
042011
453836
820037
421044
935032
934542
111111
458744
199503
984099
538705
608442
720542
482053
982649
999999
242363
555555
678333
582804
061466
371122
444444
098929
666666
078404
710918
109939
028161
308442
323554
637223
925247
568327
568866
919486
157428
465336
480851
925603
440532
666666
550976
016653
440381
469842
401066
006971
936216
399522
330283
574572
423028
111730
555555
419527
339477
498934
589060
722626
342821
327240
903341
012643
416407
431573
900417
683824
051433
221186
111111
758884
447286
737171
674121
592905
384571
731428
709002
421289
027202
948631
242672
889752
331918
386310
342181
949439
555555
474548
444951
894484
000000
777777
412903
720449
777777
888464
407648
603611
754903
574784
772841
400554
923549
012660
938648
809946
999999
384628
730406
111111
660383
555555
497061
403879
111111
020630
739031
348685
838075
997310
027885
259980
602833
222222
428020
557442
999999
960640
403785
085043
308345
064649
430238
098922
037006
092121
888888
323941
823560
799155
871593
109342
267050
135569
480807
832843
385643
362983
333333
330672
388927
251116
031182
014397
982191
508051
999735
967959
284476
368034
790093
347530
555555
907553
999745
473123
402944
379380
690685
047081
966022
297754
555555
943267
982156
298431
555555
391825
638418
555555
549860
958139
362911
489776
102016
096461
340887
435410
444444
785040
324778
220595
289843
279064
780933
010542
538122
555555
793325
984827
402467
388629
402609
647104
758126
026563
998943
125998
333333
927949
097842
780544
428442
345576
355656
119578
927020
059401
284624
604465
516593
209923
641444
866085
858755
857225
123554
348523
748534
853955
000000
332925
147836
735826
844486
186655
588272
935871
461822
062775
857598
453560
848733
377528
117374
656705
829356
693439
067571
873468
401965
999185
859138
852054
041951
503428
465869
625647
549856
334679
209272
844798
693642
656696
847537
154163
555555
261945
666666
454522
902081
147184
840888
222222
238082
624297
777777
558065
000000
666666
792183
426814
091465
284681
584492
061437
000000
652025
111111
901882
389169
429277
395331
282339
032733
030075
532949
212839
946957
370556
328160
877072
640487
059486
302772
511765
742976
737519
226193
497524
513503
711962
109586
692269
923509
398995
875494
896265
167662
530067
124611
541136
261866
299954
491321
043876
809079
212558
656988
920663
295785
817832
932862
358631
444444
780652
134452
606001
241546
944472
690507
000000
583962
402145
184130
999999
628083
501286
496140
466679
000000
044185
854088
099147
064007
036634
954898
096342
706416
257662
885949
393643
521744
889628
181883
325436
514681
232137
033487
084412
208882
238016
019150
291980
781571
809366
051496
516756
028783
050441
744943
908957
149299
111111
961996
345082
525286
574426
094822
138084
272415
742473
832791
316695
678471
594164
777777
999831
745060
249716
787626
587793
508507
248095
270062
916691
282762
943036
022108
392995
019734
666666
683445
989395
435146
428536
258859
601603
407991
699984
014111
283346
169911
749026
825999
910475
909399
077166
948673
222222
555555
650763
898175
322939
404671
444444
744583
585905
879264
799229
919228
443682
136485
439504
569205
102776
916320
888888
074885
663426
339395
408590
202126
042986
136617
602269
495686
642575
000000
888888
871886
111111
280458
028931
488387
989610
070537
076052
205585
359743
235457
260581
111111
056063
121831
370845
280087
231843
222222
555555
778684
882994
169116
555555
780591
260979
654960
243062
386868
479897
489250
235972
663083
341925
604888
384676
288771
031521
129001
503426
628154
716490
614141
000000
610947
022771
685838
882673
333333
799734
572402
435566
846596
033415
830739
224905
400433
216758
558630
447542
358558
888888
407412
596983
732883
433574
131981
834527
406217
670457
922657
601816
037615
528643
919762
382972
041595
585099
220974
440226
233642
997975
491710
666666
955568
662348
111111
832076
287071
142009
377367
666666
637129
323947
064062
848625
888888
464726
192849
656663
661016
083031
288683
073756
809843
555555
383542
806663
433331
444444
444444
628096
407289
712726
928973
450854
173786
939483
075846
242102
479974
656557
005079
080920
339530
888888
783030
999999
279483
075737
027970
294047
876212
062414
549439
111111
513961
552477
291349
029482
333333
512273
116735
260764
447796
777777
560868
200510
232176
070743
498447
179429
425527
880245
078187
768401
757553
429747
666666
784830
317167
447139
079835
717962
432159
652780
521035
338421
262997
089565
792566
878916
166913
741474
600257
824213
083772
792930
078229
354836
412591
647889
839280
000000
880464
376407
364000
058683
333333
488225
487483
465667
260823
555555
059223
103842
929605
736913
680311
534946
111111
604073
666666
731592
908246
244037
999821
666967
119481
504417
970163
894724
915059
983061
304529
081965
967550
824747
629765
521371
356423
185539
429541
623573
827717
531914
994123
558721
149585
655015
444954
286687
705340
005906
222222
068833
385086
111111
587448
492977
900566
393780
454783
544633
000971
002488
111111
249870
288955
891930
468558
999999
444444
977937
802339
840258
021058
863113
998862
258627
989767
264036
085627
230942
630739
422628
268613
586788
903037
927957
587111
032210
007073
222543
666666
351651
143472
542962
980063
027366
318926
930761
930993
373433
503520
465325
901891
916627
693819
356737
922008
400487
333333
790627
352985
555555
272648
459880
904924
953702
664427
220828
026505
638571
722603
173613
927226
322647
388478
812083
263936
642172
139175
666666
241902
382308
961212
146875
924419
222222
994058
780862
369129
709073
556206
843446
803616
999999
304937
667156
467463
449610
888888
336280
188554
299661
403642
889987
536138
988787
333333
556062
542467
452177
306134
055595
830538
282709
497524
437785
123369
522645
298858
392110
111111
336366
808696
289384
201167
874621
670445
838394
554341
666666
666666
111111
605760
383443
920833
650611
160563
408262
202458
000000
222711
348901
489493
072838
730218
079186
854184
323562
489182
244876
998507
739828
013098
020675
666666
875475
476596
580095
218883
180621
408526
120379
683976
340084
312433
666666
666666
710186
932820
297367
088967
714108
046908
313843
302744
902330
431227
456498
390710
948513
415887
289560
518937
781763
379983
555555
449545
383563
309795
876660
738983
390497
699925
131082
040349
809639
208401
001489
776672
222893
333333
826535
663098
549973
606832
059151
000000
385360
227743
428765
124189
087599
358912
005587
999839
920038
870973
565784
938620
219049
999999
519566
009536
483667
777777
439395
491898
193584
065339
959866
999999
333333
263126
944771
744181
111111
037316
111111
488842
595686
517870
000320
991239
337534
947071
045683
137023
120763
193906
701165
034507
999999
309860
933870
888888
444444
172574
168006
424139
243542
888888
788803
961719
680379
357648
732087
226676
254768
694834
739426
487326
349681
098647
462691
051686
639929
551642
444444
161420
809903
015662
608496
900733
248944
983864
520993
777777
263487
845924
008927
000000
850611
972910
215739
882406
938578
944640
212595
000000
640177
215644
209980
403556
253722
679176
115405
012273
480938
285885
568168
428798
200648
506001
111111
543792
885887
475901
891398
927545
370896
430193
859832
941117
850221
008323
886425
308313
389622
505397
694331
743022
398530
930999
825651
584641
993459
386337
420973
261666
002217
474917
098916
731093
915643
829217
371637
030058
815993
103153
779643
741934
378952
767801
101914
444444
338211
076100
111111
000000
029935
685737
005980
036011
111111
689894
112922
712847
125633
888888
498461
043975
068571
162563
674566
746316
689662
290339
037517
884507
000000
637718
804508
463929
588846
818726
391831
396920
650404
362808
155960
072700
894682
111111
795633
264725
424822
510860
489308
929801
441497
378815
123981
928086
253855
555555
004435
707346
322338
504880
999999
283886
585822
666666
800667
062072
527382
327816
715657
527722
876271
304522
583033
282896
506981
065993
814763
499913
872078
530069
207355
996686
927574
625482
482056
855784
663189
767989
044140
879362
535141
072485
033658
768215
278528
300288
362511
340560
090821
734662
805689
999999
006461
976477
354618
120037
042823
695977
890459
619197
444444
073738
334163
968572
159887
555555
729504
918877
690180
000000
785683
051923
323585
081907
562037
122478
777777
420876
450916
210515
425973
534263
333333
248927
935031
023117
296869
884981
285032
634546
566332
783324
649843
975847
407171
580763
324410
722921
889189
812596
315487
243583
333333
032445
194020
486758
506433
990908
888888
161466
289542
104546
243527
546507
435826
942189
349877
232370
124636
310371
923211
648539
428288
073602
809346
093552
383443
030491
333333
459716
714748
642891
984058
728893
620831
404647
803149
942341
623573
314442
026662
397620
399918
345835
959515
783416
902850
129248
892077
749527
932934
082573
666666
745371
138194
709622
548868
391630
353345
048984
010603
673465
148019
333333
635642
702328
697274
304535
000000
411900
068952
221157
193077
273012
835828
050073
932849
115371
119936
709506
259567
068185
245893
329361
830015
071863
412282
437465
730068
782761
444444
194848
311746
822042
649296
570751
906729
739838
872845
333333
192533
734830
469585
298910
065673
699586
160179
888888
970661
791045
770655
390057
708907
525221
406845
274409
052446
489217
979994
945878
748830
248276
830279
633606
298379
408043
074535
758836
555555
467788
993771
382277
885400
111111
502261
518860
304053
875572
389676
033325
014031
926018
801382
048806
593547
935666
430457
165085
824317
466361
324990
590942
611632
346116
126853
739048
385612
579565
520772
444444
464041
882743
393926
349442
199858
093492
215621
011572
335693
338825
121017
135861
193581
369183
494562
795788
113137
292558
552046
733860
049836
895494
620832
292972
111685
667462
029163
990846
789813
314783
082603
927061
380465
558638
302766
088544
403002
903387
846913
873864
507082
318366
222222
971281
209778
202007
417949
622322
423886
233496
461729
888875
333333
131563
093961
240448
360381
924952
423853
476187
300237
129585
634501
529082
826069
174016
992427
616779
924986
333630
999999
363371
962846
735809
250368
077016
026121
159300
422506
438932
204867
898334
310499
390661
985829
302029
999999
890971
220006
180535
018993
728182
833435
532350
669221
898586
371655
555555
657470
062646
227539
000000
452265
814090
035177
799563
058849
323780
946898
444164
888888
530273
842833
194625
145345
828908
528970
054707
441567
463947
284022
934160
714428
321824
581379
328758
766067
836601
512476
421103
533775
493896
294823
498215
332283
211355
111111
891116
392335
514751
289048
037758
659840
609427
331732
147176
324192
908506
342975
496183
512921
522885
744024
143653
435834
036902
596503
024280
577204
886285
259745
976324
973862
000943
881150
358167
296257
168415
980416
285443
390893
270476
943532
398069
535510
736586
970671
030277
482446
022454
710981
907647
163795
107956
700204
049444
968969
446699
099826
758722
184616
522425
000000
857929
423035
038777
898175
754540
046925
947187
774883
034681
913445
333333
880845
192682
971614
061536
444444
309978
280294
999999
114185
638681
777777
757968
974094
992142
999999
520822
444444
024625
444444
436257
193521
303630
529455
992308
769313
059142
591712
914238
283042
555555
333333
405261
478755
300872
318123
111111
594036
751129
644773
810883
514561
083977
459160
030901
441665
313063
220961
909904
921494
222222
637270
655312
000865
295620
666666
888888
606320
679805
982748
326444
709471
107679
692220
863802
992073
901932
017081
029220
751817
111111
034420
222222
276661
233733
226933
278281
240311
824416
222222
689903
484007
080075
888888
367085
405763
894660
954164
844705
245076
394587
330934
409646
043266
227447
968045
260772
209766
030347
263308
103879
265458
394703
685427
888888
347245
002186
825762
999999
474054
555555
229579
326614
394341
415761
666666
033855
372061
883331
682802
526884
832704
354881
250896
279421
111111
643514
739730
128073
643626
856501
731989
286434
666666
504835
089257
778215
990845
444877
813528
348869
432548
599114
968643
968053
416085
785018
967398
190743
239223
132938
929061
614498
838518
829136
526576
380515
718537
666666
757316
723656
055645
109989
888888
868092
995253
667279
043638
766640
813344
623821
382731
747129
666666
202470
780713
942910
592443
537906
872602
711672
106579
955063
496631
683992
333333
273656
071664
284669
749111
411130
119028
229810
819401
296401
144881
284145
235299
779456
947933
309052
921777
356451
472932
224148
980183
121498
948921
570545
888888
662030
730613
815413
947267
000941
111111
738884
841925
777777
400525
555555
224303
555555
911575
879812
632877
409482
103409
827534
473686
912455
394803
836296
513633
480373
493411
872159
873326
977855
528450
725736
136018
149833
472963
335434
811796
114934
858450
248339
049753
734862
832166
422114
272520
537442
756597
299040
666666
564126
000000
492952
425705
821976
666666
448634
372974
940578
334520
809985
808486
374260
777777
600294
149632
325285
099426
034955
168201
264533
067877
111166
333333
290534
912249
493673
206256
380583
819807
786594
400017
447895
333333
000000
289443
300942
309077
435051
483101
539276
774903
258414
706756
052966
907048
183471
315422
728072
132401
294406
396965
984000
473389
892060
956842
190777
957277
389875
341722
604539
307228
667879
224730
494182
333333
937716
945046
072518
082867
208986
028328
828927
831168
927302
418442
349967
588775
536040
742113
421946
450432
482495
888587
413829
926032
351863
288833
241042
214275
971528
201684
004377
320667
530619
390838
094075
904601
919022
828377
369939
940735
185287
868041
800949
888888
111810
339474
235712
999999
779547
077208
094432
094269
984583
578879
537858
899909
444444
076556
236072
720688
951157
994707
666666
444444
463703
673590
888888
992905
222222
480656
604967
862125
744482
099080
435965
434543
841885
111111
338252
823195
454590
772977
532975
446478
133283
222222
113528
849580
777777
935303
466059
666666
313360
849201
117121
809633
401414
999999
666666
555555
999999
351782
324781
555555
488382
641008
872463
902066
293071
333333
774995
805596
228171
183543
030947
798535
620375
810547
472379
686226
999442
285441
748536
122080
102524
563992
629756
898886
963476
928165
085605
842811
622429
184917
486413
110372
459023
719161
946647
333333
491441
682253
896152
999155
953174
582582
809820
016006
199539
450322
222222
633402
502875
260713
666666
586312
895212
655646
332074
000000
334924
551645
583509
666666
284575
996252
888888
503550
248745
885224
158851
499001
555555
749623
165346
884460
128833
888888
980376
142963
801351
529442
000000
091781
220151
793981
983666
964715
290887
729004
377827
374571
449140
825575
991509
858066
428046
841445
094158
517129
666666
248111
999999
914556
885102
000000
532283
444914
292572
703541
570532
640242
489634
111111
490833
487022
120114
387806
028437
409138
087926
220020
416666
244087
295949
111111
812429
888888
824181
088836
844929
962422
392618
102193
870356
079717
748635
022400
793883
489288
000000
741003
942015
853557
555555
951685
973668
224626
813906
333333
783441
080507
299272
113986
140724
830575
442800
598901
099328
294891
993748
118037
222222
045169
543126
555555
222222
804196
444444
111111
785695
499468
701871
951977
733912
023170
888888
487612
984155
419526
868597
403674
314369
569327
592942
230249
806602
005383
800388
960093
427836
439126
222222
667645
358625
332073
954676
305666
566577
328837
891598
233757
477870
203845
172317
111111
929537
526866
222222
952186
843845
284611
501547
806508
000000
744562
618323
533122
513963
351986
947325
622466
114915
720973
178588
479824
099963
652575
262073
902293
333333
681958
111111
674587
546322
230568
100260
185434
948548
702870
790597
042541
926687
342345
212692
829264
847681
190159
024222
542417
540642
861324
192325
448437
222222
495973
337292
730020
805317
515176
430782
055442
603038
418476
800003
000771
731170
948963
453032
423357
695546
168282
146437
818091
952866
782330
564498
423004
333333
986452
680655
888888
322496
348127
343674
137493
581356
465081
822636
907073
399536
342205
800514
888888
869277
229465
813281
222779
586183
871082
088976
593122
990724
886041
533642
902056
392034
400196
812167
697992
932946
770137
020185
342462
204672
532637
403541
286938
915946
338076
810663
609414
987867
447822
369147
986387
602530
542130
290608
555555
354340
492755
939091
589539
601085
031571
240117
137963
023185
712952
336969
968431
993483
724841
447013
351614
525138
349844
256633
953857
848206
160534
102503
048275
252693
207862
032186
885220
888888
938899
070631
098626
064673
874755
645058
170027
431013
470638
162086
207759
360733
370346
493980
826503
450501
924321
149531
890721
612029
203425
403882
594517
698662
574680
642786
648752
085061
878135
208040
945034
222222
222222
842100
438591
671631
391971
830653
902123
050732
770012
394804
499772
934041
227448
549523
524229
700342
393062
194281
777777
333333
503989
498308
418172
697876
474511
465420
632670
360476
894557
872726
045148
222222
183084
712668
044641
806933
242662
580081
817076
165376
822308
603389
279813
639854
526974
628277
212296
239776
098440
918541
871292
999999
947899
858634
607856
560892
899411
547881
438011
500682
999992
383373
210012
448510
242390
430002
988135
488872
400126
421475
239418
873788
342497
639110
203301
248368
398538
777777
581043
190967
412182
246000
142770
520066
853815
291136
110723
094714
510656
594342
777777
050424
580934
277920
132655
417375
111111
888888
575944
548249
975322
666975
903704
123061
568035
930543
777777
770104
555555
410228
148724
791879
541127
843666
644773
765243
091474
135387
666666
888888
963429
981573
934736
219675
338174
833855
824635
206088
304907
540059
488441
446712
236133
159039
301212
348673
888888
848645
609079
222222
833533
654041
666666
990095
560422
887115
111111
543662
280517
148076
804804
833227
300294
098036
345875
934831
586440
696681
000000
436904
951972
589687
243808
691133
222222
824610
240530
713853
980328
942576
932882
257802
292755
999999
745338
964133
892782
114211
159895
455902
752953
968778
777777
635826
008010
767654
728136
416276
894423
162638
570253
524562
959771
005923
420917
214614
849608
343526
333333
006535
870913
906818
937170
367787
386666
924726
988928
890917
488981
813757
150328
264650
708171
974013
280122
108812
050352
056647
790484
598042
303675
952576
042026
153821
467314
694769
362635
732328
984865
080567
587056
225124
998826
974532
419087
033227
383636
428477
999999
521542
882861
814684
084240
590089
182319
095073
216565
361845
763477
421166
806355
529023
223339
856489
304645
741889
252900
691463
491057
818280
463942
108901
274475
555555
818470
110539
802435
189428
427351
340341
601696
998322
194575
074083
424558
802144
939491
169797
242690
153940
336019
463002
862007
350416
128492
331302
369816
269367
252968
489176
006886
666666
931486
425013
023924
991775
541169
000000
222222
047240
514954
305961
999999
080206
039633
523675
032641
543717
746930
295143
006631
464637
707787
428539
936978
189360
331065
727967
806583
924095
038145
500029
062296
427327
685742
938796
549815
280229
111111
736561
752951
289825
488604
492547
446920
225900
111111
990059
242672
146607
852572
809287
220540
159715
546636
155068
514085
719110
408822
538052
983624
255100
993113
839334
111111
839179
843253
835446
104578
999999
938907
031422
447863
097855
212033
090231
777777
222222
801273
389080
379425
455993
309876
958077
799436
222897
825515
889822
888888
077670
920523
455887
869633
426627
831756
493023
530173
925912
302610
999999
888888
697923
782255
344962
111111
888888
812612
674040
502525
135561
873252
670088
685745
661042
444444
777777
368395
913687
594524
888888
044991
825161
622043
307977
589637
333333
730063
105757
590243
101840
883398
120017
067741
084232
811258
506700
509455
364189
939583
302800
243673
444444
809669
632629
840941
846557
108845
067838
294773
598809
812542
105030
038921
242206
765853
288843
440518
271324
098934
222222
810417
991101
383452
443455
780365
289337
167098
867392
555555
269085
529718
306055
084208
906695
285672
463126
405571
832749
048807
452861
418092
699266
864547
419696
158737
894493
185942
099135
333333
213345
300077
855816
888888
775822
901885
749048
435410
384177
922568
280509
913624
457806
451023
286275
003855
582875
662071
050095
907596
341025
472558
900943
316237
141602
999999
313668
220493
973785
238907
768060
269702
582058
054347
444444
824283
444444
399071
147736
905927
352421
388842
447926
004527
960436
022623
588107
403728
642840
999999
805842
777777
534649
466612
635662
240714
026735
444444
348446
888888
063704
665830
711148
356912
004447
086944
503434
488843
661549
443781
290613
296964
548071
999999
582072
194923
666666
590574
148848
452962
999999
563953
889413
988975
965390
022579
467436
317173
470721
934838
784461
187826
603853
803702
809783
704062
095835
785138
710654
631596
495041
614610
333333
880210
351881
481526
801064
667232
875345
779836
325860
137322
455041
048025
979583
666666
812740
436818
733046
885334
326979
882834
228042
294290
959785
444435
733236
777777
529577
087760
321215
374317
820785
297577
862439
910187
603310
408388
895389
783525
777777
714091
088046
483193
073884
229839
999999
359876
228378
422543
666666
397867
681410
994432
841958
604495
949876
792544
947101
999999
444444
209750
815550
335787
999999
192570
319813
208372
183151
465372
245705
053231
842926
740962
333333
345763
009332
904525
873023
495347
780490
876782
938334
264831
444444
259696
322961
691201
494143
010984
111111
049675
640470
869250
393402
202505
040068
032938
777777
349590
222222
512535
282126
222222
228497
039049
930823
687772
546549
880891
488286
999999
892951
017491
219936
380099
444444
724451
822817
082187
283675
141992
896188
542148
605491
052646
421481
773933
044212
032651
520567
826783
223922
368147
174126
088417
924861
975666
052941
481256
326821
938976
808260
333333
547939
995643
180346
657880
300413
901907
499584
653595
004026
888888
704477
259776
189745
490812
753114
908468
127823
994937
154764
445021
666953
953526
470725
772449
674882
359537
190478
339708
551657
000000
555555
064020
828337
102558
230791
125277
609989
945035
842572
990590
383875
111706
993662
273889
402584
397218
345595
326928
944064
322942
961467
194051
231044
777777
030687
632562
599429
000624
299867
888888
890485
219076
574003
546597
666666
244023
111111
248728
462430
394670
746445
628875
555555
487766
192711
890517
318595
222222
999999
068262
345203
332281
111111
804436
422123
765942
777777
333333
222222
705525
666666
005843
312968
940832
510340
884049
555555
028419
935987
044693
078951
634925
040564
824531
424678
538045
241805
377478
463935
590806
308421
207813
863305
551575
049662
599077
307737
480708
519442
644362
239976
944738
962923
210842
833909
834005
666666
023258
988589
929884
679523
472243
559663
230905
033215
029876
777449
935479
239504
941523
676985
958571
980407
547823
004008
283174
374187
555555
686232
645635
678689
259441
891941
965818
555555
912305
444444
350446
333333
559780
372296
399539
733733
200561
333333
998565
222222
568072
318800
387287
088647
409741
282673
152856
023235
494678
019043
777777
892373
919532
793309
442679
478140
394227
551044
555555
088282
999999
484212
960035
981167
988433
153381
690640
130875
049937
842331
796165
937283
315406
323479
147867
493066
420531
664136
299665
973881
202454
848471
347354
788038
797884
209681
927157
918844
022572
123726
491509
758582
176901
029884
394349
240945
472443
802153
248595
512970
834273
423855
981622
459376
370258
395747
830873
732431
935470
930429
424732
835226
822998
220351
489858
081917
391133
281427
943440
467617
637773
254138
339119
222222
390984
236474
222222
822076
364012
209510
550820
386285
568240
325876
048845
704876
304207
156067
189866
688175
227686
018996
133855
876536
888888
213752
183452
168689
332213
354018
103862
308628
076620
331739
634439
381338
814828
214883
627025
984149
007254
247656
423474
507240
994775
499696
088805
237223
707428
902977
424841
810419
413289
782736
917601
826487
999999
743562
000226
308417
585272
222222
070856
736236
888888
887578
236975
284332
331381
454139
473241
809982
878596
704889
543687
401855
825981
744836
672183
687002
575465
836067
201685
202946
196320
829955
356811
408014
305005
563401
777777
634725
269844
169644
462576
062284
881539
484734
943366
999999
894708
400642
158520
180161
224937
452427
441713
983556
886743
542000
535907
222222
990703
494922
999999
081434
098684
003650
884814
111111
341853
008670
663002
333333
660588
443017
292815
287271
444444
928750
924629
515373
933802
427495
873973
093581
898631
492627
834619
172813
699610
538520
348420
095227
274363
235484
798861
929536
730174
008361
568241
172737
137576
739956
243634
447042
263915
715078
677262
970749
372442
428976
280346
337330
033030
148005
975577
797808
594773
507426
168366
450526
899833
388025
443365
144464
538545
223500
864721
750780
690146
060629
248221
777777
666666
755647
262089
460484
902493
522709
400752
333333
777777
340439
611264
498973
984821
791531
999999
225854
709940
273876
674789
328796
090836
809768
228643
762701
044779
839373
916487
970906
136333
151762
590644
551811
240242
509724
287127
660875
613962
736487
843069
890467
666666
037946
342046
635504
809370
273383
258669
541412
814633
300944
338201
493181
133903
869566
111111
197233
701537
055537
333333
888888
268809
904711
475124
249667
298762
768757
328626
933247
901087
984777
504537
999999
567659
074544
908151
384420
043877
003831
300307
978706
822389
401659
436795
640236
883046
429967
873851
695863
920534
483461
434443
723071
560850
779741
853667
831017
099056
333333
440975
024480
319747
337270
199043
555555
693866
023985
817704
483863
420586
469840
405999
220608
048655
552622
892930
585724
290195
739036
297479
805591
323744
148983
990921
013042
658618
790316
822283
714483
898770
272889
243627
555555
083896
319671
555555
932671
301630
944118
787074
944766
114583
492155
173919
474134
777777
724087
042334
044170
373636
804966
340319
705263
023855
258091
057723
231540
077915
225031
237331
633973
862211
243287
306264
258102
153925
522047
442963
529986
222222
763492
710446
202185
588350
336504
332512
886682
089132
555555
377996
831761
318034
819038
810936
296678
249971
206297
951437
912883
746407
885378
490886
500020
000000
638525
441843
222222
690721
459451
683863
349176
111445
349426
821602
348748
281072
760586
798635
592227
888926
587030
482044
492571
089542
730680
547933
983066
304965
064615
278426
317426
234077
015511
636222
898833
757541
349951
988986
550701
821742
207367
444444
041580
333333
596591
239438
242476
859331
293010
832520
214546
833434
554201
008563
488220
084612
325849
644634
444444
483643
020314
948989
024201
906359
490361
429143
978966
182971
979885
736057
360062
540968
933162
563402
484882
494666
555555
828567
822150
058128
929539
002574
605632
918840
592833
078476
128858
137602
734653
142561
099783
761325
087689
222222
084127
526884
041652
065984
001527
318436
418980
605761
995635
764075
532005
622538
102054
698484
442480
225221
141423
000000
293982
388932
442782
394428
099041
043327
982587
366866
924956
860402
449588
000000
036692
339644
689052
332600
251975
773563
734055
309828
299881
340814
823915
804287
292006
224110
044441
504179
680564
268591
502939
878033
292734
785539
053041
590537
443916
897059
013409
103339
379187
243320
866138
374316
940272
205591
227645
290262
841571
289337
908652
509059
465921
830710
127106
777777
350947
477099
666666
977464
685040
026036
843458
912462
724631
083523
888888
640852
246276
999999
587147
296872
999999
146325
268579
132479
415837
200887
077232
892063
999999
301676
888888
877864
474193
000000
744057
189321
837969
143553
489938
332389
009759
000000
952985
504497
418562
492679
398687
616406
794338
357089
383651
528644
606562
369311
308700
639169
320424
180711
431312
002877
913603
751479
762663
454861
240014
999999
360582
872089
892685
250865
213094
148604
030312
227286
707093
924394
449330
708541
481062
420568
444444
969993
400576
502472
214821
034433
880447
866544
725538
333333
094476
030462
496703
103128
444444
309953
774248
000000
888888
898632
410575
404674
474277
860685
323459
338241
142716
426575
555555
507856
976367
885444
000000
509511
196029
921935
703608
888888
922165
836242
280987
777777
825886
939423
498975
649859
610638
444444
777777
024445
192084
246804
271607
119376
294887
617384
304037
112147
373575
005940
244626
424832
828975
813835
484349
416385
030609
041421
449611
249195
333333
666666
196048
111111
514763
433372
850224
073695
043896
393006
986661
613942
369089
931090
777777
701549
220666
000000
222222
949165
324362
388640
562086
458560
134486
341905
373163
681138
201036
722966
993047
450249
706528
397023
810017
108783
540829
554239
283989
291698
709986
015594
333936
906312
362314
656168
087586
030705
703025
609439
249644
291777
871000
040443
000000
000000
804244
951995
616970
260726
622724
284772
858626
148087
882874
780447
061278
310867
218884
929535
130931
912328
702835
062068
423431
333333
809507
699701
717833
888868
427668
922665
428629
317389
095622
908961
034460
045717
300525
992572
396061
662932
921854
894858
834363
806061
271921
444444
964732
844901
780067
640856
186409
839973
031623
555555
941983
555555
108723
222222
022861
074116
318879
159634
778746
829740
795813
842117
174917
444444
294622
098337
388153
832807
463741
083624
983461
203463
213122
111111
998856
881948
892411
194304
999999
316495
040407
945927
549868
999999
053851
709098
690962
094028
111324
337182
782129
111111
288921
444444
440284
952139
969903
586681
592046
863845
533911
390124
000000
142654
832478
293282
545849
011193
225981
348619
946548
391490
784770
860159
992950
187303
347410
975160
234330
108457
278050
903491
528077
968810
888888
081367
073561
592173
172532
424127
557106
804067
097021
036632
820928
739962
227223
256081
444444
387764
038643
250550
844282
186622
521098
488861
284236
320853
598382
999999
562290
256823
528346
777777
546834
776977
000000
563837
333333
984572
164567
726717
740457
386438
358431
041995
249619
834673
210462
539454
111111
449063
422874
892055
834676
521329
939575
410083
546668
000000
197161
883347
948075
427343
700868
023048
350598
394460
008073
178326
388779
888888
981423
111111
160078
957571
963627
723131
603686
998633
362937
318805
409584
006971
945519
899654
703860
090431
923634
856363
149145
944681
420217
548917
403042
229474
019935
585982
723153
723707
482450
111111
080043
742230
295205
683526
875758
365192
111111
819696
824610
978066
629332
433624
684428
283105
243921
670377
452674
005188
888888
762548
466972
879809
128596
082648
214366
457882
876374
933913
444444
760622
217522
640315
499448
347634
329092
310649
990246
431689
267745
444444
353246
383193
239185
796178
022621
658401
807877
874942
187578
410668
982670
232228
985537
175722
719166
131550
599650
777777
328517
128701
672906
774317
445644
498009
951575
980642
876463
111111
815942
942956
143913
999999
729725
939078
823625
329703
422422
854942
509893
008522
303669
228201
387642
408976
809860
804102
928697
774952
483060
002314
999999
694491
096729
851966
242037
933872
449203
391113
956881
661933
111111
360387
099847
079180
266949
213474
159036
390687
469588
626431
261386
855847
754556
442041
422591
279443
777777
292443
542615
338639
308625
777777
947422
410755
975562
835439
626551
533666
199132
586964
222222
876440
315221
111111
726577
227428
222222
155425
370412
828085
685295
666666
588446
411831
283653
323652
796586
078670
287873
900948
101557
692727
211820
382062
093981
333333
280498
049438
122477
548581
252341
730837
222222
220961
233872
873121
989468
555555
244145
836747
893905
247547
375223
594105
299425
612826
494648
430862
884879
932477
248918
833280
594579
915475
336979
688044
338897
000000
048600
000000
219085
499053
294178
000000
505325
000000
343501
894443
777777
238850
055862
796922
238097
718850
422358
407231
272829
935617
940684
063953
243447
770019
120487
294430
703115
943242
969869
912323
021222
534141
854038
665169
134343
444444
785211
824675
755189
341230
952392
441497
993563
380842
430351
124672
524291
777777
933664
866934
342025
572676
978517
918984
908529
301532
224281
636147
905841
555555
132681
963966
445684
140636
203722
902639
316599
777777
909935
686629
333333
222222
598881
049685
454544
427659
090138
778535
248385
282026
221647
934963
569202
013962
753151
733509
949925
038442
333333
288521
898623
092317
053096
310988
825402
476772
219507
178362
679627
324533
529325
200385
280701
332418
408445
756691
212087
952635
566823
432437
888888
928825
282873
067509
999999
097200
452827
069330
029913
062155
461601
372919
450920
450264
191043
717039
692497
839403
999999
276325
835726
932206
324886
820570
520615
646045
960434
590930
330293
764235
111111
451287
007526
197813
580079
979767
541787
216561
295704
614889
369951
999999
704494
010338
208932
444444
590077
389047
972401
430243
058958
888888
753837
880965
008151
571070
206015
424695
777777
000000
222222
145953
495102
809272
997482
833973
555555
535932
479182
222222
749664
076421
978056
660820
454817
033864
196974
969967
149107
569903
203825
639678
434807
240353
081802
620399
520339
879496
093361
301432
820935
087522
000000
888888
169971
830010
402551
111111
261756
282831
198143
264667
822718
300860
830923
812593
790870
717471
013817
752376
171409
029273
068502
843041
680383
000000
113387
086724
514268
704564
436066
138382
631666
349509
993749
504736
699327
338593
350565
239181
670515
740725
339191
210037
766259
994893
905802
479598
049591
470745
444444
345646
843295
971808
901063
459800
269673
332285
395456
269679
114556
819256
041809
016832
647776
734967
848875
323282
604955
505153
777777
209554
908172
270506
529985
500234
743744
347426
967780
275070
341661
479384
157995
529173
274660
130685
357835
076240
999999
730611
234551
849561
921168
435118
222222
202812
595632
545910
194764
444444
155826
443571
111111
400263
945399
359079
485005
555555
243068
427531
032219
444444
574633
427996
339212
385582
308475
898525
222222
899565
395374
350645
550915
325024
053036
178148
983316
376935
260418
425387
462760
044287
913144
033735
046581
274016
080534
290950
448791
489993
777537
834981
322331
893437
871155
364286
777777
444444
155435
314914
643394
029675
604111
198258
111111
111111
356810
190471
881583
672680
025029
102977
213489
133845
484800
038634
238147
099764
851257
327667
240540
474331
400529
009572
803063
648375
333333
974838
259164
800468
184403
718444
048680
518822
938863
999999
666666
383147
166766
028001
111111
777777
268112
807495
696742
187178
508430
948277
940007
536063
293704
947526
111111
802588
238476
912811
343518
221045
315537
000000
092437
084381
163095
568893
745346
084865
538515
204886
306142
938446
844913
006175
499520
776762
120943
391865
376801
564895
858999
526717
259086
884965
028631
968912
960971
160358
111111
146343
123528
818978
907186
349908
622238
946324
129027
030872
139566
851692
319580
988216
555555
806973
436543
133031
132596
854535
907468
960436
896717
213727
884001
777777
248675
555555
734824
308087
101171
654154
261033
407002
458056
463285
798706
399007
637125
512005
305606
730349
970825
993655
038403
859494
138965
403101
312964
374793
460089
496512
060435
608894
375426
391421
826735
251139
087173
288717
777777
834245
480932
159261
483041
222222
408377
085944
949652
333627
126458
807474
688246
388174
432808
809984
387516
930438
843212
548965
753524
000000
312489
919559
315061
649633
170148
111111
607326
802675
870679
098401
227636
866892
464509
566904
486627
134260
244847
718992
163189
024649
931066
369769
825341
999999
100716
286531
604945
111111
874266
988374
089942
221947
742486
333333
892656
999999
232927
736242
038854
988348
323023
222222
870386
003383
333333
611671
988776
710342
336219
668471
323939
848661
923245
606238
925675
777777
255315
810493
164120
451806
902672
547816
689939
719074
443035
139075
491588
444444
081771
411699
276079
202079
299362
926270
120680
923660
883595
544826
119878
833673
443923
500662
008277
901701
383772
320273
254096
092217
651464
674576
999999
195553
386127
130629
374165
664007
418701
483959
348743
579326
452141
980426
903985
378479
895178
218376
013991
987846
495924
337246
111111
811480
784819
980538
819417
450891
713753
872815
901593
911101
474681
245668
494047
997867
717496
666666
352859
043951
503041
028016
214377
762871
488641
595271
525837
888888
493242
798711
309277
974565
333333
411663
698037
967777
134343
222465
750693
688906
649702
933936
000000
182670
333333
210459
000000
238627
157710
634983
133582
473087
900056
835740
362589
434094
899533
035161
169075
696232
222222
047072
802760
269792
000000
142567
914441
387542
592170
025058
079456
539082
394573
232991
289033
204715
655112
871562
810180
388835
285933
023447
878884
779498
178011
170680
780041
130626
022246
514165
567284
257465
822595
301719
666666
891362
694022
222222
265586
128576
412576
002733
037924
486264
630143
154014
318926
555555
325180
773901
426005
960070
101063
325061
323585
815560
792960
084589
397402
764733
222222
425567
586179
684941
708034
162525
190521
653812
999086
555555
182892
616443
651366
591771
555555
326573
555555
192895
894397
357283
000465
444444
114667
330718
347178
888888
887075
812190
295807
239231
890936
277550
519992
401995
583522
629461
004590
106544
268437
666666
701039
949518
362475
699471
102675
126243
819286
444444
171566
234475
731205
281851
004901
599522
538179
980842
808267
839418
963550
982928
995078
834708
836585
006322
933691
298878
586133
943783
988536
632780
604553
224884
149686
520821
553347
322092
555555
777777
000000
666666
938224
102845
603075
164927
332045
172025
414253
998633
762537
777777
289573
481478
767762
498028
370477
360424
204883
649487
888888
485756
777777
349023
689262
888888
683826
719563
842668
000000
502439
450554
485634
476906
156839
766957
106928
200762
444444
222629
381869
681197
190785
333333
604167
337910
307865
447029
941037
862300
397048
469532
423377
476783
562300
392990
666666
751610
926509
662449
963011
795093
907563
565553
039909
628046
336708
822961
477353
488398
522795
992021
480077
963146
891439
758277
947027
302145
376630
999999
598670
072635
790072
293005
000000
886745
930627
160113
222222
189721
587700
245517
782905
468442
213890
361647
625178
238676
090313
903921
959401
887919
341348
402649
453702
435422
109249
925905
268727
162597
930658
396325
893032
028958
360346
681432
806389
325856
345205
693527
305532
855026
012306
779748
476981
312486
679772
258403
224017
888888
841885
945477
555555
274415
028497
032361
898955
514386
983121
025750
333333
872025
842075
778585
846876
724442
324568
111111
701480
952736
944531
545486
390509
804561
767773
626963
427637
026004
003130
303550
873621
936643
126416
328083
016364
434696
437032
600475
259845
938682
052380
262878
848662
006569
476542
192951
380459
198272
042001
666666
070557
323500
482037
777777
204606
952017
286583
333333
331095
314553
134343
843378
699287
663399
444449
155977
116868
329087
441132
098579
484902
404041
999999
555555
333333
205995
220852
427112
839732
816831
620395
207639
959721
808203
204832
777777
222222
406923
392943
554209
229857
473247
454107
643954
492036
182002
043783
088941
700667
282963
760069
394202
089156
199071
899832
726790
573840
609926
655617
362960
813426
448271
243481
429614
423589
429725
459571
333333
193613
947727
896360
989576
374984
032601
529579
933867
894478
271264
245085
324620
999999
222222
966934
222431
716968
479034
230375
030403
825464
575912
124470
444444
237846
324689
728635
429885
939384
682345
128588
682843
688392
033567
111111
932258
839578
845132
582458
058821
112485
011532
321527
339060
324479
179843
392923
005660
702582
888888
050946
013078
488977
302456
093802
935530
092396
903536
250842
471256
584902
907201
680850
425767
011111
223302
395526
777777
206565
247002
042334
886582
085449
304670
555625
624705
165677
868339
000000
632668
209492
930027
613583
231542
491073
174569
777777
464032
600641
940113
115507
236452
960524
287801
159360
768274
506905
324921
325687
360181
247241
613673
914643
652227
443545
777777
000000
461428
160398
068413
480933
339656
860764
636800
912663
888888
693920
444444
054605
411112
138559
504257
036867
406308
999999
448871
876644
423864
489892
903247
249936
100726
446999
412850
268180
985377
410952
330023
762310
748632
808767
723936
208628
263836
992690
922053
004286
863217
239826
623780
017018
903829
943833
992673
380503
492692
216137
688880
533562
555555
788006
132751
933340
681908
981860
984806
196392
209400
330554
364838
240163
985201
927525
000000
848665
283826
723391
830227
849186
747476
008245
222222
780266
378695
608972
694637
705676
169624
012476
333333
392620
295978
068303
990486
333333
642165
999999
982345
111111
258422
884653
378527
204741
229825
433197
843774
887041
550590
929986
290761
555555
026835
875442
288657
815948
054210
333615
838420
999999
209535
224976
302352
102969
089902
054329
444444
298032
148621
444444
817552
959987
022831
411969
258352
784482
599336
979828
094101
000000
875033
332720
908349
738153
393647
481922
559505
890022
333333
690462
672157
688031
841726
394439
924126
046742
630313
268539
563908
746036
444444
123783
393911
318729
861132
632686
843265
020085
067532
444183
344597
413198
722293
385338
263092
045689
048451
930907
225905
842415
000000
660221
570213
126688
753909
285040
759289
234371
981650
593694
129045
301180
092691
525184
555555
131341
806222
876564
830669
186088
986795
892329
037377
516087
311002
461149
082851
300842
666666
888132
929727
220047
018832
869935
043674
488134
820701
298542
612055
220833
002483
416673
333333
530841
083543
424001
407587
333333
587447
888888
097966
540411
936547
827138
382155
196071
803179
570203
666666
248886
853143
039367
634541
305977
499415
733433
282076
982819
386473
706592
310094
364428
830436
923675
883888
798933
027670
715590
036434
532405
584551
772218
446840
753448
863245
980447
922927
048965
431076
536289
805068
431532
456534
261678
594186
043954
626431
671431
948833
886685
876732
533289
122460
553500
642876
134831
074724
368936
641826
248309
836892
329148
852977
631095
427591
520419
275412
892585
824936
234046
924629
333333
653991
357507
021879
222222
824592
982900
126862
283501
587342
039764
456823
690128
814722
758564
510810
222222
555555
185814
745470
924578
888888
138845
620145
211423
111111
024261
798167
935375
888888
446637
719077
434980
978885
683576
946927
071517
699467
305768
998975
957463
870592
390609
952729
807630
792876
938053
888932
111111
619061
777777
708856
032120
624902
546642
805224
204505
328967
793467
333333
535219
920147
536143
373193
520687
175845
327628
877487
960233
494091
387061
098935
240368
843212
828207
729075
356821
903762
622909
821661
458237
587715
602138
997212
288364
903005
885160
339644
325880
086884
000046
766083
432870
208917
726545
974502
739746
232816
289600
248801
316643
294071
424296
411529
888888
957024
333333
594587
699940
711910
800097
489073
489711
777777
900065
016444
913431
459149
275562
591240
408037
810137
497889
114585
808904
829658
379886
406562
298561
244944
160555
445681
338066
793577
550759
000508
438144
224020
264321
524954
465621
096969
937135
031515
829665
153437
076075
202253
999999
398526
292662
695101
313591
514023
530359
000000
842141
732028
272625
764507
544880
233143
002169
428593
865501
883921
129471
307062
482942
865782
222222
689054
115956
623342
575620
842661
911881
433361
200833
514170
800542
051295
230060
458739
936033
650924
490237
498846
185191
939406
773049
192138
423466
800912
896335
815683
143177
037432
920561
976704
333333
583569
821935
339173
723507
227470
623620
403397
980789
801986
690648
333333
209954
883548
064480
069555
193509
280885
435464
840243
900811
896471
849772
800872
329226
734632
489352
203887
182923
888888
195473
899521
027684
038363
666666
820856
878859
561697
582261
849766
055908
567790
548581
579381
249183
029482
860185
888380
999999
764767
741683
822056
093574
696710
000000
233037
909646
600457
723765
884260
199523
892910
227697
480646
995983
061470
162526
481087
622062
152468
279873
530845
205656
497535
888888
579278
119742
000000
415749
471900
444444
804282
400617
317761
943989
814816
353846
624498
684724
290575
873590
265872
112631
800756
858749
984823
945615
222222
594356
443789
852429
222222
140441
427764
083421
400266
061076
642444
888888
777777
465534
381224
330260
440384
766422
925055
812927
593076
929548
058746
219992
234381
741955
222222
357207
459557
434811
890428
314269
854530
111111
821855
774848
002423
888888
085462
510444
342883
971817
024989
576049
319376
093741
489762
452361
490207
448043
996553
893033
038694
999692
804577
014765
689912
237513
353818
101545
000000
850123
481347
572423
940664
766697
422780
335521
220143
548636
282317
798033
320664
492375
192136
673717
512427
424445
680892
987871
950734
148122
992190
429529
180477
304853
030475
112206
343530
572541
048814
062781
359823
248267
512649
954854
940561
138800
111111
193775
536362
692963
497643
684457
605920
349084
155791
291749
000000
930154
398732
188217
072011
287226
118220
099808
142661
812355
460827
208668
949878
943321
371587
922198
039411
988041
378282
607367
152521
941327
735561
259890
994803
556039
851582
125722
960509
493497
229197
034802
817449
319482
422630
504171
933060
285698
909678
494855
999999
221310
111111
999999
815481
333333
989502
000000
222222
771120
677580
072406
284889
798439
022825
994849
384813
122043
242340
293476
304321
230578
654922
227816
897608
193361
427726
889766
679256
053865
015935
942999
296942
831645
948626
194129
392077
102418
953832
580351
822933
286137
205866
113622
345521
983973
543763
846366
118899
414830
555555
182134
824466
646026
882829
276985
078321
482652
489041
282585
658313
409809
363987
993317
610032
333333
942025
011652
739642
365504
882135
678465
469742
370704
472536
695633
630260
708086
066883
430674
043195
888888
112931
810495
652833
722446
767972
520698
404323
968649
718785
367822
333971
920545
328763
820230
801163
555555
332438
113997
018982
654662
444444
853437
729689
614663
594336
999554
419162
984984
262287
290421
000000
231102
002014
096488
777777
439723
248679
184523
208828
666666
091436
064782
039833
286523
283089
264538
026216
040776
497387
564769
434626
916973
218715
302942
889635
744588
934165
922077
873687
081915
373869
461163
667970
830935
489850
576717
353374
304044
818246
974563
906523
555555
993090
453429
646189
421772
922555
111111
002736
285782
549653
445945
204369
442009
257854
919745
062068
234475
888811
036606
202675
842112
081843
640821
596085
276547
508612
840587
839843
999999
859132
429503
941242
222222
413676
444444
283822
048713
669251
590442
324693
777777
930428
689333
539821
586804
300752
601903
208924
936037
382082
503862
907564
888888
129747
287640
700039
097089
091580
996283
339353
643222
901283
423723
444444
349233
279490
801788
591166
344526
764036
019079
900327
153636
523035
607565
903465
473582
813393
427304
246382
887727
666666
828770
382512
366787
177461
516886
990573
030839
707174
093043
888888
006913
283623
492629
622225
806626
538828
444444
939574
777777
209056
524410
991411
318173
529430
637634
843419
234870
870073
482621
000000
009165
608931
473788
091725
254548
574079
087622
666666
087755
290164
444444
709364
272520
760089
040393
646725
629230
642593
210860
679476
696943
699514
303637
922508
283184
944812
518438
462965
493361
502232
111111
011283
888888
212896
511735
088150
517731
809116
770004
808666
431627
000000
880921
693472
142024
214588
838295
599286
071465
437676
813004
000000
383954
163575
162843
044666
989427
222222
840151
370167
823574
888125
529336
938410
218263
469414
237782
647233
272553
034779
798341
698587
000000
896753
215690
104902
344032
086266
945425
995022
361832
959720
137830
996393
854253
940031
162744
108483
708659
863078
417075
319476
444444
361205
825831
099025
858686
359645
088563
373447
732301
190824
758194
827354
999087
444444
042092
413823
532611
928565
017327
823997
869052
241821
956828
714581
443914
460013
222222
909785
373468
394690
663517
539617
555655
232974
801546
299411
960682
854123
444444
103676
920748
885569
946453
666666
884476
219042
983229
645177
982866
072823
256580
889423
148754
285071
833880
613507
349437
483305
096637
226782
574311
088496
005861
288777
088046
016958
282483
312077
898023
589761
348046
808070
692317
937814
100047
689708
001513
217881
878682
894227
444016
999999
829552
372519
939641
702440
954386
491088
393079
384668
502872
248672
099401
553332
089685
883671
579950
112866
930437
078527
038710
422109
915048
889141
596441
931517
290923
895045
004447
324329
967926
004428
275265
555555
227785
005555
471425
487875
080988
999999
555555
968318
049821
705789
606434
201642
649541
933033
235016
315663
482364
382381
680434
502016
947843
821372
287682
287196
251949
430855
448294
828596
346006
039206
241417
204586
217822
501935
648886
999999
694386
565207
607240
249581
145535
832977
221449
210473
202076
540321
073483
728512
000000
277471
000000
817922
730673
099772
036433
843089
308731
969592
008305
469532
905444
934229
577677
901573
955503
564006
999576
313383
512846
457752
036546
023682
000451
136995
289216
909070
999999
954896
902882
100267
482385
503847
872367
134985
825341
000000
327567
632524
351688
320683
125471
836017
444444
617911
680396
305487
193567
555555
841423
528547
079181
937493
551136
405215
157727
068650
247109
462447
893735
284593
423434
892121
309525
683487
549553
400611
540241
333333
334295
222979
798623
246124
111111
348745
213342
920056
689780
539867
349020
757817
478990
123960
363278
243647
244120
229249
404539
031762
682647
027071
536565
244944
356072
570572
000000
644642
383884
981955
462291
712462
073856
363758
777777
908898
004992
435887
892718
283849
027436
428435
829890
178943
803677
834858
245393
920040
861915
937482
652794
054999
608071
299201
151002
402087
000000
513275
250657
907597
032554
585405
060367
699735
778371
112565
230395
279465
843694
344546
807848
840473
282179
292575
214655
693833
298607
149704
930793
887139
873216
443322
941672
288409
263801
474448
913793
444444
358792
888888
839673
726896
362827
949016
111111
333333
944272
164051
444444
444444
489342
843636
147091
872713
616347
602623
674247
934943
330028
009911
728931
589197
583063
784436
035160
484466
331396
910180
008232
563380
245997
947003
090867
777777
883278
649560
222997
224031
863960
353267
909698
433912
906685
460633
625786
814796
103535
000000
903462
999999
090644
777777
233598
651078
691322
546369
911729
543113
481082
802942
904605
280380
888888
092522
531557
010045
212523
055027
928832
900973
630391
522262
905836
520457
449037
306413
250896
094536
608637
903488
906536
999999
683815
473008
000000
000000
799934
428415
135946
020423
566439
942592
489370
657166
642591
755276
407889
630069
209897
059577
650471
683286
837225
448938
400761
622042
724563
345337
008561
932725
838550
952501
683320
233066
524638
389111
963206
666666
374596
248679
539446
414587
888888
664776
441029
645495
251472
840557
485058
364915
829921
659558
263552
810449
382468
814038
942455
851424
444444
896660
888888
294374
241138
447995
843803
888888
316510
053066
368245
511114
062691
345761
167278
950060
404987
834344
888888
000000
616512
329106
478447
086268
170933
383044
358839
744418
297367
666666
048901
444444
425983
422574
177671
206462
934242
132948
268295
199346
111111
000000
473775
698454
402583
837595
394633
553632
440389
302942
269967
804047
870845
220596
053474
102358
920314
892682
444444
228012
634531
789949
860753
445097
333333
004990
124726
510777
652931
775010
983315
028877
247648
753627
111111
313484
701655
576807
803502
398098
077631
964271
050685
201485
111111
236517
010968
399442
470381
231353
899896
666666
586685
829072
949257
480531
489017
260472
642512
890286
478481
800563
739504
892522
725657
000000
243058
594013
438870
933156
702741
673995
626707
202486
951079
894817
983536
848826
444444
744255
222222
460161
402982
949725
832534
838931
222222
593366
413966
002887
512760
694036
780419
002848
289860
583095
409546
314904
440861
582082
858568
702429
388446
993590
454873
284396
924225
322775
893212
099982
892615
136335
821841
777777
915403
940847
444444
887826
740805
282931
808135
923202
948220
981816
888888
305619
660876
035291
143038
398901
064911
493556
335656
888981
998571
600158
908636
477881
855711
913885
731720
888888
242303
150007
085982
398514
905069
095632
444444
033785
277711
124440
564981
893453
246999
600176
206564
430947
774865
075030
686446
722455
142492
943492
554400
555555
200653
933385
704887
858525
666666
739333
684906
407877
464579
848793
034690
258641
904375
495447
904633
168456
095006
229645
494485
061007
477933
528318
220142
943605
818578
261231
896299
093500
546311
984486
378181
995833
263672
212522
444444
893492
592311
054351
035741
585648
809870
777777
000000
180771
135669
313967
278537
278870
082502
154079
216027
869892
874912
817365
860646
067690
283661
428456
398541
135375
269066
736558
822970
859065
969148
308425
986776
793967
903706
150731
097370
703770
857514
934364
780623
413038
938877
423675
000041
332113
244004
246533
980882
509303
447379
932067
049032
883852
058712
878910
836865
777777
244981
829666
444444
723801
072575
251588
749791
337982
809197
260336
988589
693328
446019
141513
455881
805973
111111
242031
956613
220423
988626
070062
818734
284713
492985
364958
856485
433330
843477
600312
769730
777777
558248
125783
666666
992898
930876
444444
027516
180579
833158
798135
851785
299696
211469
765407
985786
524099
458578
222222
420333
055093
906983
888664
183436
957412
936265
911412
222222
260096
101604
000000
725543
191391
217045
350849
815567
230027
942900
012681
888888
367260
514820
398701
323463
336536
333647
443607
465361
648180
392634
555555
625953
400513
339932
805311
176042
999395
379229
352464
976905
348801
842625
174815
812436
390533
423604
941941
302339
498964
284567
382493
882268
451587
529920
512985
223075
394064
200935
888888
676741
674644
193644
555555
010068
100896
329817
049407
605962
182772
480485
000000
897780
388299
786641
810161
586207
493090
205586
094545
788592
842494
444444
000000
111111
555555
129091
885853
040735
079531
110115
143028
044481
042977
899008
183388
481238
846646
326948
444444
444688
989754
774784
427893
630489
721069
498224
999999
899073
803832
946526
083831
481246
999999
738576
320643
888888
844790
306594
303004
820387
407532
256535
701928
821035
583614
783413
885895
373861
255113
805063
607469
603511
293723
723966
845388
666666
401085
666666
000000
590870
350983
361570
826234
975656
777777
412632
962459
345455
246715
327776
555555
159572
728473
800936
888888
363799
488224
049825
550438
699921
545369
950651
857876
816985
245703
228037
150820
888888
884823
929490
042477
085014
033553
467246
827862
901479
119971
923613
111111
816329
577477
319638
380582
971903
051882
486813
009069
204847
392582
248536
423927
209090
322933
416972
701141
786285
320614
090413
983183
999999
618530
424402
899316
701544
477842
548145
406606
928567
250199
136885
862632
543115
419376
391631
082365
360488
133024
933047
488086
000000
496458
271905
019981
580882
312953
706087
345386
991591
096543
354800
000000
770053
804223
409105
000000
204737
999999
121946
056899
928394
765561
074220
444444
299558
382047
721286
280772
361825
444444
220488
329699
060091
520953
082383
000000
409593
802144
933993
333333
720581
010131
793388
562436
000000
019985
999999
847432
732065
080845
194804
666666
033876
392653
060836
149777
058626
111111
293262
000000
541895
888888
740420
399978
508001
596672
054457
290493
777777
700923
743725
489135
221337
651357
104872
756856
240549
643500
439472
278281
765175
283292
901785
798106
428287
957922
111111
071525
407445
242881
231248
904476
321895
843682
804641
555555
684175
639855
206775
444444
603534
622606
878014
798783
998183
761448
404806
382156
713433
934657
921438
346031
883577
204601
681438
222222
692288
111111
833962
613557
308382
476831
059765
046676
708856
222222
648321
999999
078507
503087
145182
984552
337012
864631
057751
071075
505925
818836
444444
233603
222222
421132
868383
857501
890919
042087
373027
741404
203553
659887
025324
267523
737867
363677
490137
134060
292441
952801
844171
530835
846963
576562
092882
149886
649436
401531
498922
396866
963276
624167
926320
666666
230967
111111
325896
634235
739036
097326
298651
698516
881851
014231
889441
565214
291123
609632
111111
245620
266522
294732
452283
335887
440562
978454
139279
730895
846820
394841
759364
104087
340555
806398
916140
203590
033264
222222
379775
342584
961341
047634
042240
843857
471474
442733
449683
106398
825886
934152
247529
940736
955763
879535
581850
735899
777688
430373
322448
268848
429363
973753
530573
133988
387085
254927
520779
769967
694144
324587
219062
474909
619665
297085
471777
042175
282583
080086
523640
908548
142995
807826
226272
801566
638930
104941
119886
779056
888888
095409
609361
252035
048327
823935
518917
368691
598480
649517
988871
935432
270684
836946
908468
999999
257597
555555
428131
901501
190485
177947
306742
094778
766701
392840
516702
352925
210087
722613
170193
529881
421183
560121
254419
291479
917097
880676
111111
666666
924136
892624
845603
696723
672807
464382
873680
405564
312229
929703
111111
083075
048550
523834
931877
777777
581346
132734
455907
261221
430036
320535
528542
478727
390037
256051
230288
949102
260648
978247
318179
305699
444444
378671
827431
455157
831293
574039
218835
380780
480274
417422
333596
594047
354281
409913
829730
778046
718270
967079
000000
268983
286081
830051
169631
104542
920995
265443
432553
484032
985802
772536
267516
617509
188557
903580
884521
878181
989035
939978
738566
776955
023185
015863
885723
833456
985341
994984
825363
164886
000000
557442
074292
394432
910572
000000
438895
428764
910423
337376
349383
455613
084925
812758
398578
862983
068871
263492
222222
838817
438440
031688
366935
239434
349475
355947
223291
273658
734965
234877
451635
749606
313977
934051
315975
999999
746947
555555
947087
618912
694760
690336
325927
319973
777777
777777
228636
809427
831225
729411
535273
819839
952959
237434
495842
191426
444632
375011
111111
424999
795911
293494
830830
882024
221408
607332
899729
789445
250536
199151
748161
240099
335342
712160
233881
482672
458675
413410
137987
032260
651075
535492
525035
984732
016849
449628
443971
908868
349747
889150
468032
115207
127080
867616
803982
070303
309024
292587
791642
434883
999999
898483
823025
653913
211254
181045
962224
444444
449770
474881
889829
298619
660873
299484
669666
321977
458585
270640
026850
158436
024043
082677
338601
012508
600301
327971
911077
388035
214168
433978
041185
843038
150872
492537
892970
480377
071883
333333
984431
895848
111111
281862
560924
081969
980523
999999
360004
944818
000000
849370
959243
968236
452687
226637
286683
387927
444444
091106
200400
891053
224900
029547
299861
818849
381631
308984
004055
264333
006077
994108
040891
741177
966055
523337
210629
222222
812336
384521
557113
860928
091849
022494
154528
622666
057806
531965
803437
197162
534532
200029
020505
261995
140978
240857
042845
244907
607576
703626
196858
345922
678830
485902
817361
444444
434640
711015
481852
088818
568862
338375
586686
538833
145662
777777
217749
233291
429657
585133
493522
344002
139208
782047
038673
333333
397215
096540
852233
132175
924473
787581
939849
190241
573875
888888
445537
762466
133025
589034
666666
081943
316635
803192
777777
020445
645595
000000
953326
062496
528542
424543
932967
094479
015634
429793
222222
969842
323432
778819
865432
915721
998805
009470
680488
910181
401271
014849
546340
674495
584362
290679
280716
262441
485947
777777
378859
999867
236522
035628
483683
624617
222222
769725
000000
021957
006542
667717
008675
565737
224449
628320
335414
092771
208691
724034
888888
462931
132500
692153
270838
531487
150457
462137
527022
411662
450313
863928
085803
020357
999999
289931
701813
000000
203671
934931
666666
708823
354780
412742
402655
002539
323801
173165
777777
044341
666666
631051
882473
736697
388055
643296
943622
229643
848435
287706
727163
058296
976347
889627
687031
074803
280745
091697
413320
255495
953563
848377
444562
817506
848956
590526
876541
692748
333333
111111
553560
298900
044513
804590
099931
085619
182631
679275
766720
429787
921516
817675
279870
894116
300060
999999
000442
872928
753504
444940
323466
438525
284844
629062
274317
555555
680587
954063
558289
881721
999999
217282
430781
594876
391869
978867
999999
037107
048892
001846
137693
581530
085063
588004
803889
438993
898536
547597
915883
809376
673668
829628
640421
620422
345370
520832
057095
324946
942561
999999
935095
783001
444444
394377
220014
848072
444907
947642
111111
049327
629228
224631
068446
980797
434181
222222
232776
145836
065595
678448
119635
640333
362745
377821
480082
310669
365447
334447
690221
326468
313951
308958
983349
749476
111111
058086
888349
909432
403883
000000
822417
000000
082964
256875
111111
232635
804839
984991
923575
897534
476127
543289
174128
689588
296242
230488
444444
086772
718970
882558
826646
555555
277606
983177
323269
202543
444444
093971
084801
883274
230006
956544
749472
924276
321423
193347
444444
286842
345033
140237
900485
078047
508329
222222
348034
851979
852779
593048
295831
882859
902068
380925
563640
739540
944758
555555
111111
429879
983986
341541
257859
344047
822088
475475
892012
530971
248153
913265
338736
423633
307802
952918
027076
861200
878425
118275
082738
657666
000000
000000
035537
027871
934360
629451
052021
494176
743568
432517
960391
506059
839247
360239
433783
881796
555555
111111
316871
305820
706006
008477
069638
187605
198932
340863
628682
891160
152506
488262
857213
828463
222222
578375
450564
055894
777777
571727
796884
666666
250183
712281
967522
372064
429556
777777
462893
991282
344522
222222
136674
999999
785408
210662
559996
667980
237907
838779
440948
344523
195538
213940
060098
413032
810082
441779
621053
085026
233931
942932
369021
850954
821191
908858
518087
539483
244470
322940
892461
027432
036486
380869
999999
169933
333333
396145
085176
680856
279859
535691
914995
777777
108976
949555
111111
580615
507029
878003
342250
999291
528935
448909
848700
346020
172146
277082
867030
877365
076357
111111
306249
354425
697961
879674
074158
235996
492309
258172
193907
384430
688638
225809
495031
721535
959887
222222
920884
390213
545168
674577
685947
888888
458793
584931
904075
229642
782394
948275
999999
118861
992639
111111
093935
080147
525896
396062
902954
158063
693577
279996
936232
092511
505947
902969
174176
395656
078748
943379
111111
111111
002742
911161
994463
388043
651838
532793
448446
208845
999999
615488
082003
000000
260846
444444
949079
844796
396531
310067
896436
915311
433347
487118
620196
276869
090984
419026
707138
125041
927766
724435
845962
357099
329061
122075
878882
634758
419309
538780
652824
748506
168435
956888
111111
295509
990915
902462
340223
664152
238562
000000
722646
553206
587362
089371
155714
126162
340680
718931
777777
975847
076426
388565
030557
948560
371576
725569
777777
835958
650966
997367
862520
091522
954899
229485
946035
983094
026235
802315
333355
381268
580353
812571
746986
986663
559406
352180
049959
438225
003357
918339
863018
813937
608924
333333
041756
364433
489576
805676
291032
875676
380892
893387
369537
904088
094265
120331
689866
025902
891947
259668
579292
387817
271458
506659
193643
164608
608647
958052
979383
593527
890455
222222
783238
219861
538863
201971
922369
716861
222222
884037
205749
818827
068106
058966
980169
202343
000000
231976
136200
238014
047735
679610
079142
785221
914637
940410
252777
025662
032965
934678
278966
953335
754295
036189
392962
493555
042137
930747
844802
874978
335476
298261
350864
625978
588033
505687
777777
144623
666666
745622
469041
390522
444444
737136
825090
040184
241215
789614
484761
999999
462389
333333
477320
972749
299071
444760
236432
330684
236900
180781
283291
153605
294062
668246
070999
510150
944567
561400
312883
053867
668355
703976
823923
369338
888888
485020
229216
422922
045512
193456
095962
583150
693721
555555
439831
209373
579517
360482
473188
999999
958935
252836
782402
800408
563270
892255
149870
380113
464933
583841
024675
892423
804000
456821
237669
555555
850997
709721
111111
000000
808716
851323
871146
069574
875705
596051
777777
994380
853494
777777
590963
666666
768493
769417
549455
038535
334567
889378
111111
044376
200481
435585
976427
428646
000000
736436
222222
065638
789719
636416
294661
068496
993492
215420
989746
360415
466487
666666
347098
884887
343371
651535
999999
497344
961772
405986
999999
111111
765903
449661
054742
402647
049835
704608
541282
734449
907494
073523
383893
286646
522835
200018
886081
111111
040847
238425
984986
555555
888888
226085
111111
034688
392682
613412
654415
108706
901145
854247
300468
222222
497548
888888
338611
883630
580905
597090
329158
911669
010580
333333
499783
217048
799354
824860
050676
408903
073678
161963
112005
390676
555555
310878
222222
722425
560813
231741
820046
586626
666666
666666
666666
520435
358324
813074
495268
116091
348044
282869
927627
612121
651475
974039
111111
301777
068961
969195
577320
120115
758894
000000
555555
084327
159780
102173
658902
033544
159944
000000
279658
880879
990822
570231
004554
490918
845185
138021
354039
609642
666666
449147
089557
390555
604608
258268
093467
332937
531887
854491
850929
435687
234477
539986
888888
341943
781675
830434
724633
084533
895083
728231
375762
486823
598943
394165
045292
302206
926079
933276
222222
634569
540657
222222
534661
031277
464699
957032
340011
334912
791362
707175
397863
359592
331717
632566
598420
016078
850181
070700
074629
777777
928435
806936
440028
500360
666666
689677
890558
420551
372802
972173
665022
445375
638028
352240
708293
686943
909680
222222
280566
893765
828033
107376
818506
883275
111111
848269
203957
231851
790517
515015
055740
912742
987037
555555
240736
103548
330073
220511
137821
639497
050794
343429
054603
955595
686714
111111
066492
498802
370975
000000
467471
574633
394046
965382
634972
963643
897605
564256
279686
532982
974271
580983
419469
689411
496881
334067
488802
000000
035426
000000
088051
807324
167975
655731
530507
333333
743961
651689
888888
232682
345798
279039
007411
601673
349158
000000
000000
877662
595547
885044
090469
930683
380651
583906
985612
038462
629635
572644
622065
347456
159146
381971
453921
891089
472723
361109
652140
006466
385975
339646
877525
263835
204294
811082
242281
237088
808073
913481
931728
333333
932027
408446
999999
778026
321462
228224
222222
646026
891611
360050
888888
254365
902646
059272
566936
770427
619951
607811
010219
448437
244684
814561
666666
555555
435961
074175
888888
503031
377449
888888
333333
030166
732409
236356
402083
632856
278933
940570
174227
003263
603229
240070
720482
684987
228671
835425
680045
184556
474028
735510
211894
000000
645542
694549
304981
129589
276035
504165
233238
888888
444013
457367
978028
462948
324005
844897
746965
187561
023073
895334
305898
487429
870972
703273
170607
868891
886883
236766
024101
641024
606876
646049
818523
224375
000000
273710
154474
957857
247663
223601
999999
304933
826470
837925
426702
940137
769782
936143
942555
588586
212943
603857
536470
554181
880899
974439
331487
650566
666666
254360
180831
528805
111111
908843
985063
351123
393985
946027
083988
803200
928117
893952
259451
000000
891567
317050
005645
031161
492448
040956
547236
872440
988888
468485
920427
314154
555555
450100
521563
698580
957425
354569
858446
760503
313708
509176
906553
555555
643943
458070
256333
852909
209157
364362
321635
382178
650375
598960
716300
330976
728071
319882
244731
744386
363850
398576
903464
182109
726957
631178
435592
328726
444444
232031
240047
666666
844128
801617
326508
600349
358527
000000
924955
888888
555555
400871
388514
126117
666666
378057
320555
151783
640644
959907
724555
994342
724824
803166
222222
337729
933889
779959
151154
844137
883529
358088
070863
271979
765027
154572
433015
032906
532373
999999
369765
749336
541081
324532
190622
443643
637621
988032
444444
999999
444444
250090
545987
060922
462173
855689
759631
506047
509066
294583
780435
642787
747033
903572
923881
220041
365480
349540
777777
070875
419490
849242
059977
872077
007191
382488
262342
895641
198868
340712
749268
345643
888888
086956
422510
940866
901587
193870
547195
000689
707294
906533
639982
052132
454024
085205
045217
856264
035460
000000
555555
118553
531490
486293
781253
888888
692647
724839
688305
333333
031966
171526
482280
222628
777777
887032
781345
636365
643526
952033
626550
399933
832896
233633
089316
663639
703921
395553
456066
728667
323886
845439
579027
263601
548962
740940
160682
444444
824786
620932
478614
969847
589792
555555
938685
252485
888888
640952
224036
727576
794003
813584
740676
691876
028232
394161
888051
128883
840652
985546
204185
396943
293081
940937
531885
111111
133074
638323
762343
333333
485536
457112
009667
306421
444444
914360
824679
956172
033486
511565
968361
469323
902363
999999
108980
666666
226166
351077
075488
292061
389315
926058
204663
466520
111111
924976
039046
239749
929772
099292
331761
724998
530202
363442
599421
055407
058507
016937
886635
054408
283326
648869
495147
934296
198835
723484
000000
173105
053851
079857
199304
900961
643851
393535
382965
564963
354002
203743
809040
365477
312125
529932
099878
062495
905018
560541
090588
296565
040443
932183
136122
788650
600500
575416
442954
685495
822184
553973
951636
617678
094376
000000
296269
663437
819768
994022
987803
484473
315832
923189
444444
666666
733073
142085
499018
222222
208857
050733
216090
033791
339933
623413
448847
606473
326787
205231
703901
186653
333333
447534
393428
009741
002149
666666
498526
924901
873733
068951
055729
701923
083873
897068
048737
864085
784519
000000
930175
068066
963771
179975
333333
020528
111111
827464
299604
184552
777777
779896
504065
408546
784563
942947
754535
111111
111111
888888
444444
647953
820120
790221
596829
111111
835713
628172
797866
698384
930977
028646
241050
244321
018021
810984
877016
862613
555555
082573
244066
490456
927847
286431
733906
122964
111111
888541
685595
625998
444444
444444
555555
625670
485862
649049
195728
281771
243578
220461
555555
408092
335523
113986
460963
851661
051967
228231
095852
535251
654935
120648
388452
025645
308175
811003
793899
970093
998992
035433
584653
743481
927842
888888
437304
000000
043472
219440
953565
111111
822217
909050
820628
230336
588738
951981
018821
586875
555555
274665
248223
557106
699877
702720
662280
330283
578795
764871
999999
455484
453530
869690
702889
260495
337766
978413
666666
972927
383144
649358
840373
831611
060667
440837
784616
040076
608728
493964
086810
222222
888888
629267
777777
972933
230293
666666
930383
999999
999999
284820
400192
706393
372837
145241
072434
332123
764777
678030
236657
337342
343178
045539
495341
777777
049717
666666
238157
630637
359572
688854
817378
724082
780342
326697
058807
343270
783410
531162
496997
897837
140446
936960
303649
723542
043387
444444
092764
193974
897626
205981
884762
523571
666666
332405
744709
773359
444444
390695
527074
374243
564472
049098
000981
931209
218442
487039
999999
825896
813804
354463
040921
909482
933166
503241
233742
925847
666666
308027
737082
910679
902612
022947
454943
512105
445084
030954
933995
344079
544482
841078
404491
666666
304901
904669
538891
154437
046915
256343
135820
282028
138073
298567
637046
079381
003644
333333
671466
284943
073759
536537
666666
315941
499284
602112
111111
356025
810428
846636
869088
580516
121942
666666
381162
724634
900673
973965
888888
260545
187762
096042
376828
503363
526320
281986
235862
203702
562718
462940
161805
337532
898846
383581
319780
890408
723356
802422
447026
453908
167708
789715
444444
235024
424358
974148
348530
809558
999999
050743
332853
038696
482661
411080
320317
031004
666666
055267
027518
888888
251510
924387
697737
164054
067327
015166
059235
780061
974523
968066
248861
333333
930789
488643
398451
369016
222222
207123
555555
481877
565906
604503
639730
452636
294617
030433
894722
437689
333333
782949
777777
532139
820043
425643
909831
666666
182648
862114
471944
660244
333333
182512
300655
791775
666666
068456
251325
672061
853921
179522
409243
862922
673449
439582
460865
878682
144936
330053
146740
547441
216321
498246
888888
002041
275567
450760
390419
823259
939477
972937
122231
666666
994562
019665
949351
852621
474161
923342
449060
169760
553878
255913
111111
512423
221122
098879
935384
922863
598913
434697
323583
089572
321047
597911
433357
143885
830035
063393
331575
907712
590852
241055
294249
421501
390340
885595
449877
898716
394667
430919
581088
095079
062926
040564
907961
822215
946519
360957
915847
308188
523562
038812
827871
794862
209872
998786
605218
000000
738093
405341
333333
816523
228207
101771
321936
203861
647550
406329
426213
439189
929703
888888
658401
656793
345101
062877
640788
439420
881541
027674
945945
306642
130082
956046
869081
465026
041165
496442
305849
453481
555555
209645
164479
348924
267585
627691
820913
888888
982815
733593
222222
899272
932041
228547
326686
168344
971472
282944
834443
033511
727431
921916
960667
999999
922747
004681
085174
582896
802546
913652
036105
848786
390587
225575
580053
860623
985526
000000
777777
639685
213653
781864
670676
430555
888888
880022
073088
333333
210548
279398
808240
132458
848158
445927
000000
009670
786402
429641
341606
412065
790837
740212
122773
490425
072846
404378
232879
111111
887941
240520
509342
345134
055575
455949
666666
355725
693616
277773
725496
782132
364542
972849
104107
118379
180827
467093
266536
840195
344465
297654
422916
883645
222222
032632
308174
954461
312454
103820
281945
830579
458713
479185
238633
948791
222222
626434
751185
988382
429945
925487
802278
242477
459774
297636
793383
439372
428485
433963
039006
559149
141601
228939
353843
643180
290623
026085
912862
985449
640505
800422
222222
733646
258313
559274
089078
276257
390518
293845
498652
625532
023035
378907
999999
650681
460133
180373
903538
749236
395536
340140
449632
226131
406578
409628
829646
189453
625999
374681
210671
555555
000000
518407
290455
056166
360685
304177
111111
449283
246326
950166
173201
373572
343707
147157
028195
066595
333333
406490
333333
276643
023429
888888
410061
777777
443541
422141
021026
594543
792329
234502
380467
849169
846283
348261
830494
888888
555555
000000
655394
911978
043327
295021
855667
387470
574955
207435
348986
232845
441857
028022
208648
272813
498635
780932
954782
858463
666666
370918
387547
450090
091531
984428
696586
478771
427996
038073
944350
722539
432860
881808
692128
399233
926423
974815
130409
449739
373551
649386
586936
324215
134995
331761
000000
340848
122322
422657
906928
245983
474765
648939
692041
839817
211802
643102
897310
984938
394015
878271
544377
568462
886064
513165
848039
394604
978256
395842
999465
326387
210931
880633
222222
555555
050025
334925
947996
096325
846581
817912
300121
951443
229948
985181
316906
888888
092071
864938
260401
065537
000055
308037
993143
222222
407798
239990
234023
047477
042802
333333
248449
624431
773489
233684
456128
893925
430935
680460
942551
909179
014443
999999
321963
993668
567906
142176
887208
816984
745867
045059
230376
409871
583335
724072
650516
101765
181977
033246
209823
320350
212721
401324
289002
111111
122669
330037
239196
993601
132740
354074
931271
824972
462434
982442
956761
745106
888888
479344
728383
993743
657573
100968
062305
588041
664680
525206
544841
267958
056679
724753
758413
082277
539829
270359
882688
977567
420426
546843
310866
349248
086135
225431
427569
293210
420098
508840
099970
926041
601579
396773
000000
922476
233962
034039
272176
489265
649025
538623
253306
928286
897806
899258
248072
868746
423355
000000
593364
238802
454979
217927
071973
028702
157939
381818
495476
980435
334230
337848
056570
461754
307523
869002
222222
716509
929985
175977
792504
430866
792972
243670
268837
875033
810403
777777
888888
859133
498865
640041
170612
540443
199816
479838
020037
685458
724005
268466
774399
183340
199965
842926
343555
000000
372395
532821
888888
746241
777777
395585
913597
659426
932492
410934
962226
739080
405870
191076
271821
777777
780238
314783
046961
862126
284757
045736
777777
724167
791078
110929
422456
888888
075646
891034
969945
310720
793043
857151
189726
128013
679956
111111
421730
035417
263752
685209
253576
283634
820122
333333
120345
644671
976563
642004
618586
979102
245266
895884
305093
666666
265676
160134
088477
422570
142435
409527
493548
483186
508463
303501
496440
581849
247672
167917
893856
673636
451464
840323
683530
706061
838722
223800
943442
720433
946178
434695
888888
863996
138060
231447
306407
777777
820253
952082
444444
363067
794144
200248
924575
462025
923885
820331
746256
468483
790888
476748
392579
222222
872661
062171
257105
251270
580847
323914
672612
000000
743275
704002
759987
907064
053068
460996
175235
008664
777777
869136
369177
378076
444444
222222
859363
715219
925589
372370
997478
557166
093046
328994
446332
299104
392426
635364
258966
807547
314234
893858
327086
973884
607135
458518
883641
261172
537222
138635
329795
402046
796904
185628
210682
476421
523065
980603
888888
111111
427731
527028
344613
892023
552895
609696
305783
860754
784753
444628
090737
703385
133042
791363
939676
196772
141715
580144
048638
692060
279069
777777
280716
311117
522872
100229
053711
337966
041947
653703
026616
603281
458647
666666
498837
640934
093629
301168
757850
063489
883469
072615
881462
422513
364654
769763
064917
393009
735561
938221
888465
520558
329371
587388
000251
732712
205838
283630
034753
396977
624654
694943
111111
222222
410936
223008
850599
710882
292823
013175
059432
790635
040847
559521
444444
881406
116489
247733
990599
372585
999999
666666
377925
111111
093080
222534
546248
398605
848717
684697
513931
948382
458459
979604
111111
444444
700832
396073
509525
081831
085358
129816
913673
222222
373531
304625
138977
203539
081455
079709
884043
890411
111111
483509
579576
054974
395350
214267
589474
321486
963442
818605
032039
704446
327908
924578
777777
012081
236385
913432
282557
000343
907630
348143
466907
555555
713519
339561
610241
678898
460264
338695
701499
777777
036855
422658
214388
020523
654568
614869
015483
498949
820078
521050
119152
012851
008425
627898
417717
197735
219056
335643
330555
168692
724580
302353
678806
222222
455061
305672
540795
618459
894374
885882
147605
777777
458924
180637
221750
452451
769715
986826
111111
867667
316767
492756
426994
002273
426623
111111
334797
375436
183287
860429
382376
486721
212786
773979
434950
519275
444222
638868
999147
322933
209934
012983
587460
474540
906484
062840
014049
313251
444444
258570
867410
368580
294789
189325
408087
496768
371578
903676
354223
514224
650045
685834
792628
111111
480681
891422
641936
743525
201001
159365
245049
476839
829682
333333
542477
777777
095800
925118
880917
881382
958468
989026
489707
232536
244561
449444
292608
724585
000000
913877
554286
552983
187490
236763
207272
918246
774131
791964
042925
082889
259436
017932
492997
314797
572921
031893
941834
212869
292535
000000
530110
674421
704043
901418
520113
539088
628051
822139
840803
712043
316741
303951
490387
863045
879498
059235
101686
399788
035590
629607
624013
096146
854071
279840
983482
555555
300524
573219
234339
000000
552512
939086
103022
401697
596927
111111
697523
808759
250157
448774
267098
077659
846770
847732
315499
881714
199642
599881
000033
653260
124576
060126
999999
340595
302034
863963
646074
175492
392306
871879
940884
123673
378874
704313
273283
249961
956633
698429
802244
889531
777777
111111
811545
449445
009770
397143
900871
444444
094333
777777
902604
739798
245648
777777
236082
234885
899770
476846
204346
948856
666666
555555
719493
365817
446274
619248
382261
524565
996373
027911
998849
555053
669214
199543
033885
448482
555555
555555
444444
045561
635596
170117
209878
726588
448083
993558
268174
571429
398821
318161
847545
283162
014053
832169
809389
388589
197265
666666
381710
384857
970957
871805
456527
407035
043139
959809
888629
417146
427806
622966
941040
332852
721311
488467
700722
206095
691816
999999
264357
343736
093413
284489
113349
630201
920971
666666
396080
564087
078886
318973
003531
649478
999999
788962
383307
522943
221059
658899
482632
850177
613309
333333
428700
308285
090416
203503
142933
819671
747733
483093
833582
825585
092889
441534
497825
683891
207188
149878
555555
094031
839022
622680
549021
205923
304558
301976
369279
212765
825035
190639
666666
437188
878779
296451
618275
514895
837985
323778
880059
832578
555555
722249
332616
220943
382633
777777
121887
425764
039967
667123
948746
436099
204626
836483
999999
362996
144652
943408
970036
399673
292852
306576
808399
805536
999999
843910
690297
520098
476085
920481
128666
066837
508882
420921
900116
702556
413470
368002
898322
822600
094292
222222
758179
293086
544945
876086
574789
566707
183557
808145
597650
844512
097682
232432
357724
383086
444444
285429
054240
680570
333333
317424
784869
333333
208242
230173
444444
734765
035841
628533
220326
583696
000000
924213
475103
847928
243965
610591
666666
372472
522526
659772
232084
530705
222805
876151
991863
617035
505374
777777
788311
562556
857121
486324
831036
724353
120181
409127
848667
555555
442623
026075
999999
318981
339474
360707
831969
666666
839462
915906
764885
999999
524505
200906
797924
767364
506912
247700
270179
890551
898010
428632
881677
924024
102675
284670
623549
468982
829427
174726
444444
333333
624612
798654
222222
488368
913697
444444
048044
508349
629550
815767
548865
132613
485701
555555
084080
373945
474070
082114
284586
423229
300342
835564
340007
287870
333333
924731
777777
291402
803139
009035
888888
062269
066445
574465
909921
443053
280640
728026
485837
994972
902323
258210
263578
032448
935292
909591
114315
401533
530119
309724
825442
246813
998911
194092
416428
075236
023467
785331
722575
043718
753987
229991
050558
777777
714379
389721
159820
020826
660837
341948
879115
273620
908924
761738
511881
403778
006357
236470
113437
993652
047643
373176
477403
804455
668067
128839
833571
855141
830223
111111
226671
112503
597330
777777
222222
917532
396443
847662
980264
487377
979883
305802
021583
234682
833115
637883
644471
111111
040057
447746
959875
360338
696745
444444
274327
291445
000000
702881
630435
222222
396576
480709
660406
969438
888888
969438
022234
509966
974911
720124
687828
235944
824781
025683
321950
674665
444444
683918
672628
824831
492081
385526
606595
779022
888888
747904
352994
728605
444444
444444
902223
060068
107487
342845
389227
690986
337731
598575
040682
144935
954772
132872
463895
018758
952077
777777
869646
074640
397089
133860
913648
766929
493980
549330
374107
333333
362163
328627
733850
484227
023029
678414
911627
884926
160010
785893
945080
229039
581072
111111
649297
944471
970399
814137
068431
048537
720668
329134
444444
888888
706498
196573
808323
612349
232077
577582
720549
991869
222222
386931
430086
860642
306517
942736
262022
721309
038693
164139
390508
919674
100287
484339
940246
697817
659623
779813
377564
974353
661640
281187
394996
204180
263602
289913
334573
999999
735442
189411
221400
786810
141993
954816
090926
972620
852975
555555
222222
333333
081895
777777
670895
913091
141044
401660
221265
012592
272311
844207
229085
663907
609298
842424
381931
687935
885680
433051
506665
422384
091012
334583
417055
396056
347560
348376
325872
438165
482309
345802
829836
335630
061156
653961
534912
222222
493243
238141
145771
572376
422696
180492
452288
436472
024709
987766
330302
366480
203116
076707
063418
999630
284279
800951
888888
848194
566429
954884
608105
859025
114443
788182
442299
885861
422496
222222
178878
999999
733678
828379
777777
045060
777777
130843
844512
428224
089311
723541
163560
445941
840682
100696
333333
320475
576944
894933
872692
004560
555555
222222
397813
456581
444444
666666
807598
903032
181897
678261
444444
815549
515912
227411
874228
963384
111111
429947
302940
069372
521235
060373
287057
085437
034847
287552
642054
998110
134040
724163
363281
491505
684590
444444
530343
000000
660471
859893
253517
243681
605871
940795
990766
880467
790599
988532
247213
433062
309250
309310
432440
848159
777777
889637
404871
941383
705088
594501
111111
220432
995825
208817
536658
118336
553057
776866
280343
222222
083121
303254
558521
429028
189235
880168
299056
412726
415748
252672
288863
363161
039807
844568
039166
349026
832020
877631
516385
802452
730653
494028
494428
934887
595142
592876
200005
486425
226046
054487
842729
959861
487291
395141
999999
401316
536859
382676
555555
459873
239186
488734
492644
905449
491092
197004
715941
224448
555555
819863
898846
344906
039031
535175
244200
777777
548547
489162
663941
038146
042240
111111
907472
179429
451613
913584
777777
322391
162271
562481
321002
898992
799959
258471
789696
309969
874906
249572
203541
620773
771207
332400
218696
838521
888888
398502
852883
444444
856936
493973
326841
338589
349795
559625
404476
337496
000000
642830
184189
640090
316174
420488
900529
777777
276946
948546
803352
091391
005384
348367
241900
303828
136666
655092
555555
590372
236626
777777
888888
929440
042420
043211
724503
325907
925255
024576
438991
111111
457071
333333
882948
524430
288901
792441
080696
333333
289695
883026
443580
222222
971435
355449
725648
214333
920739
190466
925773
905451
909022
506201
703501
103792
682029
739246
720991
323667
988962
048866
287272
319064
449473
647226
802358
448829
782309
194970
308008
451223
099404
428060
333333
111111
112830
484208
254461
239747
323472
251205
545906
804844
579235
509105
879088
333333
480931
143903
883471
333333
609466
624558
830148
131872
806528
483115
534462
975360
533023
261877
804198
522786
960271
538384
252713
595122
910523
505727
222222
043680
913569
020971
329531
226961
774471
999812
352927
188124
391805
049657
233340
884256
034751
743596
894636
966901
788876
933135
245586
391655
068421
148277
748671
842932
691678
000000
348262
331344
100623
045808
495923
988831
504681
482617
367823
748862
763924
025666
285582
128205
346740
213166
190877
111111
955859
809867
207637
480461
578956
280993
621111
709814
559941
805854
111111
509947
264011
988703
898199
888888
944756
714941
666666
794591
508046
111111
209142
986033
253740
184218
620207
207599
278385
924076
110402
728023
539958
859503
029289
027361
383452
734446
349548
000000
444444
957900
839992
111111
777777
824543
660511
178091
222222
090120
725931
909421
372917
079336
454445
916573
395260
294950
333333
788040
779526
034665
066801
690055
508826
128787
195339
887465
334468
882106
340327
130696
816624
095915
814195
808015
979988
713054
420063
669212
166387
200062
001734
483664
308136
804385
844912
897937
004716
028333
030549
202392
777777
475506
476907
237566
111111
837862
727542
333333
000000
637761
942447
695614
044024
543343
948818
188051
781377
888888
288309
999999
333333
194953
237859
121980
233873
047404
110576
810470
749437
212175
313321
173466
263773
300783
883493
795578
350945
313339
940882
853836
866947
009899
843982
440113
555555
192821
646857
145788
854709
923461
799403
313548
370296
494353
947881
451196
404819
476952
765922
928213
545784
269131
085287
024499
589903
256621
514093
618494
222222
967933
784875
934037
543966
826347
222222
343487
912167
288687
265233
027895
146363
333333
250158
150248
844775
759966
999999
541457
338891
105952
320001
200263
190507
232623
498105
875611
443131
296074
104093
385005
073007
158301
039670
542721
843803
348991
496032
357918
444444
999999
666666
180526
302385
463424
555555
806585
999999
222222
438476
221546
214532
232272
268737
222222
329381
821873
031662
142947
670943
431721
363950
222222
291123
987961
364016
592881
554986
353583
333333
450455
364364
974227
303788
867157
002431
861227
380851
014407
555555
452541
804636
297726
794830
688085
672161
721035
428854
014567
555555
979113
629971
186745
234815
777777
508061
361569
204160
440757
859111
945835
863696
630897
982446
742924
341541
384565
298899
777777
555555
570851
480952
605736
164914
274629
981643
219977
042089
684435
423052
971926
593741
281698
777777
388712
281697
732772
783366
944214
249976
931436
812875
591942
862967
942560
936597
354736
743889
294575
555555
300411
332880
444444
917802
562581
378264
630845
236068
024049
358983
822266
495001
798049
358887
652259
000000
036177
139549
149105
148622
070453
426555
804023
583640
280296
400636
695632
705707
147264
444444
814765
329891
645386
846228
938700
073502
148787
099760
075583
943857
233805
293165
143933
795625
203902
602377
276527
873406
879613
080717
366165
666666
928812
671724
404817
235544
829995
642082
842005
941814
853166
000000
722911
113939
202829
777777
014343
361625
399859
333333
332813
654824
859003
318356
873132
997115
633681
929869
313006
039055
665873
558888
197465
333333
249529
257446
333367
706306
323810
027425
908693
364562
084006
729046
534246
933437
888022
049429
999999
359106
844433
634296
385906
095305
989522
743123
879973
052090
777777
888888
743054
037865
315621
584767
208773
555555
542082
146916
864680
111111
939744
223669
272422
003410
263949
877092
821498
832444
688726
709741
053709
352581
829778
260876
511039
303345
850764
042414
021901
679751
162500
529643
958499
302063
143883
089745
503097
195232
938993
698121
052765
282276
089355
338601
340522
187574
345467
216337
453427
707725
358095
682566
945115
790136
891972
289512
870200
437869
350556
718486
363922
374897
609620
394667
188075
313946
077503
919361
453660
498833
053918
098220
522612
041768
650091
000000
031850
098684
897902
205248
869403
348223
923199
426428
646905
374036
121450
162096
985633
161580
380094
282621
321844
254023
069545
303460
544601
019266
328601
098945
582208
923845
456339
995458
592618
402735
062182
083269
747474
660479
198612
908582
699659
609983
145362
678945
902502
191008
108688
949517
692988
385963
636256
461756
666666
929625
403540
784945
222222
959342
744732
027836
845403
644122
660332
333333
777777
804537
111111
290073
114436
219728
555555
786531
177990
447366
324065
555555
094347
435553
300309
869566
221652
000000
111111
380845
962134
897144
526021
508562
529063
445660
498632
389038
434383
128744
227303
478187
243823
722361
759137
947713
201105
299550
273983
264714
083038
954062
049031
877965
164983
032870
777777
063936
078144
231929
888888
132969
138044
759886
031921
613888
330743
888942
497328
190066
849040
390459
997140
645375
880447
786523
032327
206252
820146
209865
092521
470523
170015
374832
555557
888988
098070
808073
125896
450272
960828
265026
185117
858066
938408
563601
902448
857976
292536
555555
207346
222222
448973
865167
128665
352515
888888
536132
842858
906247
986285
884906
087899
738202
222222
786435
650083
169166
981656
555555
420436
929742
483614
599888
870317
042485
613781
270767
027718
000980
056221
550053
555555
888888
277402
747550
133600
210594
703438
661614
060538
823910
259927
404867
704671
830980
255198
496597
540858
334510
939929
888888
555555
093433
848862
976236
295737
715858
828513
340926
666666
271483
448409
563470
888888
444360
674009
022381
446273
529062
637845
744556
941528
372306
351741
767377
718664
777777
555555
965003
883420
231575
379416
248849
126626
604640
170421
313323
905438
999247
248040
792046
140833
331451
719616
409582
306271
200977
232426
287421
480917
628962
032702
070448
498433
441346
298860
958752
999999
111179
837643
900564
634624
088929
367465
424933
857394
504954
059989
526941
497775
943933
570927
777777
048451
006022
000000
136036
094871
224508
682658
888888
702136
392447
333333
489021
762887
861625
364662
209932
942209
730300
734525
777777
345840
843490
394870
722019
120653
208427
821412
359871
855176
562018
835272
153755
830385
300137
324100
238422
301599
933210
817932
172638
218367
175429
694193
824774
295941
931934
545585
111111
240656
848717
963477
444444
895881
289033
802612
076923
988869
909270
392911
993940
111111
000000
246016
777777
444444
821981
809917
800526
522039
318760
323370
888888
056385
876052
840553
379347
394523
528045
942518
922231
120160
769071
589353
125523
300476
751700
888888
524925
179988
416903
184577
834340
555555
906229
805101
782853
784575
623467
328483
111111
784805
432902
867647
409304
639942
053988
023683
850366
055749
666666
176348
034533
825040
959041
191827
880617
929486
212265
832515
585180
422443
583696
868856
160991
434404
249727
340045
028829
923361
890586
986540
587544
639959
563134
298444
872534
823876
000000
292477
174416
333333
390847
458285
322581
849845
618350
438609
777777
344837
083624
657231
660208
494425
482468
872478
842510
338047
427929
810812
445532
804039
380382
049059
463915
097551
043880
382283
546908
878168
640063
102166
984162
344561
294039
709564
042517
359677
823191
334651
449477
978221
588801
488671
394830
929001
814062
494644
167403
660017
111111
508125
091985
258333
276869
428548
948297
977018
468335
810531
002210
674607
040821
454200
428007
666666
749925
733867
230304
075617
402557
141202
900080
555050
160037
408626
577261
111111
422420
649073
685112
365940
930863
050900
412854
772175
479524
835887
270320
121796
923726
606389
969341
111111
832797
320673
242867
667522
249578
503835
970075
265856
290527
080179
453096
030841
643627
694386
358058
421688
572467
886521
179942
992428
565540
249690
395295
388872
276227
778269
394362
499573
800904
777777
404656
121646
997559
080991
487578
425668
319401
111111
873858
999999
619231
298141
064273
238403
044431
903203
884751
612698
284551
526497
556868
904816
891298
777777
039667
160235
800128
938787
999999
142938
246866
558561
549585
034007
668842
098573
286025
882081
070582
027171
680544
523179
854223
313823
492605
951895
871976
384628
945956
843504
753952
128573
000000
112508
335766
806929
209994
019889
554483
204149
445452
037051
344746
270743
222222
586453
164981
023083
989195
469451
380981
203884
792988
232602
478722
969939
829125
174819
387676
938927
274691
862421
315416
296989
977546
262186
499111
220835
027307
666666
928317
028274
329827
387125
400320
384730
706219
466440
562030
697349
807863
008410
395924
402442
850819
813537
845295
933392
272064
749846
404936
583381
766562
317212
698805
000000
504646
386921
057701
230214
658183
032242
117883
595235
400361
891656
908670
108489
099536
000000
204269
888888
747385
922262
072463
611084
449097
276740
327555
463245
031642
082212
485301
878543
471571
491453
447344
200634
579739
066582
221676
994356
038779
666666
749886
805883
902527
762961
354242
329831
332655
113688
298825
586264
099929
661989
593021
690322
494398
304279
000076
359919
777777
210164
348846
389681
721394
688002
251564
222222
023687
459367
717071
246020
779410
745843
561677
252525
451556
655964
734435
874885
242945
863025
629382
902584
267624
804225
080648
116925
412392
743542
830883
748275
908043
123668
184887
282695
330216
488621
509653
999999
921896
384868
111111
914503
922461
329629
570973
828237
242273
874043
436051
984831
260663
936352
898798
285002
333333
995017
844633
777777
939835
889523
852913
489516
071925
149351
853841
555555
289767
571726
325946
222222
308262
667432
224560
886265
923201
233967
137655
034889
093060
128923
835951
694536
159225
694801
103652
888888
475842
585155
542820
318416
682582
722698
998541
612780
312871
382630
889044
382598
443461
040707
302983
222222
703594
283635
333333
666666
733528
311189
158240
418926
449605
197635
666666
777777
123397
074632
099868
683168
860927
213644
485995
888888
384742
520834
020717
513765
487347
743860
203322
090022
410437
700850
222648
189461
435950
826140
350677
158262
483672
938378
902168
426592
873507
612531
947762
091274
443179
333333
202281
359428
700863
884509
583892
160710
005846
327570
333333
444444
285857
181996
009391
237651
701851
876551
931093
222222
222222
326448
961182
740673
171825
882922
111111
111111
947631
111111
004039
140704
395407
190416
858079
111111
078603
268697
237092
872248
249185
037663
499606
236003
593002
666666
038677
432531
999999
429763
825642
916796
944037
093649
144453
913857
119081
325035
555555
344976
270166
518175
707287
599496
523145
222222
000000
994997
766455
639963
622219
176932
862880
157189
807667
888888
254736
888888
139041
924383
333333
095137
796301
402218
922642
343341
896632
824457
076441
300923
258928
703699
000000
232951
384821
885875
803862
522476
140983
299247
299592
498846
303973
720443
014113
000000
604870
248630
729639
151362
777777
888888
576835
000000
929775
984210
380922
605068
273280
322865
111111
279013
751128
899110
544894
860163
819283
412243
827675
404586
463675
668665
979763
316713
000526
712189
086931
197927
884400
984327
154520
599477
298536
842266
922107
659815
545716
200894
313098
111111
268807
842436
111111
162233
470669
772437
419940
252372
111111
982890
888888
668082
359819
778436
495595
422683
936952
111111
555555
489624
279246
373664
976145
038174
244062
444444
394738
898044
318290
209148
993797
862821
444444
890526
797375
855875
397721
966195
899625
280858
111111
394277
333333
897977
085674
199333
348898
750689
906012
401197
156012
949848
999999
830874
869888
280911
333333
538711
332887
121820
165773
362834
138492
937300
883869
435527
566087
187089
232202
100653
444444
375541
730812
901472
214159
319902
445943
872793
038857
941349
980472
927426
886175
093363
300937
746683
439076
459293
884116
268053
893231
857606
114603
868945
880509
403671
121873
077194
924144
552995
311984
120082
086469
829667
203086
999999
642287
429858
111111
806414
207412
824344
485419
990910
627321
645573
382748
481755
007683
390165
066642
862666
201897
804866
286620
951731
264457
849444
323037
498585
475256
503936
000000
228887
994931
628008
470864
216902
023212
888888
025761
327706
666666
332685
490157
141817
095007
123566
707293
720680
388079
456401
999999
460035
123128
043441
442445
202366
126042
333333
711953
189783
959321
444444
226935
866077
907151
076047
270684
460980
666666
548804
297317
666666
082438
028752
325285
891041
551077
168579
555555
041157
596341
402724
794033
000000
529087
696142
439194
530163
364197
632725
832999
041655
000000
254995
154035
683563
329422
827554
810660
099546
812257
408566
460395
570073
927285
438942
947983
000000
453531
318195
067803
189945
543957
391238
100140
003457
316426
588561
320644
228596
908136
168029
802250
801767
607057
066841
000000
387621
044670
292458
240989
332873
847677
009671
991127
555555
341240
098078
034896
111111
080820
254607
981914
202283
241676
885532
746636
580427
392393
000000
181643
302573
919665
851165
408456
548289
288096
022801
821772
020490
369225
628562
028097
950342
208189
930033
518826
438626
444602
693692
730571
888888
239211
784186
111111
398049
369663
423432
111111
613991
858643
748910
710387
972146
076285
383012
573483
840522
289835
660283
483827
825674
404479
589471
194513
425849
353435
146078
223427
444444
886969
044248
312321
348092
226903
484701
666666
694585
555555
353887
888248
084733
329934
846812
326370
808646
888888
558122
224745
904934
191239
445897
741323
382142
222222
162956
990021
111111
761955
003892
518981
204952
941427
394402
460767
234937
814623
207383
248746
333333
683263
667442
839954
207557
519837
490860
603876
318586
111111
330717
999999
834012
603680
329964
354576
333333
093333
328887
012065
422492
738771
908722
084636
059720
218942
341630
656267
586023
399441
702572
424887
060613
099858
998292
555555
777777
695674
917462
205785
888888
250365
991886
852833
204615
399973
938445
330075
146583
082439
293407
088266
308585
084030
431225
942661
994608
540936
833141
936941
942073
225544
321916
268710
308282
801739
046654
666993
993643
466259
113530
922112
028354
624572
558501
953283
257736
333333
444444
882545
000000
618181
453969
024638
666666
791738
777777
544015
894589
330063
896936
184468
290659
903331
039773
460698
949804
881045
967680
414229
986288
915235
222222
154020
999999
960618
092515
406324
873661
840667
879244
572219
487209
799672
383361
681713
555555
804574
894660
711419
224551
232548
840589
212854
460059
328479
850563
749298
508400
344667
183851
551936
108180
333333
809431
333333
333333
107211
474277
461491
942353
762135
544536
914126
919537
294177
444444
522817
257586
403460
409472
378979
777777
222222
707056
783442
844799
496932
444444
390277
609801
287796
655068
419192
634199
512448
328441
002572
975926
687127
041992
637437
392615
848907
537365
809927
754826
583456
214144
333333
382041
099797
839935
449955
555555
405938
213475
460541
020472
114575
611421
217885
808821
697023
603056
489767
171739
979557
580845
395263
555555
410884
026946
324285
192233
489689
964983
209012
200562
032530
342304
020077
296948
099497
563204
261887
298674
839267
770067
390740
317045
601973
484052
550444
024910
888943
749254
926902
841651
397422
377506
840243
299202
369817
618300
912382
503142
884983
530525
530087
891827
098644
914441
000000
488200
816742
803149
403173
751205
233998
277579
456627
083958
234762
496776
465191
621026
802222
915152
009932
422212
340099
222722
664406
151931
880677
719124
596454
777777
724913
420933
965883
063045
592050
346391
393649
333333
811534
872760
175527
098936
394788
953581
048436
439017
933358
249217
274349
999999
931576
724752
049330
636492
830265
079446
457907
663878
121805
094091
004586
526167
034402
887613
367349
920857
279041
447746
888888
751872
572404
470179
042392
072931
468432
444403
449519
899277
828935
491831
638237
982813
090233
564105
425019
383420
000000
888888
738154
526834
808458
903607
957502
947283
978468
902747
538968
319722
874189
340669
203869
972205
292969
891947
218916
991635
978451
952293
381326
084788
729642
777777
001672
222222
004517
138244
835908
988672
358462
482511
098491
736572
251881
492142
111111
903620
620858
413195
398725
555555
367787
494427
888888
586233
080167
298051
221322
935731
058199
333333
908676
355794
777777
988439
805071
666666
592941
790907
111111
555555
951385
934182
989335
294957
709027
594241
412024
623479
102660
011976
849131
212820
598512
061986
860515
124238
134629
842996
092529
001646
894613
839760
280589
033892
218601
013432
570121
999999
167754
314621
853066
488426
302933
444128
657682
822061
899173
541841
555555
289026
828666
243815
540131
262830
417948
940237
466936
725856
141583
964423
694975
402176
438553
048917
042384
902356
579372
115050
972046
333333
999999
080762
034423
683673
692613
061676
738532
202854
833078
157051
184449
924604
966257
448849
752072
248675
729867
513439
192447
408002
911735
804716
232726
089687
694066
333333
024221
234697
440523
942989
092063
393829
223533
944047
189351
211213
037937
055301
000000
585631
846486
219244
528026
552571
244386
310478
096435
639667
208822
420020
860469
798274
494942
000000
586836
209885
628322
814978
554776
298333
432836
555555
919077
202076
996697
587556
888888
360911
358021
720673
983374
683989
101287
610021
642523
273775
399255
006754
555555
355115
012020
892681
906912
513329
741590
500962
134335
777777
064440
125451
888002
641427
495242
777777
952816
079846
666666
165419
670752
128682
325003
611183
833532
834128
666666
398943
107785
602917
929007
893485
292059
289175
179190
222222
204596
604234
251064
334764
794951
949948
541642
719537
207169
149567
192853
150525
888544
909378
409152
724990
604803
311516
836259
233662
895487
349122
239403
381910
429821
326853
333333
132235
909610
218615
190920
942763
789142
444444
058542
141078
348302
933634
047675
588406
897861
303647
328568
093306
358095
334788
330773
999999
250579
777777
888888
841617
281490
548477
860083
315002
901692
884660
484656
114498
412201
316041
819543
393689
304607
582969
351733
340403
588362
097075
948168
184432
070685
341029
014263
104035
454815
954143
444014
438456
936356
718989
335433
127843
290037
354089
285022
384921
897857
066463
932972
098162
889929
076457
943642
519880
904137
710906
239033
044612
493867
944776
111111
388266
161354
582527
739699
372599
816557
553777
383893
064776
157503
422012
423989
524966
895489
206546
301264
591026
378882
444444
835771
584798
795733
482945
012870
618573
386842
690177
702691
080399
434491
902547
302703
674782
904473
673062
650841
945337
992517
937432
237036
295610
050743
126741
319873
593582
981583
933899
880167
027125
154221
818273
978858
324496
358866
682830
973663
888888
357648
461022
444231
987006
971534
334477
346877
345936
797086
873508
999855
648595
060185
300164
854986
529361
443509
981872
085315
427098
366807
340199
070530
417467
891451
839719
648772
808158
383093
253164
149483
209114
018462
304457
148849
888888
409853
405900
342144
000000
116368
308177
246924
444900
440286
777777
962271
005447
865775
555555
743976
888021
312821
327453
142895
232071
280006
450448
117439
138206
396203
007902
415948
028633
931342
163025
267942
444771
762883
793321
728830
517455
640821
314641
322963
865678
442270
817489
493834
900558
568062
335337
582750
218860
555555
000000
032610
888688
380943
915808
409688
829463
298367
259184
999999
476875
523959
555555
694443
403742
977971
666666
433044
719837
828212
823572
654127
245507
936964
216873
650069
111532
300476
444444
104292
971277
155041
788572
894540
247635
284817
229129
364065
871073
063036
474859
222222
433332
952263
861728
428336
478272
328666
843640
397566
888888
480804
777777
802431
822017
666666
422019
913634
093513
190024
921476
777777
999999
313866
978797
939529
333333
222222
991435
378754
933139
725077
081881
460635
741047
386083
230533
732271
663959
943144
217662
804800
473506
630973
803003
933093
154886
034498
188994
891465
923389
952463
111715
747613
928386
533801
505681
292072
829348
890206
777777
488334
367097
085581
392799
788385
566913
280800
239695
483486
593040
042822
720968
092671
309426
320344
662679
283023
777761
704270
390478
065952
808871
555555
422248
058345
279553
560816
307905
283476
222222
542779
953025
444444
813824
698389
469063
404737
912653
321901
928441
999999
400465
666666
283200
403886
141431
554220
312535
913807
282568
018727
888888
277521
000000
222037
821771
448705
781234
106488
426309
197189
045571
419291
422168
657299
405790
555555
804739
534588
101415
122798
303994
399539
555555
382739
603333
000000
476420
059913
351571
000000
000000
722929
199390
937046
591532
797860
338522
388916
878099
444444
649865
398307
622989
903379
599923
968689
020341
444444
331970
864523
444444
741424
259469
555555
199020
265992
402598
929601
666666
576761
479452
368958
204920
623146
060571
141212
333333
373627
444444
261516
708867
539938
998091
964616
049987
350671
870127
516884
077761
555555
758826
325606
583091
403834
682720
284331
022766
538683
347227
113463
119464
898652
222222
853428
463992
186001
363455
866569
692247
891608
999999
399517
055895
777777
336431
302379
226493
359360
268130
479576
906781
823646
482042
581345
263265
444444
051086
186825
909011
810826
270783
699256
749875
740848
498263
816953
122705
918035
403443
942261
920381
381485
310558
580816
303496
355699
438041
096950
123468
639273
241347
628193
245045
555555
573426
657367
583040
844660
717725
692699
170926
209641
230196
378222
824487
692628
842150
444444
449657
081567
534172
837660
515441
106363
297666
021542
431273
991793
758079
700425
427263
000220
417882
604101
648221
220882
333333
901726
642306
457047
598235
547921
928536
594521
220473
540478
798045
906758
966838
734502
246785
606242
285560
356061
977502
900303
398200
955981
332567
041588
357079
352704
493638
324962
739248
990934
888540
883575
403123
689482
405719
071161
474582
242063
946475
498666
321767
294909
630181
666666
842465
666666
042198
743426
222222
295614
687469
777643
234974
084936
922366
794687
750447
253614
826535
302362
579047
957946
464723
999999
232330
332936
670563
188895
310236
043420
666666
220063
249453
198549
840186
398434
435505
828273
180342
170671
595683
924979
666666
517292
836923
073346
900775
244872
643837
443445
827164
756163
309232
046311
451022
732023
120461
888888
800478
872607
449646
052922
818545
844084
348369
394482
454109
204581
016366
888888
989662
819928
021200
222222
860746
406887
926870
700131
130827
684976
999999
213936
241243
994743
455517
943058
229940
490145
825225
206054
005746
557886
980696
973936
907581
939951
841059
004928
900455
107867
037684
016505
000000
002911
085161
933997
444444
754423
382534
863647
130664
666666
722953
210022
578649
007902
632846
653072
942060
189252
230046
541208
768424
307209
444444
584207
357953
521971
401447
358166
111111
640567
977968
999999
714588
082355
927613
980029
683831
978417
585746
226087
124660
607186
778021
777777
848764
921282
252516
594051
738669
933123
845528
120584
349836
331709
700335
297035
543702
626931
040976
115633
626161
886415
884232
635021
979400
999999
167812
890902
458814
039486
213164
419679
777777
998883
060191
477819
547982
442050
555555
000000
827689
846434
004092
662071
863182
067619
374961
318584
429068
155359
390688
540524
070577
111111
989145
820485
983690
154460
189733
333349
806514
922831
666666
080916
000000
120313
243540
109615
481740
266573
011850
934861
981116
177124
555555
315528
798355
948592
370075
540967
744419
855687
000000
887111
828982
091041
183492
870951
715085
949425
718375
352245
333333
777777
080468
628148
267046
895527
805683
742378
830010
472908
788585
466962
823027
290529
540034
925729
444444
847761
583664
998851
279933
057533
444444
512138
480302
894240
985423
442266
893631
194321
241023
414291
333333
444444
026491
011032
000000
367588
619689
037580
111111
922566
950103
756500
971052
749963
059553
208684
055114
530029
422563
788572
742741
666666
701821
262505
444444
444444
153475
111111
635463
905883
662702
909062
932623
410787
732937
000000
711560
685062
854593
889373
627206
851262
084507
556904
668425
972348
555555
647067
532471
282253
959092
000000
803686
301314
230329
187260
655541
496935
209363
997779
235129
209581
777777
280878
149050
555555
222222
632133
285993
247341
786966
562782
178287
017896
999999
623491
925322
000000
660193
666985
420953
306322
717054
753215
763429
356687
222222
499320
834841
959817
929827
390078
361261
555555
272433
840784
059245
925437
865877
999999
233974
453765
999999
111111
893681
590487
398308
992162
378496
064676
394247
583573
294216
327127
096179
403470
855721
920549
553865
799322
254871
731485
281295
841750
212759
222025
741938
008016
080881
533916
461705
337072
584561
408177
262187
111111
850732
711875
223895
079547
899752
899527
402933
649015
999999
824762
123809
789936
946807
448072
222873
308118
662562
222222
017882
990097
524825
739257
131934
870572
091918
934378
977359
553333
281435
721005
884428
292470
091046
738973
249891
394997
371550
000000
669220
721654
158397
827841
831626
602664
839940
500875
149277
331968
952941
686502
111111
105517
405997
772186
236103
636941
828380
119631
084123
196977
045252
666666
788081
790344
251526
591469
364835
808746
852878
854970
243007
484770
867072
254496
242046
678279
263395
355877
994075
920047
110792
065677
974837
544775
444444
124442
826565
666666
041944
666886
231681
409841
452247
714846
990533
373121
889793
247371
000000
694892
005942
285431
826179
444444
228331
381496
894473
794268
016841
361184
582017
993828
738982
958713
362951
423576
333333
294508
579693
840092
949699
253608
086911
305016
062253
666666
358266
213477
999999
330792
957350
568901
924891
811966
440964
601487
902814
923693
840025
491416
444839
222222
988068
543016
090522
748335
888888
434809
269945
300080
926232
363493
704751
933931
978266
032342
046077
423711
173933
878460
407874
282767
490064
454472
339228
201127
440027
838926
029488
227099
000895
683097
247401
180080
000000
813888
378275
621666
111642
320809
744267
888888
444444
095934
773449
914802
666666
089466
304029
991364
701527
278437
333333
934923
643416
038791
333801
177048
129325
039637
101412
340513
615541
580713
724520
885766
186473
859631
000000
888888
922869
134269
171367
896586
449441
323548
388432
168283
463342
888888
462630
438985
478422
064040
347626
940736
867377
909479
035657
399642
144624
340794
380162
111111
222222
462163
446636
023988
455221
489430
971465
233092
333333
933934
392815
372135
609763
969098
964868
132179
522323
952261
700987
238779
658424
832776
700045
555555
839027
842338
789786
344871
554450
280181
828128
807895
333553
303227
601041
555555
571882
890077
763999
438337
099426
466900
841371
287680
976456
786626
011325
018983
444444
668849
455951
092058
440471
363332
914459
369981
384532
404682
214652
526008
189467
283042
444444
384813
575059
493457
805528
000000
007044
354749
851534
334997
215892
201252
142228
433170
387843
974071
400804
289349
387391
727569
309420
885424
444444
057473
324571
989556
077085
384837
963460
409401
942775
083772
433542
222276
038997
690641
797238
612300
246489
075962
223504
333672
396868
351978
232878
644200
927002
988889
368469
865688
786012
219237
030426
238117
862597
879348
403248
837932
220257
948496
000000
948509
702763
754178
888888
324125
314584
101642
874003
591021
000000
111111
187480
372027
682557
844879
634512
766158
812345
594398
000000
000000
840033
444444
020429
875431
897027
767531
158427
945839
822024
083668
999999
218050
594796
293671
683482
404842
211067
785766
119800
701314
525148
471087
973911
140566
783426
937436
379084
217532
870732
709512
685512
054932
259734
735883
875948
377133
403881
449928
582620
076027
308221
233632
280614
284576
333333
936223
601694
890688
080418
278854
060328
083200
792957
111111
896228
111280
061445
044342
328868
836265
928441
378026
315971
396831
832197
609606
839741
072995
333333
541930
056878
228553
326172
947629
878049
048760
028465
953982
912432
322187
632761
758245
513970
483187
666666
921392
925393
655236
145850
598139
989635
888888
529944
054392
945247
848674
760348
484665
043480
514980
384801
739774
052191
038975
601967
114553
987332
222393
621247
645716
520963
062633
260441
488021
440589
112429
359538
515626
303669
222222
983992
639483
302088
759322
080889
555555
666666
132737
912202
882272
999999
809223
335422
430917
997322
837318
868835
929804
640528
927939
440883
318198
833071
828862
225427
735632
928834
982834
179981
284582
028948
217473
920080
294076
227179
999999
717836
388997
390013
730291
998862
218345
863824
143732
343940
099883
191840
946456
842709
036522
008484
110426
133840
489573
576692
527838
071543
257642
622083
472810
777777
282950
671970
043622
878876
027421
634623
402211
377424
578886
785641
630483
943873
069163
341423
119822
555555
155521
213975
380903
929865
824197
979931
393195
666666
371635
980040
380747
912632
999098
120188
433446
548861
102824
744489
971098
856082
448713
260967
249106
203694
222222
071656
214884
027019
827884
885267
236046
812871
682831
964076
040200
409803
635280
423524
034570
333333
916559
259995
549860
213509
555555
588261
430089
431865
666666
457323
933432
992928
883420
302042
384159
044836
240222
852495
634545
260972
438599
228189
349269
413066
140455
604489
913479
400720
363705
424683
108635
895558
834470
001667
330209
409953
354930
729066
526043
028652
350731
980036
985936
587129
734128
315965
980799
842414
444645
111111
555555
452431
758607
395395
481252
805867
524527
518431
183884
052156
203216
729367
388265
959090
244085
646067
666666
385143
090506
933755
935033
061904
438544
885774
505711
887227
216836
159015
499130
289628
276025
444444
939079
294826
222586
239094
549545
062582
364387
881203
888888
231965
000538
007544
308626
000000
762487
813941
404481
903963
612386
891590
245620
999372
364764
823033
050936
933362
090831
519988
003086
946379
960235
595452
587168
888888
440015
679658
499685
289996
979827
870791
406010
543652
748552
667990
863543
097034
200515
555555
218064
048997
921228
048523
988785
837039
426239
780507
085025
298634
535741
878410
561985
454631
444444
777777
441760
672168
246739
639971
799972
597820
842929
999999
723437
930765
505090
323622
643745
399974
296689
454771
010116
499646
268733
946057
109985
488522
047939
947140
319971
963073
942990
831572
554313
941381
933119
889540
299801
333333
555555
034582
231025
111111
318466
413847
591406
018845
858943
628396
909928
555555
859597
067986
376727
030424
409133
669863
833829
706451
444452
953970
677180
220941
624970
968335
799671
809532
844278
339153
940467
409230
466083
407247
907831
714785
312737
481480
747282
211117
348684
222222
605830
228627
624438
393534
555555
208405
954436
858652
280481
222222
329938
555555
287872
053323
343545
072684
893288
841474
427644
488883
125345
133819
725497
888888
889477
835235
333333
603041
772732
751662
771430
653430
664621
394897
469596
910591
777777
043424
848861
684002
164400
999999
617134
354839
241877
425609
807665
070355
243381
343857
333333
014635
648826
722346
808178
904423
035579
334533
949061
342320
624823
560779
445162
084032
326124
381110
891659
098841
808847
323947
440493
468469
777777
073888
205325
333333
350099
553583
681013
746385
777777
247077
525529
879254
562373
111111
405562
522767
980325
085230
023967
193965
367594
880023
084557
868023
853525
402121
555555
280801
589030
498007
111111
666666
961656
311170
778042
999999
400683
777777
777777
268532
796323
343805
599947
139126
285272
306936
390085
960301
342574
998877
263642
430571
088687
458582
118573
421965
606922
360505
555555
644719
222222
777777
389357
818622
482086
730589
424769
795177
942003
730964
692655
924898
757593
623837
832356
447070
368855
906135
356630
767174
923830
422442
254588
658224
142698
262541
174152
422519
000000
267906
423522
457118
222222
956327
333397
763373
192072
280965
670432
363142
272646
201972
134422
460232
333333
493598
222222
695800
564484
100026
879497
695522
308623
596743
095478
989266
790853
149174
000000
939731
312438
004983
031687
190360
522766
910944
854006
079869
494278
292155
321976
853094
970281
474833
789356
367582
124515
379890
330818
271130
413814
923646
099580
802608
830396
333333
347282
957983
826908
709620
694427
072516
222222
389312
279837
484699
209596
725087
444444
377237
236438
625209
338424
930377
942866
344478
073345
249426
347815
797518
227866
897538
893685
462585
837666
216757
638686
311622
928055
371662
666666
999999
502925
068037
666941
281047
886088
881755
401755
980119
872645
879567
114425
329305
881279
989023
081845
204281
937793
446735
967405
908596
709733
106849
779040
443516
037548
874631
436403
759427
378373
555555
859740
321207
185698
701043
666666
211860
333333
142487
820939
827071
064209
362317
666666
286519
333429
972963
869885
693062
020402
303421
692420
589636
012683
957628
455017
111111
302786
902001
824663
780430
532697
082886
499161
206417
545071
999999
373791
129289
433400
079024
804430
267084
318486
407802
236963
203526
368046
678151
681446
215930
860303
294506
218358
926578
203598
628942
429612
276923
447672
111111
867731
452630
823701
896546
000000
152866
899530
624672
892447
752421
492376
486502
031513
107028
310900
868905
779531
820845
795135
941827
047726
225065
681666
509385
022064
089941
601549
000000
190893
518845
308811
840683
509761
659766
618126
573439
474547
432629
091861
883014
003785
242591
448645
535507
111111
801670
433086
028022
108341
435346
808747
057383
990962
336021
720552
111111
592307
085508
542729
808725
523885
922533
562936
020977
401650
721712
968402
153837
342891
374659
285477
022655
680398
111111
213917
267404
037622
921469
159055
438386
684592
333333
312655
730895
296493
922661
392047
408892
000000
853561
283492
082572
999999
715045
700823
970708
036062
654664
757555
444444
293660
333333
394048
943136
293284
444444
035682
360645
264136
087144
712362
889247
987997
398142
545071
746888
555555
324007
612508
134093
784436
440462
220711
233064
892070
899029
252843
029611
049684
342652
888224
005928
680496
111111
237545
552377
702987
959366
341512
714651
354943
530222
498952
748891
056948
225664
758468
924999
957771
800512
869841
813417
229831
521983
406960
267536
038165
821663
745856
328507
135332
367942
836424
660342
378213
920588
845068
318495
992836
356874
003813
612472
666666
546577
087302
999999
805390
081385
244211
400923
038412
145882
448591
419334
938563
146889
440325
246621
897680
643599
428646
000000
484980
239662
404820
220918
122299
695097
308577
347385
913032
846973
473081
888888
442159
555555
081246
229940
567801
004566
739703
348910
648584
408653
870200
644584
236871
187381
073008
011196
859065
103682
713649
892348
231617
334234
855691
506979
989225
572385
599486
229678
430936
496712
073980
141896
559696
222222
212499
235825
444444
222222
228053
018089
777777
815824
628881
058177
439860
079375
417425
123323
818729
403587
425440
233627
463291
409885
760643
588061
888888
333333
135213
222222
217875
364556
444444
863606
734949
034013
659646
772978
291893
037563
098124
256412
759565
872582
612735
457785
721133
938197
268211
364927
600021
798230
884543
398062
855681
222222
506826
760307
198061
894682
268146
020270
050943
052666
680743
999999
322424
483911
423862
887651
958423
479520
777777
388625
193930
207109
927655
390374
370629
179582
510984
175575
383292
813199
018922
513659
444444
083927
042461
727905
430358
942432
703657
680739
878525
028927
602017
555555
224086
558006
213723
258803
893609
908636
555555
217571
505767
021526
112066
131841
940337
213041
539331
903979
401937
048627
531624
042433
855322
495096
514107
725853
687590
444444
834478
108534
720108
092420
992739
844459
885336
281933
841912
286530
108668
839271
002955
944535
395567
378773
600400
555555
971128
840470
179952
020140
958922
333333
520976
795281
676174
798984
903052
814748
280825
973621
110611
890582
880723
147826
999999
434645
111111
060508
008509
834178
128585
312873
909549
251529
831890
197680
322707
202414
424606
850633
097659
350663
650231
153862
210174
943442
853066
909156
114543
543635
391429
649362
871940
416077
844687
199624
451487
992679
444444
190854
232688
992365
904182
828861
873379
204446
086901
994808
790830
378282
333385
416916
559553
036161
000000
262132
171683
731128
248949
459498
555555
111111
453441
828927
067420
843849
502717
888888
999531
125629
418971
179861
890893
293822
000000
349803
490683
815120
414740
258878
402575
870493
304689
886317
406365
754039
280943
344429
093045
268289
742458
318875
830871
259518
543748
035521
650926
729778
999999
666666
146937
486166
929710
249026
337632
407677
085345
452170
094316
222222
820926
700287
481802
666666
429290
735346
989035
404459
083217
060525
069727
494611
320991
111111
823302
037322
808843
140841
666666
363388
000000
325115
198486
321916
034810
782655
394473
999999
112823
119355
824445
555555
000000
092986
917629
402921
233413
000000
052205
743980
284723
098917
943864
336871
932171
409582
493261
291221
754812
028326
080567
127153
280146
070966
881526
651790
368441
571507
188982
430793
907423
925553
907335
706508
451397
777777
585843
555555
337626
260287
426182
564840
519961
869586
148201
599824
242380
285943
271955
436820
380680
902883
728431
258417
581431
777674
555555
555117
191924
941562
419558
791650
528771
296573
674424
222222
111111
282064
253673
983356
909872
419332
243558
410148
050982
222222
292051
393048
988653
862412
537761
197726
812907
369027
666666
444444
656861
803346
323662
675676
852940
342476
881566
614312
995211
937939
471537
616566
655491
887588
831277
849983
483179
430961
824136
889335
838265
908617
984563
241481
223884
892415
499818
688377
026273
984197
777777
747512
907103
985546
059003
229293
744012
333333
604805
282706
606185
939195
790265
100433
444444
758333
727643
777777
053627
444917
809438
074862
403385
434551
825936
696582
244847
225005
047946
842634
545570
076036
043970
512625
385687
826494
863103
396791
855547
118727
784626
839321
486476
189425
938679
878116
508269
163966
014477
968333
762241
444444
285503
760001
963906
384649
214838
837873
240166
842267
750016
376536
743689
109432
585332
444444
009962
438567
333333
656081
640468
134046
506655
424197
129389
040787
939898
666666
531551
243227
077172
444889
066319
975247
572070
080825
002513
899898
027348
380072
888888
844761
689823
553957
444444
687474
244885
242707
790576
819295
822225
859179
310946
725029
507788
800730
226003
163436
255643
394665
127550
949099
183252
920727
777777
544351
434465
861408
777777
925566
061447
849283
399502
601572
601564
845869
000000
323531
496803
444444
038891
888888
222067
407594
279401
212840
923858
672676
807715
715661
020619
085152
499948
208132
027337
633235
087335
623184
684561
429445
705570
692379
330425
053181
666748
777777
844130
441030
843871
308943
483769
855762
607471
096577
089274
999999
906278
204292
729767
277160
052633
124459
705515
879755
535641
570945
966045
934481
204970
228492
394523
599505
555555
666666
029061
189483
497942
111111
243627
335938
529303
105826
725228
703842
815700
992941
096617
093240
664921
578905
574226
424442
722961
444444
643326
808962
289465
903344
540645
500569
203862
323796
464729
013842
642396
188479
949609
352143
745419
229649
839629
399300
583102
267427
999446
786336
592894
243496
837770
989788
641546
640867
073919
540304
336417
782083
244463
303310
432035
474973
874966
930942
834149
821423
323624
388603
828336
087426
888888
242697
068963
138887
572569
334592
999999
397592
789521
219946
163675
723922
405089
310238
654041
467533
560214
400873
992558
240979
394637
740479
635852
312868
777777
287247
486444
987287
955657
468413
999999
000000
085053
208160
640457
330313
222222
609288
939591
830704
869756
427268
155965
240883
494995
363663
289078
213064
010011
417415
165267
103345
847745
825390
933840
303958
420013
297464
023054
433698
458559
983552
905558
721699
640956
492993
497642
023323
642943
260012
193980
115279
086483
058466
814717
081751
434510
945405
170735
598052
779977
066948
046128
390124
052180
209549
474594
661216
745948
934279
203607
956477
312906
075035
019438
375021
341822
809714
223291
819444
558335
529656
956327
351905
397164
693020
243400
549975
777739
697848
329644
501062
140062
206857
381922
999999
244554
027917
493376
777645
743717
701843
022908
839565
845737
843558
555555
585972
890683
096378
111111
333333
242056
283668
748566
834834
964007
216074
284844
243940
510543
401628
565935
603957
408722
111111
389138
666666
688671
475496
631404
795782
332648
424068
888888
750526
243047
429521
000000
452378
222222
131966
708366
199898
400330
879026
444444
111111
300392
974335
395469
607379
200442
203477
777777
038762
100333
222222
222222
248923
333333
881372
222222
695591
173981
332245
065167
585929
434106
005779
035762
800087
105877
699145
243702
284627
752464
880882
248075
976014
940681
976272
777777
666666
901894
008583
800775
888888
553029
948325
192466
909503
286286
189543
322723
666666
358286
468731
352676
272017
837826
079863
923055
108165
840698
893072
684876
204972
235539
956867
472117
438886
083640
645937
888822
249833
503401
111111
879840
943849
534981
333333
888888
025292
781778
999999
674807
552042
049494
473596
798546
071075
160794
402105
555555
260495
885617
222222
406143
555555
544813
263887
234362
061507
345956
777777
449597
442605
492663
867914
844002
792425
189095
323673
555555
858832
466818
247873
818865
410173
722961
284926
277397
230861
468364
175226
825547
524991
739999
157636
824177
263497
111111
671385
294622
750067
922059
111111
091898
044682
912451
762983
727565
474435
874414
898265
932581
746028
495349
061231
681517
213526
877667
444444
840947
254737
734961
414903
572975
490762
668888
039242
409407
217998
381271
306811
729263
440428
003767
864019
107171
385358
480928
433464
220261
864941
620219
150460
419895
675066
019087
726091
024017
978380
656682
880612
896929
492308
767268
257361
555555
628952
973900
363509
930696
117986
759742
488958
316641
462047
088582
174437
328545
034456
570506
359067
222222
608062
726236
981968
667768
945775
633429
761492
212098
555555
984933
089525
901472
939470
839452
806327
809217
555555
204181
560321
635635
730019
533775
385564
086777
775844
732161
840191
090247
333333
955526
597223
334071
693177
187966
113015
436331
312243
471881
273636
872373
739502
947561
692676
099072
398697
495011
000000
942394
903045
458566
000130
960340
261900
888888
804385
999999
404632
480405
879850
222126
816433
886123
416923
999999
784963
426122
702782
025926
082863
024678
254787
901459
742054
801932
791807
191961
310062
333333
714815
328407
839424
313045
178942
931024
303442
282344
729150
091096
226461
108654
288634
783544
316950
009146
199664
240862
559482
273421
306371
999999
757227
470836
708048
783467
760808
308497
267032
033973
679804
205785
433680
317587
130875
261941
981527
855823
345295
355207
630268
308522
029483
629817
884432
966517
483456
707752
762966
487912
555555
197612
262784
476102
878922
498086
333963
687821
491305
705013
825982
292693
555555
349147
971068
504865
639943
374476
448711
887572
443656
786142
467268
219668
993778
542883
108969
100961
014633
255597
128337
274496
489229
000000
918949
102863
893944
209585
813085
181365
290604
565995
490488
731961
040513
095623
890841
530848
051683
081889
597113
777777
723384
668187
680514
992475
754033
328466
433011
798427
788837
098525
406232
333333
408144
448627
835840
292811
222222
929068
310825
937389
340961
183435
229361
222222
826983
363217
978577
549516
988398
903694
395286
999999
225648
825605
111111
645611
449389
621817
382605
459627
749242
983454
402295
666666
336032
777777
823841
875962
938619
397417
532927
689077
524920
995471
458377
704582
620769
503649
210485
408676
147989
037544
000000
910913
850626
959626
896382
114032
059582
993991
675650
390492
998558
919439
793241
320742
498204
542174
290959
337236
444444
049098
381506
263946
000000
630730
212578
030071
333333
142920
094493
292759
786648
492666
126183
065126
080139
868739
238845
285542
340207
575921
852745
428281
096852
950635
439346
510866
999999
338792
932870
883727
025009
442381
393069
342243
921883
777777
829946
850902
428797
444444
778666
031146
666666
085261
290420
225960
666666
555555
964107
352257
301774
400446
381446
750123
800965
985308
158723
517895
019101
315477
027522
764299
394021
908045
880378
914077
164857
029277
260987
097507
777777
045418
847686
592919
712332
419721
035092
640925
448041
331560
047757
448885
854937
222222
003582
803073
885469
571876
217119
835681
896037
698488
420470
282582
340826
859232
882741
656840
888888
852264
048084
499837
771902
248897
448568
513035
888888
832841
591193
489263
484971
210185
837974
333333
012890
420883
964914
285906
463982
178421
248437
442384
348154
389797
597877
181270
892515
888888
123263
414427
028187
813085
871660
602586
783742
043228
028066
546766
290107
911879
800921
455001
570801
280734
632928
023060
851286
841986
417628
555555
482672
893163
331122
087875
793926
000000
829537
914555
666666
387481
984902
222222
674519
573828
875673
076829
444444
000000
986923
413982
702683
420729
192592
731848
279142
888888
123683
699723
787271
111111
379912
578710
999373
815665
883053
224844
586183
555555
328406
563396
171530
647098
830968
591019
007264
291481
333333
263474
200488
740570
087932
820433
644183
275391
298853
591582
132425
842051
222222
323748
777777
321638
046647
359701
837552
906347
709338
813193
871435
017166
258083
489548
588786
355425
537535
444444
943636
384027
222222
989101
070931
000000
834037
744546
444444
076836
872681
292663
934243
560473
633341
754548
314843
373854
315574
012312
339467
242423
857955
142038
871397
269892
094481
113222
378373
884046
337849
746415
858571
098156
113132
326762
888888
021043
555555
694470
208068
494773
275412
710870
301844
970312
326601
646814
058248
449860
159223
897369
684908
586210
198562
824867
459551
432136
723179
492881
396985
757685
128147
836432
862341
087688
624980
930782
421267
213673
855703
229597
333333
928248
173919
061961
242142
271096
773221
244613
265892
008067
346088
186326
942092
353415
479601
288999
213035
928724
029833
296980
021639
676457
657811
444444
012338
663335
074570
516601
888888
888888
315344
232030
238407
246803
553867
823068
171319
562332
628082
837632
440706
444444
259343
644051
388673
122413
022537
746481
550917
241904
303922
983132
005391
632002
924220
234468
812828
804842
811831
582312
330496
111111
808115
709421
654142
354420
315533
722870
935929
041885
192113
152726
795053
468076
441309
111111
373866
022163
043688
771509
200349
993433
423203
519666
486738
595928
194489
825479
962990
344335
482453
040637
439836
238607
984198
705800
239277
470966
593534
260185
390509
227737
240131
554581
852053
080269
199576
259947
063552
559448
352579
500882
703302
888888
103030
443328
552675
478498
999999
000000
906906
888888
968130
543862
034867
943975
782039
838743
690702
081947
046236
034285
202567
494006
183792
706413
692492
484469
147985
125938
724498
892641
007587
356416
124206
666666
084165
986320
233633
980065
488204
212723
535344
891677
921995
718176
888888
512273
044182
463148
426076
863075
274423
094394
539626
012469
842264
448968
666666
333333
970100
954621
306836
889997
941845
116643
209359
777777
847571
916015
864633
380768
211391
839070
398463
372003
568665
924692
331075
077692
829351
309903
489434
723264
825950
299475
219674
294625
036534
404237
882126
298501
222222
974581
036392
530142
268943
508305
444444
448963
466835
333333
788149
104681
888888
934077
776348
542363
596830
222222
553014
745456
171828
840393
336857
303392
284652
133883
759876
841921
009837
065845
240010
956414
322545
529135
118077
704037
087466
852417
909743
211342
809442
115337
000000
923082
870689
344764
138060
157420
721247
801715
950327
932614
424613
420093
347689
698833
775425
073677
288368
855274
666666
216725
300641
000000
297727
666666
588401
732890
308851
150482
602233
610641
111111
562528
037626
684643
686687
990536
233136
640035
048206
350998
802889
835837
884285
316090
074705
444444
684680
868016
979632
220209
223755
560095
382788
347262
022008
045168
515492
002832
952698
158615
261407
054132
777777
202267
317483
093866
012627
699076
229443
523277
672023
674674
109882
442865
999999
853876
256887
225735
761496
885669
468987
115563
609834
723321
999999
160831
635323
235421
229648
386047
005187
927688
932001
842243
200419
207634
536137
113412
801923
555555
938531
820123
383832
400686
903424
188128
489627
160784
903502
994515
098045
096488
999999
824105
902644
300272
707126
963212
194671
776287
623408
029876
438049
831572
977373
118836
609975
646809
555555
849036
330958
243061
485756
635391
959789
574507
888888
888888
373662
306601
940664
746363
231237
322660
223678
427176
496521
332905
935021
093243
668311
845566
640765
048297
865108
622873
777777
642001
565925
752522
325385
641509
131681
264167
333333
987692
434533
123553
497501
449189
398544
082659
707872
012462
658617
896606
874543
403292
888888
682002
605683
910444
884820
012134
003785
293985
160801
555555
920347
734574
427907
143863
296131
762798
749193
761759
848366
315085
115042
080208
777777
090398
812540
742041
471845
969876
811083
240263
394445
335567
154637
283942
306130
934798
468865
988493
279273
950791
597671
777777
785012
221824
344668
592584
976130
349286
534070
547490
328763
712952
459499
990391
982547
398946
233690
946818
790947
628114
482635
070940
816221
743128
070431
158972
901341
117346
669036
038279
231801
666666
795586
095236
838534
841316
535066
300012
839350
698855
945147
366356
749437
011985
685351
942234
819376
584188
446529
295003
594803
695656
906395
102378
250299
941403
392453
967988
648335
321681
814468
108875
629545
444444
037881
496331
995659
808411
725606
540327
119625
585562
949677
002665
407299
645450
429689
639206
331432
914580
318755
630034
583787
143035
555555
113664
238200
669354
994974
197622
981592
999999
856078
349568
292514
129445
843965
555555
390971
338464
787609
876619
000000
341414
934265
036426
491750
913136
472986
730877
934894
725543
297162
240081
432965
160872
888888
831435
000000
048055
345673
432123
909636
408831
894999
102747
214812
655234
678407
299751
121943
350512
484446
993880
158989
867875
192224
342725
888235
888888
309545
000000
647003
281963
906188
423281
209421
568031
849821
451978
397827
875050
586850
744713
833761
814614
813330
982669
632837
439325
903608
202365
666666
381361
481533
868612
000000
799559
098001
841104
099978
832945
420012
255570
217902
999999
238621
709766
112488
071247
040019
350474
059994
344078
924652
209401
234125
666666
226917
099777
547019
089963
310869
728649
259764
902640
578826
844727
666666
033737
240440
666666
259962
948967
852529
482229
359853
871331
943036
299982
245006
138402
822095
584986
611883
786694
189802
869337
328697
152098
042477
219374
380528
422112
333333
051305
374521
200941
915642
042858
821571
319698
312578
064213
999999
447937
339077
053472
529205
262466
444444
404848
361538
818283
244068
068808
056632
777777
040907
867016
553928
844865
373234
777777
169306
009689
829596
574019
029499
407581
007668
097835
936065
220427
812616
289321
149537
932433
322023
215148
062068
103421
478176
889882
111111
209836
749973
222222
934781
359309
542865
730196
066063
919954
203249
719444
079527
171722
777777
757475
753385
472765
804222
105810
829427
000000
005088
710635
727849
666666
924460
672826
336161
288091
030605
006392
037222
573451
859686
377501
935397
414322
886458
762255
009468
919509
952203
293843
485022
427906
975792
999999
833969
092651
044648
138841
800057
555555
876717
640567
808262
340483
719075
813883
921535
235147
333333
770870
293651
240462
044733
304685
601288
559563
111111
199103
112298
462086
361356
901810
474963
983656
512287
263877
022271
053617
876080
018942
067834
986536
304837
271515
264365
777777
406373
667536
294755
234499
394959
305545
909587
051717
954246
444444
987242
555555
317184
244221
555555
222222
627643
963527
495524
194973
338529
593036
246403
226571
202302
666666
830283
402471
948547
716719
872821
405283
240545
723979
555555
225931
624486
111111
111111
323830
463590
988863
443691
581646
272157
896884
404540
628972
299928
334158
317520
193154
826736
684292
180855
244501
227746
056896
592521
307836
042683
140638
868283
333333
070266
792433
383964
247041
444248
309013
840998
586696
930580
003841
429961
012594
974585
473435
826565
412588
001467
983203
209462
433243
080426
748510
208675
423108
804325
233541
882626
932878
572717
302183
886364
811571
304442
967023
276403
859568
019203
216485
895920
076024
782036
909448
377546
907961
131963
738573
803480
420360
909950
371650
467509
431027
262150
156152
201382
231730
779141
423236
498898
036912
113556
888888
222222
317087
450251
983570
203432
904622
888888
988545
004497
072860
840996
555555
661835
994305
064239
393613
148983
301956
777777
555555
333818
304079
402868
555555
903543
960561
048891
036094
491189
582996
443000
739136
388845
634516
672585
083370
950860
540672
720473
395726
733449
673513
809378
444444
999999
834358
118604
000960
093340
153582
530024
556903
548870
713184
726335
118469
227092
641327
947868
480863
082482
983877
302690
192178
555555
903088
118652
820110
804358
456561
843447
886774
927838
631622
520970
818641
283567
226315
238852
395951
414564
939463
770434
731722
877632
478400
393683
434573
923855
086472
028020
781452
842080
624527
092281
620556
871580
371674
295786
287034
642996
821499
672822
288547
917159
204473
895054
668783
702778
242733
802961
289786
408924
708191
899182
546508
348646
027806
283871
777777
797630
111111
400748
742257
089029
222222
467018
033988
717443
204867
179245
030449
424436
595897
444444
463127
598983
354499
252641
999217
941838
328637
273723
111111
024466
701495
991736
412445
590255
012137
642633
938517
116027
557283
222222
574944
249565
396437
336688
844877
932026
585422
329947
602071
912321
592327
387518
853548
023926
331422
422563
332678
143294
508223
460712
143203
802673
934776
950489
889777
381980
204931
079548
999999
111111
666666
898639
444444
463522
808359
089023
973032
622691
822645
187607
738937
474080
281533
111111
918110
323481
813692
777777
802686
543303
190107
233734
805095
329086
448163
425271
179063
519404
946854
435987
111111
488827
674524
184973
398830
641583
777777
442955
666666
953686
333333
943669
318451
294955
405959
176072
344065
002091
087283
480664
955535
229827
072371
542962
999999
448528
860141
556563
622514
989081
403895
728970
063328
047270
837378
078348
342976
999999
174555
252603
842671
813675
114360
400527
954525
041625
959462
539939
853295
851861
895645
538825
447276
114859
162130
924322
222222
899868
466901
361188
021013
994082
038427
068925
797675
279455
222222
695031
886922
519366
048657
163509
382089
848575
450544
878910
482473
087735
440017
414782
380530
804376
768802
094485
868423
371396
323827
986902
561612
194177
065354
218475
896032
463917
503113
224681
904035
529029
649540
621628
320211
409664
942922
509870
222222
222222
774593
734872
598571
777777
696059
906282
777777
839026
583530
660642
227612
593764
896485
265781
682381
720872
608527
198640
235747
226667
513283
709706
288592
990832
588502
266522
999999
091040
324255
290561
610544
530247
888472
301726
222222
222222
959321
022467
444639
111111
339742
988355
564549
319282
882536
948642
697581
333333
908867
087457
768381
284369
666282
078027
068032
837932
322638
666666
222865
932481
700341
532367
936804
092631
318308
003286
748822
257264
031881
222222
314963
777777
777777
624909
019408
778897
338568
138871
689859
000000
016782
304056
240966
212529
706161
333232
546025
532508
680276
444444
960962
929881
293541
571072
898953
024233
853231
603065
990660
925015
888888
241704
750587
001631
189578
999999
555555
050870
963013
777777
128573
487953
999731
923064
867593
499923
022529
993967
089923
803641
527917
070381
448597
033191
738322
150936
852135
592678
451539
123153
636408
388957
777777
555555
404031
870676
404136
000000
929942
238836
604069
252573
034746
497303
269442
625029
229840
832983
540537
538620
101841
150385
896014
629754
208646
000000
389066
132675
888888
999999
308583
333333
592457
946876
202366
533053
684273
152482
723498
273521
275276
333721
900332
888888
495473
333333
539540
507108
309912
762867
774324
940979
995920
552977
396975
525434
665586
213856
177182
444444
140680
798021
374881
999999
787722
048563
483294
936446
805503
961960
711247
258400
610873
827825
645486
043635
982265
111111
338186
549837
092080
139017
469970
198316
172577
520846
512579
600656
450487
593415
922163
514547
008704
889013
256423
182247
000000
671516
344845
623824
971950
259282
000000
000000
271745
463812
411886
864015
952951
524942
209302
320381
796480
284733
222222
783134
481745
341515
267188
555555
252656
698022
852420
572386
125252
261545
035092
365324
748215
480985
149501
111111
602823
137671
781852
594872
369701
028625
423140
193226
801877
070572
037741
348943
724774
520887
842329
970170
230773
666666
819467
366266
619954
276077
148521
320975
344486
295446
888888
443799
981748
928624
330150
330510
708593
354224
484817
883543
641548
100743
848722
130710
988652
837662
560991
095462
238230
093863
282486
333333
474822
222222
380087
666666
298783
312992
324897
206325
222222
462205
391885
967347
554282
674930
564786
111111
528987
292642
273692
002337
555555
905226
133911
899671
217845
222222
433840
388040
730772
327632
417482
062046
817427
555231
829970
885926
943991
538331
898492
999999
011786
494828
508093
036696
221486
196583
938911
424835
981213
015286
748547
251539
638586
555555
277866
092526
374496
359864
258618
484353
050930
034199
847012
580889
678021
915453
385272
232931
270073
847925
920722
174650
996906
666666
001769
982944
061876
999999
548642
666666
045575
820363
527610
765890
020824
695053
838708
908417
240322
736963
152507
024012
274299
823576
899376
272806
727806
000000
945871
797218
265924
333333
950484
910045
847151
608901
909929
929943
987557
019003
297242
047991
999999
054349
204726
666666
318312
631466
273632
688475
317325
929168
625086
273215
245470
444444
387585
204699
024072
555555
288538
260143
111111
307586
953805
222222
302574
587143
707588
935087
394921
950073
303636
864740
826768
887948
613867
544646
821967
998547
022288
863535
321048
148131
706572
649351
431921
019864
555555
995872
683829
284525
389368
394969
008711
717370
140478
278435
053825
922236
341874
111111
348563
788042
426045
263930
321775
309891
887703
810476
154502
630273
433031
009887
869387
193726
099087
656005
629985
444444
409786
193024
852959
609431
948871
509945
723106
101120
099833
845904
874582
878671
549985
542906
999999
808401
899347
722686
632982
280099
288921
917508
900043
686374
930689
375728
563262
739840
824855
227749
184873
144357
111111
602923
039334
056003
500601
583436
320722
582822
893724
333333
532571
872881
075612
424730
823662
523578
572608
490117
734613
967484
999999
585666
929502
284137
571285
999021
167777
100387
353715
979823
410018
478016
482635
390207
054486
832623
000531
210779
421882
555555
225775
821121
198234
342076
350507
888888
561848
178042
268768
917579
140436
196923
203659
148575
065996
881685
940044
494861
304848
438707
498787
682221
555555
268190
827864
346737
228432
051405
098990
886737
532402
393445
150644
383879
370980
749843
407260
989384
013990
288516
645467
036761
968521
819649
714002
755825
620305
236983
648513
946607
834673
777777
388002
348875
984232
026453
709461
786705
924929
892035
189564
650822
948026
995087
295876
352466
934012
777777
413072
363605
055122
485363
042920
861455
301996
869669
114790
178496
244713
995267
400589
215203
916579
111111
210567
127306
099142
975454
841461
320858
259533
711717
205230
666666
369915
185697
333333
830043
808861
690142
503328
823837
884606
624592
121997
911862
903135
562511
873432
360744
728907
379315
708398
338701
829880
134956
838812
394534
440526
399874
666666
802537
072222
698576
777777
324685
277251
247979
009883
444444
999999
944718
473073
841624
297115
903483
400757
014195
449076
389284
991085
162953
371862
716386
045666
970986
155209
463336
980001
214836
496932
648771
140043
255072
208597
234218
092464
625523
000000
398475
672684
888888
410768
700680
101617
445027
284601
079780
850090
443545
296285
253467
878648
923978
704575
730838
602973
450132
911793
172065
902679
335702
921640
819737
352575
388186
774987
900615
000000
816412
220853
462219
706877
204542
204085
214802
195211
282559
914867
883460
030079
777777
466506
146189
822927
580133
918479
947040
976142
096780
289671
883432
694327
409774
688666
541550
000000
512081
999999
715977
173566
333333
999632
816579
976925
844489
939898
574600
078685
434151
888888
946199
889682
925354
999999
111111
916465
294820
445912
438316
002057
894212
503030
065476
833107
212406
049553
427339
232406
615780
320403
059193
073073
033061
697318
396149
378601
823227
742564
333333
993900
349341
006455
764649
619252
944674
179283
413199
184392
060653
851474
343508
989542
280333
920975
473898
857664
923435
039966
354562
401933
994662
109088
180611
440062
210255
848442
827240
839660
328563
038972
445673
797755
332583
073093
211520
694282
838307
086113
599087
041536
823557
694695
206474
415018
000000
999999
593699
376402
164990
901050
888888
017912
292029
529083
263846
982675
970940
337145
433757
402596
369623
994505
121044
223832
779945
006676
300057
531617
450558
132400
372093
297675
980691
995252
555555
693227
642406
114524
903810
899431
000793
950527
929521
410863
519939
434984
329978
823255
395809
262685
825830
918672
333333
327927
918621
607808
448601
392007
608977
255221
732727
234242
700662
444444
993932
473049
000000
207066
777777
555555
048963
523876
120906
239375
000000
278296
463823
036937
176069
944806
741747
480162
583509
098513
055281
224811
229113
033829
591882
400033
903555
127427
737131
814253
049504
372598
789622
584773
888715
703223
208180
720555
284015
404734
881022
297460
384947
005121
339117
046021
567721
555555
902271
816031
205742
301369
799171
799963
333492
299676
326835
169906
929720
888888
706782
882233
572102
736673
877513
998407
872514
000000
877303
129704
999999
434867
108286
020589
855956
894206
403327
883420
557419
820976
041902
777313
422825
700903
343149
997168
844441
082402
222222
268405
422017
982547
012307
453699
404631
406477
829090
000471
439017
999401
390861
293720
666666
093366
089255
997447
959253
170215
888888
728530
433343
735623
936666
126831
393138
777777
100841
748640
804903
999999
037525
088129
543885
317864
259863
342313
872260
672304
411655
269639
228172
097715
260565
182619
363749
088533
988226
775063
660384
999999
335031
614587
999999
028766
243933
970747
270179
837752
333841
798860
442115
480549
364446
784661
224880
504495
761840
450390
780805
888888
758865
516848
498541
228006
999999
827753
922765
970463
718355
777777
180542
828646
053670
240503
283070
111111
090321
777777
080462
047785
680612
430037
346629
090148
413525
167447
160789
598185
777777
579753
479129
187268
297590
060412
567185
111111
222222
905484
941503
917988
477527
928662
866224
479629
920571
774547
271870
826481
444444
810221
731630
285642
392533
556982
898957
776187
803169
378263
522847
088781
722037
271573
143650
547806
909658
963172
996671
088876
058645
093476
336899
049958
635819
919326
386320
528553
908821
588755
822675
826640
136008
678322
998732
182425
800403
480565
907082
888888
222222
047459
849005
554432
087726
333333
888888
362858
075834
291321
015226
936965
653043
880931
205095
824195
042425
323537
835774
054384
890495
289125
222222
824935
270342
666666
934033
643962
444444
897107
666666
331484
423582
444444
881530
917843
998942
857542
028563
234537
001866
239525
635769
205964
099439
214077
444444
708186
422540
292001
545329
292372
222222
144045
093964
996250
048996
692826
077034
010453
250664
607803
600691
522157
215860
094465
735851
428855
901449
931892
040571
546876
747649
222222
496426
033138
471867
495335
968248
097917
714770
985533
304269
327235
578843
607575
430143
898343
522722
080872
742843
533432
888888
454422
409668
045868
423993
597586
000000
464853
466880
203673
014060
689663
010491
234586
466235
461623
999999
644222
641207
245865
808575
281937
394523
666666
044165
039298
877077
528037
529883
077792
025744
111111
659558
669674
235852
564751
894840
405822
075593
448961
344200
859120
661161
555555
888888
692023
906683
927314
418244
111111
233654
555555
000000
990827
005487
588909
704602
282818
049202
056864
579883
830326
555555
333115
234980
306462
643849
845245
820441
053832
444675
342650
134435
833547
698562
998607
777777
989574
908713
443692
702095
843378
545959
255545
437023
742513
332193
206465
222222
901592
555555
938348
185142
865624
725676
737736
744342
393369
666666
120477
406394
093695
371971
640340
883781
230823
182876
100585
901236
326087
359846
811417
933117
277501
840345
045030
177302
777777
514603
027145
111111
648257
810338
723742
231349
593007
384057
575951
569206
049633
971321
849526
888695
927733
366886
214462
917655
347086
790744
993767
533176
379515
487844
705866
346969
708843
019056
052564
889222
989338
198237
666666
888888
333333
824583
249721
000000
398014
732091
140862
308597
279357
894663
560198
871342
700084
499589
669038
108479
609676
555555
463453
556367
858196
309355
666666
341185
925498
850102
853381
444462
229016
190669
331833
450509
668424
923255
222417
442473
409405
038540
326138
824660
689730
690656
415680
347362
000118
014590
530515
439147
638165
513383
548919
810625
251531
364832
347584
198423
330905
443975
196065
449727
497643
991948
269267
224960
144487
048927
457593
007687
666666
437622
538443
283836
322756
288032
428149
259988
233985
999999
666666
304692
829432
947110
557162
438745
631676
530037
327247
293844
993288
333333
160184
875076
020880
265083
999999
834797
074322
993485
031093
092786
275825
487084
060288
120662
239836
930017
777777
131967
435853
170485
705500
482805
862822
872651
422149
414928
830130
727161
743013
553881
296543
749705
000676
362767
612599
132294
254261
594096
720841
403099
837771
838588
264636
109138
205565
869813
802054
155422
177480
232808
900806
955169
108445
378074
358909
384989
595854
778645
383013
519767
559423
467786
743810
368042
000000
634983
342180
872620
692348
314844
291492
053669
446081
888422
210006
030445
227691
640012
657056
848447
868181
249293
555555
480033
252672
186908
833344
281861
062089
838894
430962
134594
996031
611567
197342
382721
437627
801197
489922
951867
888888
005940
662664
063506
642466
251576
473480
470506
725810
265421
945646
298063
384532
871881
777777
845062
999999
460157
619153
036765
024428
222222
760653
577227
421891
089456
611597
579610
035495
745469
410440
364447
378521
608966
483527
724688
697357
722367
229538
089168
030766
888888
198441
207401
698787
302439
628923
063363
497918
708585
905730
156412
306146
049436
532226
480261
262577
473761
000000
777777
013906
969776
752453
896212
294789
218292
422636
289304
050030
680635
394985
468127
427843
042655
438894
000537
484019
059677
949967
364010
026098
008731
081367
261927
962788
501986
883772
810532
143350
322925
630549
392880
064899
808201
197451
890846
431130
320506
202089
301197
679422
454443
666666
604750
217040
444444
564671
560234
902585
096462
111111
469616
040873
500927
771798
310788
651461
414031
894584
238653
431524
226430
828755
323482
829536
899305
888888
222222
545752
930081
940949
219326
232198
777777
830074
273443
222222
137933
936417
222531
485831
258567
457131
032855
444444
590489
975986
012783
833467
333333
873412
322431
663084
830417
555555
740368
436343
399545
076947
584742
777777
044420
130548
520433
251806
477576
444444
549762
498245
433455
828511
309859
999636
757665
880994
938421
944789
333333
130642
804831
098220
845962
260945
343881
740492
279549
222222
999999
630642
131022
344466
336277
333333
111111
014088
542082
076836
143320
925118
250981
485616
984181
111111
102577
687461
665027
052384
897373
835661
027488
829876
365079
236245
684971
288239
294744
880060
854026
817466
900186
209060
889114
258799
116822
444444
268656
998560
939880
079187
705842
361763
150304
125055
060419
880393
254511
386492
525238
874389
262553
595823
705326
999475
729581
222222
042625
347740
192616
828210
548988
278756
337043
157530
019453
395486
582787
177557
499427
089971
439156
761947
888888
266283
806561
841302
215543
813030
034464
515112
373305
813427
122825
312731
777777
000000
229348
045125
740538
882305
162938
839036
444444
038262
328594
040685
903852
316332
208181
138623
473661
940499
169364
966613
561865
336447
303864
294932
332408
615426
054045
341221
788372
020449
999999
456886
269224
751612
734223
146111
703785
956215
666666
706231
726485
784775
429645
173389
305147
993338
444444
222222
202373
268379
662836
600220
008155
409805
213762
636010
182638
329655
884848
283130
220581
399942
425808
644087
549840
818428
672733
050602
308929
638541
888337
444444
745140
000000
587541
039672
331927
057662
352433
076876
855161
301087
778448
240891
187989
990255
625681
533714
910616
985540
727965
020500
286366
427755
236549
279225
361581
934080
280476
134046
522493
326836
083524
999999
000000
924686
759265
468854
543929
138481
980540
222222
978105
111454
604551
346208
284908
228046
552419
284383
333333
338230
703771
908286
977864
999829
145871
158633
715286
421544
627992
476646
555555
000000
490197
279484
158686
502937
036887
788787
346031
852364
040865
316576
054982
356377
413192
649821
244725
111111
111111
523813
485384
092931
444444
890745
570936
733344
907470
463294
340426
309580
125291
999999
148981
573682
108109
558947
444444
823915
836127
426568
307672
029227
966669
424286
776163
776668
144195
826055
963972
909367
032277
306516
447311
816460
798494
629911
887626
731518
295518
047279
267422
472317
377117
306286
367817
473985
439366
489523
436468
382740
111111
555555
439992
639351
999999
017429
125435
782326
433136
488674
130484
949799
838548
884070
222222
722891
448578
999129
010937
850452
483006
999768
697105
128032
924932
864975
557441
090592
647142
889841
462563
037090
057632
510986
362389
522474
923135
972871
008095
314911
359086
567154
225687
340457
888888
597416
539156
935789
435601
282167
908968
710985
548477
069394
925115
183371
904840
816987
500580
464943
428752
738061
641773
520662
479579
530733
221151
474635
548705
935882
802041
135966
043066
379515
675326
094431
303570
990834
361262
492727
014728
323773
709267
666666
853191
793143
917658
345304
777777
824966
360048
403823
698166
346332
901423
489193
555555
900480
777777
684076
548112
858056
049983
983368
952092
276578
300833
502268
043783
874642
630537
043746
807413
584534
023333
368911
923969
086683
936466
044527
032590
275327
432889
591897
084889
325041
943893
046786
924298
783454
440780
953045
555555
938490
754507
627480
098066
495663
926345
094915
012251
777777
111111
222222
380691
884099
995595
759698
935201
239293
464347
877506
385049
111546
163950
974599
159131
390535
144437
298221
424497
670301
684603
621077
606882
739241
855934
927061
212405
974009
444448
936644
202463
640101
420019
831896
068436
999999
430452
482658
815889
980630
801586
249906
781326
268873
343333
231598
604918
612072
824115
222222
264341
973653
509321
847532
939471
544073
980071
623253
228430
696342
909445
245587
364505
444444
992422
225832
067971
842699
988105
554823
282662
416692
039321
777777
321504
803938
888888
033361
304566
444444
797934
333333
230553
804465
999999
643735
282473
547539
880211
444444
260053
434526
082169
450837
720480
251481
260425
555555
632885
387976
902741
803305
426812
591736
684941
025715
666666
890042
140986
889719
186562
395081
602033
999999
639551
643974
418731
448601
853957
412822
580526
222222
291202
862175
138264
098103
069467
675087
055530
222222
024161
077412
426245
444411
473579
979704
400957
297661
922310
963077
298923
291237
931959
111655
300847
449876
378233
430936
999999
326260
099692
223067
099925
111111
111111
443686
888888
449807
522606
868302
920589
111111
095140
215482
628567
992338
349258
355523
454276
666666
643752
431935
885951
444444
087484
541133
833523
984342
884502
485959
973506
547676
444444
222222
328381
244683
435493
374524
013437
968833
728628
513364
700286
903739
789415
762001
400905
302660
927623
799427
087847
103742
088132
820271
383532
331326
754596
022617
923139
315987
163233
942533
932881
977527
344916
544672
390630
420011
433651
867105
555555
111111
475608
982815
027981
666666
330484
836032
562395
740859
790474
892542
481443
053945
491076
917802
498382
179745
981533
654579
042320
884532
111111
143327
012297
422368
508764
288175
512827
310338
478948
705070
319447
322120
833583
888888
444444
777777
539553
089952
742592
898383
546015
691500
387453
185421
434902
809130
722846
272952
146536
134025
372525
328625
908196
742542
960563
562391
315744
999999
604396
375402
004281
111111
966604
094429
609439
365524
300955
163792
213072
707821
064311
499639
379713
222222
970085
429483
387475
692137
630561
996866
444444
299191
022723
555555
390426
555555
333312
483438
445475
199571
515944
659423
000000
999999
371358
970187
933537
315955
388945
448586
260865
304607
418861
517427
540997
065450
393431
640948
729335
182461
412981
199501
855702
770577
082513
306086
999577
161067
527988
097833
146463
198717
960366
846028
302412
633069
530738
280798
000000
311319
390966
088933
362566
476943
609463
678097
259220
023833
111111
822035
272193
363412
203880
308313
103948
700207
690268
372624
205361
243362
033895
456989
421135
524522
248375
094072
888888
042634
162003
895481
077595
028621
837141
340100
019490
289827
019687
111111
413902
910627
834821
649981
406272
670476
384789
491106
916857
666666
111111
859322
044051
392923
230865
332236
006526
010070
032381
418027
741985
908180
221565
898837
644195
423259
005996
736934
870142
847547
488826
928325
030052
497692
940683
912977
089506
613699
111111
293721
546489
777777
003649
998942
552044
354985
375553
431974
707693
043671
074694
374526
105920
555555
999999
888888
159778
482095
892865
324576
888888
777777
002932
490842
971428
333876
930036
947925
820156
555555
581493
336699
943184
127240
139523
049890
833363
445543
444444
973033
289817
360928
629856
638632
333333
555555
988942
442931
878434
202077
241445
210110
225985
450826
111111
873583
147611
333333
502846
334252
393035
853901
243068
603872
444444
210851
334052
303944
967456
974130
923763
624640
032763
802680
243077
718416
530824
190981
685031
873263
944751
887537
858867
504045
999999
969806
304589
028382
699945
338483
777777
782562
589071
924743
987497
161000
222222
111111
103407
168826
680732
129137
924038
781086
154202
555555
810449
771086
404912
444444
213536
209877
855296
094552
209063
988316
000000
593520
023655
222222
452471
321887
495607
113918
471982
692196
291153
333333
548765
777777
879617
645742
667797
777777
225433
389026
034822
285055
294661
295469
444757
511874
879645
033067
288840
862514
206347
473451
629517
530581
356298
675932
000000
491634
813521
678265
758796
888888
040035
171901
333333
288023
466427
186443
886631
222222
090288
031838
220639
202466
471008
333333
338477
333333
736074
797547
981466
825548
120795
247140
384077
423590
941663
479203
162035
501711
468432
349450
601061
618765
994572
869724
752659
049547
330947
111111
082977
380826
638126
953570
401073
036254
399631
480825
520206
796155
104747
828385
834367
555555
326743
888888
245161
154410
731681
085015
970678
598047
312073
414557
899724
614002
399097
213863
531598
490705
443783
894631
040836
130673
822248
061212
753639
420167
965515
877246
506229
555555
922830
453636
906157
777777
261181
731681
604269
279127
333333
575626
411588
615324
791205
704996
798785
869355
587257
922021
967135
916274
492444
894660
671410
959943
431915
055096
526013
916463
453981
672821
297242
044179
998459
129623
029356
244014
173033
777777
622034
354549
633181
002236
783526
492327
215483
141688
683581
489985
378397
224157
959540
849442
473837
594102
000000
080165
234720
108290
229175
000000
091341
262702
854419
330033
348087
477687
351892
459976
916013
187693
002125
584364
007946
630685
896178
345767
264520
027744
920063
757187
889071
633749
282759
307476
810843
742871
820655
609970
693696
333333
580465
253823
601715
381525
649318
777777
455773
909017
429775
398671
734823
233850
049777
572035
568521
364151
610121
391355
595815
418422
194405
286247
270069
969989
757607
185070
332832
467500
888888
033974
530693
627755
058349
553206
063822
519468
690228
053950
327863
343465
285056
396201
692624
973655
062588
825721
397655
710574
994032
999999
080613
444444
224097
984555
420028
047839
337904
843230
937522
814960
773019
952714
794057
437160
390281
876362
350616
792114
700893
211993
530332
608450
444444
540545
920155
688512
705589
900620
238167
373562
393440
507975
029648
093685
470222
847761
555555
358655
598837
889960
629610
777777
824816
909546
915279
779745
222222
262598
333333
520335
555555
093031
485985
844984
014971
935529
049962
080428
430437
883866
225287
444978
673643
985997
042674
798013
445040
450397
365666
000000
425987
860202
400976
305172
398976
300304
069535
973100
952337
443432
979675
680330
333333
776882
407532
064046
300333
314023
633764
609762
356571
314492
643702
333554
897933
999999
947935
444444
383987
440923
888888
504086
269453
710555
213863
231722
385889
318469
418827
000000
491402
868425
426853
598137
000000
221430
439892
222222
323441
333333
884518
999999
442808
405116
999999
407763
524580
271455
333333
902767
719557
260674
603706
863072
460460
482621
518048
154696
292446
808892
349939
269885
305495
200062
300052
808444
209947
632424
242165
424575
888888
777777
074176
988478
247022
793638
111111
399692
612991
439400
441141
333333
240343
442140
888888
178836
815624
666666
222222
631320
905073
222222
239342
230424
405580
134636
331874
687095
945809
864926
999999
596966
340628
367032
666666
598681
613068
555555
319485
428126
666666
041056
090110
520957
555555
170078
757481
356365
281514
293567
867706
307991
895323
999999
809994
958830
639926
208521
777777
888888
149073
338978
288977
400935
445397
706761
327166
917595
102677
039437
370577
000000
010378
297614
333333
838551
752186
927441
053248
057436
489323
083849
900627
888888
698689
314121
063727
444444
999999
306916
975537
190085
548574
419371
480660
777777
022984
629811
999999
298022
485359
980425
450763
082617
232950
422674
060591
918461
938547
838798
333677
204615
444444
053735
713742
192028
343909
855048
035444
834578
972467
442285
348943
410900
019413
888888
013322
701331
202643
343292
583431
647395
885820
222222
854163
184418
746386
414027
025932
320685
444428
679584
128556
619076
445875
348538
666666
278556
555555
890640
573877
542892
689983
930861
888182
975737
182515
903526
980276
036830
545626
438472
205866
666666
043775
530542
231482
555555
277774
776237
280323
903601
527422
815735
409599
604811
709406
459713
103753
703461
062790
112793
999999
058070
945242
313796
911731
267709
989496
175004
290570
172205
303299
222222
262737
041051
243588
333333
111775
432379
339094
346049
428281
333333
418318
258547
592018
470612
421265
743367
895323
213581
513973
499367
894510
666666
944146
012092
683077
336297
301636
426172
199749
256767
295636
939497
137833
922555
352461
040194
297676
059034
385043
996419
340591
919023
222222
944448
858936
807987
184572
863635
618667
244312
710098
190671
596097
436049
114704
000000
773347
200113
580373
976830
114546
627682
224575
048707
385802
777777
488620
902312
619616
111111
703031
549371
333333
853027
947086
931123
396084
148655
364517
822686
202201
080413
900622
111111
800385
038392
900756
444381
124637
903061
593094
031165
836418
164877
469932
359588
350144
209586
939818
802592
523882
598392
947716
888888
821038
292471
773792
115067
192493
300083
953161
364273
914111
892399
408775
004403
630537
843423
573862
785413
242093
341075
672945
034421
828461
212541
887072
777777
746949
828232
020891
892267
041431
111111
034386
333333
795212
011667
210747
933515
985091
182532
752630
548172
059373
023458
838869
292876
509943
624967
777777
426801
583719
836440
125020
846983
111111
130145
430460
420871
883646
448597
232534
097936
796188
410435
813185
777777
492867
333333
636574
685653
222222
394834
984086
473641
111111
261789
444531
444444
593753
149142
514402
047606
849681
777777
074575
805430
998611
257303
397616
190926
374486
999999
628236
495882
108067
235563
020698
897672
068442
403433
541929
548618
225045
830046
545522
945711
770674
451371
074963
383482
666666
474871
988973
240137
727387
599567
482812
594103
943936
229176
278803
949690
950506
404775
051811
716566
555555
999999
868076
948524
416187
777249
073951
073887
584356
888888
375533
085750
999999
623273
149480
256483
891746
265992
193083
759379
909131
504515
764429
963734
221037
555555
140822
685797
297537
717092
741902
428692
899562
380408
933456
300060
401438
519254
428302
798296
278230
666666
145499
138676
983983
108197
079227
311474
446444
999999
965916
656468
325472
250541
173662
896927
999999
777355
338839
243403
384668
161009
820885
294583
493881
111111
929835
666666
033387
333333
328482
655281
604814
555555
220662
270451
200026
705845
793675
445692
006523
537706
098890
836265
664621
269038
000000
979919
888888
012551
104507
393455
955651
304981
625546
542977
518906
540971
820523
114769
631195
652321
929743
510977
526838
893155
848509
777777
816713
218239
492398
777777
146902
234800
352736
888888
953401
129450
890660
509542
341201
528524
977948
384838
948717
440137
861493
844031
193556
001010
199015
336462
183312
334177
000000
530801
249015
811175
290731
564364
021979
000000
031682
956642
535754
495775
910749
897297
468077
367575
300117
349204
023984
230172
382955
532762
006843
397624
049915
441145
900624
111111
586562
276494
611575
306102
063685
635685
477340
074790
989850
011779
483001
555555
295495
094823
322173
582646
362161
504872
455265
566483
471839
986635
889481
278579
862126
519828
314489
843315
999999
749835
879967
302893
019973
208433
081001
141962
922682
884887
444444
973933
889639
562484
000000
000000
777777
010842
222222
949403
275730
761395
738936
292479
485973
555555
999999
687092
008381
959227
374406
777777
724973
324974
874623
880456
000000
999999
048613
532481
041432
844431
161995
913613
097700
000000
308616
344200
219834
921489
080893
942812
073726
988684
293723
000000
913757
688492
874567
537515
458902
309835
986865
899062
620227
015262
740984
324047
080038
240472
306347
053327
902594
403786
073542
445503
631841
000000
532752
299452
300543
780735
111111
637228
093531
636747
894929
999999
092540
370643
731864
320771
555555
000000
059006
715987
231642
180197
419562
049650
348636
802476
158563
305063
846712
838723
003877
389767
419676
698472
517066
205261
455819
579586
174025
331640
975665
111111
000000
142224
716938
108725
777777
159081
963341
614151
422797
703419
401225
050537
186469
230038
917926
042866
384682
391311
398075
099738
518716
294253
000000
464857
573982
448887
332237
789012
231260
731972
234822
344338
180165
738185
422455
741213
250974
999999
447846
933132
390571
344436
488693
918850
422123
487425
269144
465735
846781
229540
064883
826162
813022
849828
888888
830306
885031
111111
604946
053311
890863
160842
992975
161986
151636
734576
751493
954931
982815
851973
434192
411002
888888
111111
329068
039684
934622
900314
855447
971467
999999
424455
338042
881165
053018
970996
038546
574372
206530
390430
936221
370904
291364
645996
486123
444444
362490
845494
833962
526612
028840
468629
990022
903426
064143
371224
797096
493841
038462
181192
458978
386903
689262
647013
284520
775467
812269
382995
949681
222222
000000
381047
969036
037045
027094
659927
599233
919801
623485
941272
651336
300052
939524
050021
003980
088672
704788
019877
150951
558545
334925
226745
134681
152073
840962
918481
030376
924363
836883
045025
704008
240886
974058
291365
352884
001131
989537
942763
848342
555555
610185
419772
459614
556693
294653
283242
139033
932505
298645
638142
229943
524302
735741
893685
436815
054088
669866
034309
003825
583999
863212
405682
156864
548076
674585
184492
222222
900449
279479
777777
241851
230973
666666
555555
537541
303744
924888
023237
423881
640861
816707
130987
228395
482582
356406
522072
800130
005828
407988
760932
004218
824905
224241
888888
899568
557542
700157
777777
952014
282518
277104
051605
000000
989478
398859
444444
555555
685542
346245
922583
330901
035969
979042
669180
574484
050469
281428
868573
248865
138602
194532
409773
359051
555555
620809
730484
964676
747635
501881
394625
653267
624924
340444
037487
707242
125531
130752
666666
231608
964094
368862
089923
777777
333333
900683
007888
111579
232883
400856
997441
090634
997486
809450
069857
103929
192945
472392
088513
803215
333333
150033
129944
432573
030608
255867
834064
382844
413130
031936
164096
811940
175463
374475
433656
003870
598174
888888
610948
235906
523743
449391
888888
894369
782754
620653
272203
522295
992305
308649
793691
474580
861414
982412
338522
361278
384532
925210
558796
629966
849263
519513
359219
252287
432725
486481
486808
763536
485985
811884
543645
595332
118437
629257
223377
777777
128438
000000
433026
001036
222723
556341
663770
859467
189817
839162
842904
341407
224475
662293
841268
764444
052568
179888
427789
905960
294852
432889
909875
999999
000000
331978
370702
244789
285625
107603
864944
290223
396463
862401
220901
444444
102521
203870
889537
270200
403558
374321
111111
588937
804727
522422
529165
444444
719482
819884
221921
381060
004265
088302
584227
320631
871845
328595
416625
387660
143365
078285
082733
824567
199490
651943
465650
598671
492889
829293
282493
128096
148027
181991
364181
598064
914265
289035
289230
629022
599573
364784
696636
720818
766599
220669
092133
609165
680890
403576
790933
834958
373685
289869
000000
288985
444444
294525
888888
073529
500676
343175
922436
720807
299524
751601
169753
000000
424223
222222
495025
083404
582165
244677
623902
214097
311324
548605
777777
833678
111111
356836
746034
186492
626844
376647
192161
292184
690249
202438
279256
771885
900014
043050
088832
505843
924142
231103
947741
797852
026967
898322
709026
464766
444444
222222
299936
722077
329260
440995
912942
639837
536681
211037
490426
265877
603206
529100
893541
393685
697555
206281
612913
421357
949411
360405
022565
777777
124443
526065
883149
424062
442771
655672
006928
919622
450368
931681
000000
616635
444444
167537
242460
186056
934462
519675
888888
092396
568215
493684
899468
084237
754640
666666
581169
406270
805593
037665
318947
056987
412000
543584
999747
063581
420243
444444
362047
999999
167972
444444
083923
456834
281426
444444
100872
166984
394129
813269
036652
118969
743587
543927
894746
168575
222222
021672
999019
438960
819938
389421
743872
209031
260363
754778
521573
063032
193284
043801
553538
290015
333333
309894
297852
902460
226164
282827
835627
224087
027197
918591
292945
603707
777777
328451
847595
888888
029726
056934
838595
488411
980576
424149
619366
422670
848130
298207
109820
854166
344537
842202
548864
858387
196021
006445
485331
784523
989265
563471
589463
089945
987900
908672
991683
149051
360377
448637
222222
807872
949240
344455
798381
485182
848212
824901
548450
293839
888888
913392
928866
023586
235447
303815
948622
376447
796473
533863
685072
720314
777777
948776
484415
545773
911266
559950
293423
888888
903174
555223
393025
441894
777777
179962
888888
081640
807753
763368
832943
905088
777777
291025
239624
480373
210920
951637
639148
849654
869082
243946
218197
840009
433881
485748
877143
283994
777777
955325
411379
823494
692547
616623
120026
212425
753898
671435
111111
018021
440813
312066
999999
260477
666666
824061
440394
494447
204203
088707
970266
723592
605362
183712
883378
979360
039666
858333
049666
656085
100283
403157
473068
379895
974497
880419
620532
764446
072335
238066
357962
035329
929053
905864
310829
513036
779865
086164
397624
881027
222222
777777
409076
578641
293841
895835
603435
230771
620980
515331
448735
607985
972633
741425
584076
897080
323041
359356
015559
073744
168743
437210
999999
849888
298384
687749
941001
364628
758665
770536
498146
532108
210181
903035
503067
333333
309025
628071
164462
161866
254488
428440
001459
237745
726555
222222
541812
306235
327921
784863
627426
993953
279166
064028
800873
631475
804655
965943
340934
790376
877786
458421
913697
740386
666666
520046
444444
286587
363163
758542
816536
384769
103583
022419
347836
928597
521111
777777
233145
360349
300887
964691
241524
259117
798249
468895
040440
507608
555555
529262
491546
881626
285590
688803
329060
733688
930542
562413
590748
911564
488387
001186
996962
527464
921608
645503
291349
361951
921227
968949
264924
450581
872370
320623
432055
777777
448314
255962
312841
688513
940806
367875
208254
948829
560737
423947
969528
052547
790223
923160
555555
555555
025637
025775
459623
546455
395985
807829
921928
111111
203433
456394
485519
737183
381534
943443
272942
610763
489037
791136
549172
404987
247010
844427
021491
990064
319820
855972
139027
813587
111111
456844
574061
768516
644836
978510
125373
464400
632116
741359
720391
666666
199524
241827
914149
341389
144752
710945
111111
909843
002851
060678
458099
729142
843486
863250
379216
977571
891028
633049
420536
232885
307489
226923
483870
149829
241195
083382
908832
000000
224930
862023
442406
996952
213549
224094
605519
535174
097231
289041
748465
110808
999999
243034
955387
504929
527033
340001
720594
592732
082647
019350
685949
947620
834306
812969
213682
111934
071789
250601
516467
500503
777777
121916
071943
783829
292863
408485
904421
050834
540358
394429
034323
111111
868041
265666
222222
353866
752770
579796
555571
111111
058639
153184
462347
000000
027922
440519
955602
259401
898033
881139
053912
584579
814443
364761
293478
228545
486507
619433
054057
833086
984738
235120
572947
940720
309672
911946
764832
098435
716577
237112
221813
384369
496256
139082
686692
359619
541461
080130
525441
012128
289076
524820
484826
492457
129085
010121
929499
000000
594421
146825
634841
555555
444444
333333
216941
008559
805077
154427
921049
912836
376765
054266
443915
713034
764873
512156
243456
760102
243986
853677
864118
474733
876157
888888
344457
203427
698991
483926
111111
984266
539531
444444
143786
242030
000000
902573
580099
605068
306245
096726
349579
321030
268443
609478
372646
800937
125858
748356
102314
883204
988261
896346
601551
495870
323482
111111
007422
112433
934572
594822
201679
232379
494845
711764
866714
373044
209572
288833
428912
803269
199473
510977
374987
207069
774967
503853
958683
021437
426423
025232
202013
598918
599893
015546
073831
529532
424116
316693
288841
286942
144065
426403
270316
198602
699658
097683
021916
893073
853255
642072
475331
327988
189033
803312
508506
869341
084694
493503
048531
599671
397417
888888
206982
145826
224637
296056
000573
099746
111111
928541
310773
335176
030660
846012
111111
709839
729800
714232
111111
053373
161192
555555
185978
494421
484275
200226
467001
169614
412052
416446
612485
630764
222222
327073
218251
293814
683275
228924
679383
479516
139005
209552
730087
071844
334882
094671
234860
321786
444444
499266
202583
526967
448096
107451
333676
523243
444444
850225
988712
530874
202815
236406
272171
919635
990613
534425
052937
564675
856598
512393
068215
740242
267422
994291
052675
883691
096664
000000
290646
769748
513108
216939
923487
741133
000000
855800
325126
930137
998606
048021
706437
133459
944642
939626
922606
820247
500517
192966
354905
137096
295294
888888
388589
129252
030921
207309
508947
030256
693300
867820
487567
776626
184346
925044
998106
688005
333333
243323
888888
438906
207037
694071
224625
939713
033759
006561
405798
888888
643423
974761
090814
892058
298872
018273
196100
222222
298696
579879
923065
889438
184510
042270
666666
237545
795547
365631
177726
633529
377724
042683
000000
266055
008580
403466
279759
392136
222222
964048
794615
046833
471334
093225
888888
645772
888888
555555
403818
286429
034931
894797
289316
040247
948860
444444
444545
772761
800094
602238
483037
173995
014153
968224
083496
586041
022216
177817
974236
034678
942295
057800
066674
353173
318596
507920
580714
000000
408481
259639
680771
330409
629925
783040
909276
844938
666666
000000
352221
079040
222222
989343
092886
890122
810543
849337
032393
941849
230487
712906
440602
148883
239691
349253
585733
831356
816707
000000
504724
528912
733055
023007
824470
290475
843880
769471
389453
569361
817232
807292
280859
429223
817579
025931
204127
248042
307075
819332
004783
215291
000000
234226
931475
872620
234696
570197
333333
237613
042095
541494
777777
096062
333333
144666
073969
666666
999999
671443
690247
089830
338687
346002
228147
694390
800383
202645
681066
319032
917927
790377
744018
582161
666666
589731
440111
111111
999999
207591
133948
483166
736837
637462
827457
579449
938991
444444
831169
482469
484429
644877
834983
198089
882471
243981
936539
232474
054023
232153
062670
888888
793337
424479
428981
784680
503614
440533
263067
023176
391987
926561
042280
836863
999999
880401
646921
995588
946834
275489
990462
820483
094394
449730
034466
620563
428424
907197
022649
772820
822503
208757
429614
492296
199626
978832
309498
600035
373907
653106
978051
648952
071431
352768
918472
521447
258819
471881
393749
828929
222222
440280
999989
848952
004083
955246
220285
911075
446366
101422
301877
900377
454977
558523
048635
242005
916562
239112
024653
191285
372936
929906
705571
643213
333333
570184
201968
626857
578844
605864
273581
608573
879561
965069
029042
888888
712467
717891
101053
542966
904477
288266
583421
693478
111111
965782
385884
805016
389011
111111
967042
579824
440093
539269
259933
056677
400570
662848
458054
070056
298272
723663
281140
442975
473082
834376
354235
896970
243389
184023
524587
482909
118641
485837
549007
374028
346848
002281
476616
682431
256093
262712
666666
594043
337207
386021
164613
950792
908663
888923
166738
977231
296988
810503
408947
547502
941067
036843
303777
239665
108699
749073
381536
460271
000000
005383
872567
044833
223521
544583
888888
381924
790090
984555
420651
369087
835062
118948
484191
041725
444444
686525
356602
602927
780761
672725
366657
952336
864090
848076
038746
311634
458226
920130
752409
666666
432585
672689
735821
969917
968725
612085
000572
301772
791200
777777
554950
955655
020490
879991
185102
044167
555555
038703
090935
960892
017995
444444
249465
376667
150677
438917
541665
172165
470741
136379
960375
341321
979820
862767
040731
484697
993247
888888
031016
196537
270710
420627
428146
777777
555555
099274
469699
838645
228944
111111
939274
600582
192491
279047
008833
444444
222222
538453
979735
482425
476051
666666
365335
064722
333333
222222
028253
097161
179937
802577
188103
051996
269780
205330
442367
879773
139082
318876
892822
357441
678765
962536
111111
576478
456733
353682
220096
964413
035986
843497
277652
379796
493092
837919
474562
293772
504162
003691
279506
059068
343197
894060
838360
666666
643844
888888
163922
546997
698705
079831
182365
338826
391961
829014
301517
900860
563650
555555
285871
619298
855542
489557
649369
854621
913756
079983
052372
999999
560572
558312
666936
459987
035662
933584
212471
201520
236852
004072
335461
116167
439127
595983
739746
188492
498922
261042
613934
922617
963159
124098
222222
295494
283546
008795
231613
555555
666666
557986
040296
040538
958531
957607
399972
063826
540213
450059
981685
327976
436633
838967
984942
908904
290609
820801
590627
101487
637083
259908
410127
489125
814555
603321
822241
518864
884512
828967
703891
333333
051941
888888
984737
004086
609305
333333
525707
553527
555555
369993
607801
785961
352231
363762
070405
333333
473499
183973
330775
580131
368344
369933
746170
096234
406775
178964
910984
382549
175774
742288
941719
817092
300636
609562
004199
837452
138044
869018
824425
898122
022680
329036
591385
846546
229535
768819
337801
333333
444444
316857
268802
530484
489399
306948
222027
358871
000000
194601
052257
951525
263876
039646
823732
333333
129393
983191
362077
666666
224314
475195
432234
401149
348762
839653
424376
388685
839476
427436
336825
804785
455311
784993
000000
931882
746330
375760
031608
083995
666666
649709
933036
543351
791560
441966
112942
980427
901863
700475
223631
945869
203682
328626
555555
444444
325986
824463
435898
806680
555555
242253
169015
417659
043944
493075
999660
737328
895383
940985
848560
468341
484527
694796
973073
777777
143471
218472
954018
992532
638091
899461
305633
671973
555555
176633
582905
868461
310944
264426
665808
823169
259666
809588
978821
111111
999999
572768
813087
248717
469451
860431
977634
820943
444444
483610
222222
666666
390248
767201
437101
030452
205587
458752
609696
654471
961189
087760
315294
704923
576786
180942
417365
228816
775473
248156
452444
222222
949763
048211
988502
865735
870548
303605
443273
435646
894362
010928
398832
958671
083871
257364
730360
209425
111111
000000
073033
849604
903819
448053
081290
604576
301417
844744
032477
391662
323173
294097
000000
810752
391478
560775
624853
637885
489221
792696
097493
399086
903261
087781
846225
907370
827800
493593
488786
806677
538326
581043
946869
039867
600665
704462
081680
807847
025441
111111
682954
002064
304635
374818
904625
197495
676615
087457
872147
323347
142037
171078
399633
622925
603495
999999
876255
305843
932065
558787
617028
829542
506689
894271
493078
590540
827387
543892
092620
298586
772722
222222
498743
085765
966355
784065
273782
215473
204830
917538
234063
215995
009665
371541
027578
453002
290020
943955
494377
785333
449980
604520
270895
821155
000000
143130
104444
444444
999999
999230
299006
229232
199166
111111
202108
289896
000920
020644
478827
992633
333333
222222
236576
293695
245657
683462
357764
825593
999999
703703
684412
921044
070962
847126
898675
919641
961040
718549
111111
337644
943420
209742
340294
308305
420922
899069
810581
999999
056755
344167
911411
283479
349632
940620
088019
333333
580058
907047
448422
849299
420210
782486
708720
627805
802433
380252
079737
745161
903938
963509
555555
203825
666666
409401
622497
527221
292631
038397
293674
840876
792665
461184
725342
369993
761707
169474
906121
999999
808765
373150
914713
298635
302545
209371
471634
978005
928215
254760
011361
991129
709972
240387
252540
000000
390835
306886
239641
971009
564887
111111
603448
888888
254587
743483
980431
904262
487522
843242
466023
737642
782240
880872
393796
901817
072129
871345
345787
999999
242414
222222
584297
028608
250430
184540
947032
044279
254260
103441
555555
773770
441555
024910
802175
777777
309022
295365
978798
522352
078843
397347
824388
969456
372245
444444
138454
390925
835427
555555
801365
360402
929444
972277
300946
940455
999942
530185
014613
373465
349830
342826
946334
908618
064402
296643
104960
682171
448463
427777
180402
650468
368165
002752
733317
599286
334572
141086
332620
668566
041539
372563
921132
298054
212086
896292
222222
245040
924961
082466
222222
207117
270744
140763
941962
891792
945887
499529
690826
358942
921488
587583
162522
875407
799128
686839
818445
764452
178585
593378
020665
317046
086110
460263
549985
943720
503428
678933
398107
475795
288230
888888
247755
010872
607960
609271
314005
100033
913336
098768
439351
808186
830513
884772
453449
880387
926963
379643
492292
932806
100631
332533
353962
868441
174343
304681
655443
903805
835549
603283
898384
188736
854583
403302
451090
299817
464209
063858
239971
572452
945274
498517
888888
988922
063770
839087
387412
681034
212045
973267
555555
945018
680529
392015
043977
074812
830954
673665
160865
888888
821976
980611
333333
733440
882151
147219
222222
555555
886668
674641
893076
840572
093979
048928
242877
300745
334765
960922
275471
749586
482883
521545
495445
062040
584161
669647
194333
403423
639350
075726
070288
225318
111111
333333
458346
862224
243487
813547
945383
042049
994001
931370
796744
569734
438817
868311
447245
866456
000000
038585
702889
320982
083210
272552
999999
856328
815704
582423
329738
469805
821008
593575
297506
515580
222222
529448
165646
888888
488154
272043
381256
893005
595650
389066
406928
703045
000000
419413
455165
861048
849014
690325
894466
784152
089759
111111
052532
991558
649481
241988
294469
349489
096837
029517
935333
993466
441876
391585
862884
056988
148910
286155
411614
567180
582549
415820
288976
186518
804729
539602
306047
246161
987731
558535
105309
247799
222222
000000
053566
935371
797922
491923
841865
239188
423333
231777
331045
542266
032454
466492
688563
798935
042866
444263
321671
579507
093690
592842
472384
081430
629857
784545
097443
666666
518083
528045
222222
050179
854868
443701
504928
666666
860661
969034
330567
779896
753043
921938
769420
132574
189245
300382
305636
847556
724224
333333
426645
393362
927462
000000
084209
429449
752034
843522
717972
472304
258970
091135
459430
635573
433939
499206
333333
104876
084386
333333
607849
421357
400917
383387
253617
314597
368062
318561
303872
583776
555555
888888
111111
472001
700398
989485
041991
303083
444407
792947
148040
214892
914924
447184
566167
200760
574495
053265
603891
326552
960503
658082
436981
203659
474860
243946
306067
773160
107544
596461
359987
512624
189219
104006
482875
626442
910981
509734
437926
839048
494977
888023
062571
666666
088637
908041
640112
433280
162971
250232
240032
460330
070418
441625
360964
538814
283975
153312
645039
018354
333333
831097
410241
934023
777777
344679
022472
665487
449285
134897
004286
232028
065867
998628
905664
902061
001209
622552
100912
682777
191761
249031
498802
333365
444444
762160
555555
286023
460006
680187
933585
491506
353226
332403
601973
490585
629173
058543
824640
546923
134022
751396
722836
111111
002345
530082
196922
362863
444444
029437
951323
026051
231447
103966
383096
255283
098472
340412
869458
139961
859769
343023
666666
995538
362680
441559
393609
473979
966041
005438
400025
294774
923483
750781
086491
038081
974515
111111
000871
726497
392441
333333
289311
798167
831504
444812
183077
303243
240904
975402
479672
258982
888888
137773
444444
841653
418082
952894
939168
459163
581420
661678
344388
006264
000000
332427
253741
032377
394019
128279
870187
895015
600950
840510
875642
222222
819335
597271
304100
378827
086612
927483
649953
885613
770907
871340
303797
599488
301835
204029
421621
338444
674908
793047
389558
834258
387562
000000
432414
478642
344449
023835
182460
187969
909154
036661
383586
303283
201065
528472
333333
222222
106352
000000
001051
555555
044965
666666
302275
564931
075513
555555
000000
104943
191770
300906
508236
888888
517777
882779
999999
677574
605502
862813
400631
476975
338508
090326
123597
688695
414631
851567
909541
048345
887814
043060
421674
111111
243222
333333
606054
243992
339558
196574
940627
631390
333333
591117
441611
243680
494845
378062
986455
460889
925596
124963
436263
806171
212506
232766
332723
924955
284042
999999
951707
075722
349801
845184
232930
028527
222222
391445
754058
493384
003638
499205
135266
394498
424795
341161
633771
638136
403425
555555
002336
999999
460782
913419
291431
850172
708032
093892
632767
205944
992818
786441
193069
362434
772391
394323
314113
968747
801636
777777
029851
990769
899981
172812
879552
333333
372531
386863
492984
702130
373512
018286
234569
893369
548985
990843
398523
666666
795590
481198
653831
051742
297874
669620
236636
116548
008960
230823
447874
970186
923936
424669
402727
264075
097423
849522
039796
845742
168403
407681
689236
900597
640671
868985
749682
993491
399545
757685
333333
646020
167538
102766
333333
729536
568608
899627
364032
840173
043541
014591
999999
666666
282883
152907
242256
315272
384439
721561
597861
029986
748003
189249
308442
896222
156871
440142
794792
108425
492421
826568
777777
941832
239872
241053
844826
308418
777777
250548
223360
941803
896934
987624
384157
822867
730576
333579
095666
999999
875046
523950
901669
072897
358656
339915
609076
070181
228354
059563
582452
513719
932743
332745
442423
378078
255167
089072
215007
394024
902808
231047
935258
666666
165847
146846
333333
153344
888888
892928
198820
941827
583536
940706
555555
555555
193660
411598
688639
193947
881152
313244
295942
111111
928424
219511
397357
000000
585083
090355
283496
865610
442297
024488
422393
888888
044712
212373
032547
840648
278581
498611
241730
890211
110247
686629
633742
619312
780221
701551
111111
930569
473975
032103
534090
983893
138881
480606
888888
204683
974682
777777
209430
382644
687662
846696
003235
607647
553244
468956
070222
870028
308489
185996
241932
655464
890513
227039
998740
042718
913617
126326
888888
980420
007842
539666
302071
317798
225189
000523
158560
987002
400031
233669
687165
302926
908495
441074
328937
488951
963684
383102
228415
923041
293171
758828
344438
666666
384620
295829
183789
492068
043804
699772
477997
683891
191469
873816
952565
666666
387389
547839
498263
235501
123733
182568
446184
026832
028780
248592
030480
205950
322465
630982
899692
903920
849696
036506
380841
904887
125498
753991
888888
999999
888726
502463
202815
460521
789673
709428
289398
582711
015025
388179
654225
244228
221452
303508
198549
040884
444271
408826
276253
991576
345152
458270
067945
466271
369686
781386
056598
037829
376636
734426
232655
232418
666666
739303
287535
272142
878962
848641
021871
619607
735487
198816
417088
394632
784025
602165
690924
108292
895433
273222
185669
184630
136597
825499
470886
423887
142967
205061
623342
297415
000000
394038
476085
773959
925491
113062
813582
839381
887771
850174
098205
230215
808594
342109
703761
653838
404944
608065
822543
096087
062744
658466
040648
338358
362036
309723
382481
277329
842265
666666
232577
003971
555555
957965
682047
634931
941085
941402
926659
023682
261591
820376
512959
274271
393431
320686
597157
995178
790790
893551
859571
343273
021998
917855
743182
555555
243917
527676
219615
317928
915471
102736
678574
908285
945440
951060
770227
790995
749289
145061
849251
002085
860064
528013
161399
237506
662555
103973
288341
727733
293640
684880
274931
716496
020974
425120
227970
128550
207642
302037
189386
112849
945947
434692
033257
629476
890572
787889
444444
183161
947533
809672
111111
491232
887962
833437
400047
999999
087816
234562
941642
512682
260620
453081
273771
820574
222222
922487
022169
894425
912117
492155
272834
274141
338924
282894
403882
796022
295638
409725
215702
002512
482439
443258
389035
603433
423107
389222
300036
230811
049162
921922
666666
212963
392752
724314
025626
888888
169431
843826
044685
768726
830872
039318
933316
270118
585571
630960
089297
142406
391971
928773
079945
233502
401989
606505
823961
486392
046640
381036
355171
166536
657883
629567
251449
147461
158383
555555
184328
009169
289041
242836
523657
335742
999999
969456
872824
513635
486416
242056
531549
961942
499595
666666
093484
212544
973472
333333
214733
714510
732119
822240
910125
222222
274820
387935
409168
442533
111111
469815
887433
306240
888761
172337
299012
222222
747011
051478
423636
944622
434980
438532
895675
316413
333333
484636
338645
321973
929326
553735
192390
121978
330265
027867
213972
239959
120483
621106
425664
038936
708122
309255
672671
337667
929849
638728
739599
046860
311621
004627
950562
315009
483948
481755
266833
641668
381496
312032
333333
958355
674650
294846
219537
222222
760597
987473
710449
203916
229636
479482
831013
420946
444444
176313
927767
913222
679055
444444
062660
059622
367991
884113
444444
438483
743045
004320
222222
993459
332573
598036
318093
537051
989510
721782
262632
390525
066536
907861
262971
282985
214533
589910
876840
263823
432184
449629
437624
074293
884460
864703
248101
098428
555555
818783
888888
909013
823749
335897
011646
944422
017156
348621
885537
094947
345691
315393
093582
782502
039979
158789
777777
111111
917246
484611
892014
209612
588976
542964
904575
428789
315087
071564
526458
988732
129277
000000
014205
220053
369662
824392
689738
807109
440869
587253
630404
480083
777969
904986
222222
252245
418010
333333
990967
294932
119232
843513
596973
548691
236289
494679
757072
888888
739521
685033
198682
924477
945188
123127
888888
309049
598814
708973
912193
611220
999999
129490
048360
814087
492635
445791
281539
496173
218137
196804
065802
248781
444631
028130
628580
065535
834431
333333
093783
080977
335731
010208
534567
111111
243482
235997
042487
222222
107776
776454
726223
294075
372507
898237
453001
279993
833979
724915
715955
381615
563817
804136
000000
198975
750771
695896
705913
690047
403228
844555
199683
383744
388444
191428
491867
212819
787445
000000
130328
686756
252482
836493
835181
835837
941461
777777
146757
555555
065026
295566
444294
019442
558495
439699
823831
222222
555555
130581
293297
494584
532992
934356
829699
403085
240066
723976
934431
128944
689795
222222
836078
681516
435035
824778
874367
012061
302693
200067
249536
871567
879083
888888
169760
163672
591974
253617
386064
483599
760385
393096
742045
276933
870909
064672
346365
077627
777777
403486
669659
009415
241453
270836
192562
985301
365116
240303
971485
406779
458442
208274
633927
990053
702872
493858
288630
086378
440036
444444
470333
987002
689349
938065
870047
111111
895885
601266
092426
241322
946891
693424
049461
880326
473977
888888
555555
723868
895632
040728
000000
761146
869285
534351
393501
942846
380652
004671
494758
983064
733482
252321
130400
777685
915335
111111
137422
449662
620030
509069
802352
888888
138756
467875
242519
050545
437386
372076
186929
483410
781849
263601
073745
095515
416619
102585
200805
494997
019983
222222
444444
224313
512888
376511
333082
599452
883302
087747
409383
232426
058335
527034
649317
840469
031608
995243
994459
333333
871467
293420
666666
663484
205534
555555
528039
003792
948942
391636
675711
923523
761325
557350
223631
468544
389832
888888
734670
277843
926443
908175
165346
230384
270563
237042
234411
080877
159033
084517
632266
028826
951698
540463
105081
936138
917055
892519
683913
595775
028967
161391
888888
832122
894846
069313
383508
376715
766004
111523
491010
458688
345660
499439
249622
054926
189425
083228
889071
101561
249542
915485
810845
666666
293133
845205
521889
431149
785288
803093
839546
363386
338488
056632
983931
606714
083806
041084
399823
902192
193829
518084
924483
756826
598496
116680
224715
703489
713252
045025
395633
283735
608970
999999
930559
184316
091785
800576
935526
555555
729880
104420
324143
134022
298609
686138
204535
304735
402655
383421
080642
438557
981447
227546
711937
929935
123566
854572
434403
624553
804086
048210
902579
547678
075940
312440
981992
043853
990397
668900
032649
579795
033352
112861
999999
205144
362350
380482
089327
542072
812478
353765
052923
866308
289710
789237
000000
006022
395038
222222
886205
718506
733532
024519
995575
169565
562424
843957
558338
784086
762115
812911
668931
453622
777777
244771
376671
383635
222671
333333
802463
333333
269626
922351
491487
858280
409434
333333
226082
533347
925549
841546
063408
556448
046472
492965
235920
459470
957320
279586
278980
459537
253669
314160
072146
799084
732175
187691
243113
222222
320277
842135
398016
674992
848977
719691
401317
329177
080777
246443
328107
078941
715631
858448
111111
559440
070241
045561
017782
808007
460546
971801
532554
936406
132348
468984
642386
692298
111111
444444
000000
700348
516787
377998
026446
642877
499787
331055
444444
666666
398467
074546
093866
248553
143975
888888
487517
042955
484447
444444
760425
444882
982520
315532
566115
503625
829981
354047
799438
176552
078920
342013
437058
514077
745561
444444
492798
828526
297577
416345
408071
020672
994173
786082
462541
444444
245582
378684
954933
900655
678654
078421
254077
514339
734913
777777
239347
652829
910585
632065
381010
836417
563772
111111
906134
214032
004273
089823
413942
521071
688460
931658
036073
400653
999999
152193
499882
284323
804612
359566
888888
495483
572543
196665
029654
708482
211956
433592
843537
099708
219473
999243
423550
499553
878041
834679
929215
098447
000000
844453
632833
444444
349725
043332
190974
933965
888888
903658
666666
755868
139974
465542
000000
106921
180103
253370
290924
333333
780033
105720
419207
565580
615634
954173
674215
628358
696216
053636
359608
651966
213568
666666
333333
279644
000000
840923
550197
777777
910038
555555
555555
111111
212931
918537
096089
870745
222222
200992
558247
942837
940939
967958
072023
270783
019493
782002
201009
600107
175509
881727
338961
308083
377073
094875
957475
221602
245187
981422
111111
342541
111111
948721
926396
884497
279426
447731
589594
555555
429381
305117
462071
398987
007010
233427
314645
073566
505098
666666
333333
075967
935325
507035
801906
382269
576220
181520
459851
848091
441917
463820
063206
801884
041939
479503
492983
701693
158629
289542
382312
818962
222222
750523
284135
031767
240645
253202
849228
094129
099752
410662
131385
359548
045215
305387
769793
870891
757362
963032
229091
118236
963561
443441
762307
792686
980517
664971
239732
163636
777777
463842
608995
647320
158573
444444
962401
483649
519232
046547
130968
862351
339910
409239
999999
290948
367902
448372
423010
942663
350996
048418
581091
680546
888888
777777
093563
032687
377572
111111
902567
991513
335265
422363
895504
872922
555555
269319
333333
631590
933228
189522
442967
968163
999999
044148
007838
937992
666666
110967
576744
643562
958140
888888
380585
744693
000000
820955
690232
644433
542094
933244
257373
892035
174476
881683
351525
269322
777777
562736
230887
830446
692806
412613
925819
666666
071087
489982
798879
111111
939527
170122
333333
369723
175167
903554
887126
820052
443071
708751
222222
888888
013406
970888
402407
777777
321945
339886
969973
803540
702218
915486
890445
227039
449833
833334
336377
066997
316546
428207
487522
929766
018159
152485
925528
099476
555555
198377
696033
062160
853266
504776
413347
429532
321600
330806
553832
555555
898471
954482
411831
999173
312640
293085
666666
777777
988070
220535
355271
284222
111111
609653
754221
501045
510401
894707
625611
914404
352627
219232
354092
425072
840621
549486
490142
691075
330266
371645
129460
885690
266665
670138
214227
288886
177845
863251
081079
640640
888888
123676
494037
222222
442998
652834
333333
308825
513614
374651
313820
756036
728710
043476
263406
828045
302531
432511
829282
585881
111111
850064
081893
704252
090551
009877
772879
053421
555555
873921
823446
682093
880737
045238
032787
059325
953332
537333
615332
308784
530026
616121
308639
862691
327684
906205
669660
999999
328682
646235
563032
528586
836026
326658
464720
854444
777777
220711
031882
386698
442897
693761
909457
487929
333846
890961
831685
499643
840474
889233
874645
466357
489811
777777
829439
111111
777777
499570
368376
089865
948983
774136
111111
280678
289426
948279
002863
060080
257037
989636
430123
548524
420904
000000
554629
942874
423341
820092
638095
799531
481866
932055
360873
967982
053463
152469
000000
738946
213523
521706
217733
347833
223144
433142
088123
888888
530671
420140
777777
783856
996153
852873
866179
008346
999999
962522
231143
329937
222222
442792
664690
666666
899677
278047
932540
884418
049646
027955
241042
847259
427170
999999
953043
229666
061971
970335
031260
938795
844471
802745
896946
258803
864470
998979
228150
130940
361113
054595
563879
053846
786700
745135
020567
777777
139052
809206
666666
989036
832960
954992
413208
891021
906488
777777
629703
490496
044833
008866
185628
680878
357980
287925
392682
882624
222222
220820
282200
925097
982495
173635
761777
332549
845860
523719
609198
666666
517842
324891
615220
384442
282345
723133
863931
364671
444155
330951
582225
084047
204824
353963
898589
692241
503573
444444
447805
331972
358403
922667
572943
753669
387847
444444
111111
666666
832017
394825
393532
098017
820008
875167
000000
618074
246132
137949
908714
935595
245886
747872
598367
341316
663607
940996
221064
454329
330730
576717
346876
584524
132386
858431
446223
286982
308747
813429
904484
836556
673027
724833
073977
507067
304882
982126
333333
925083
301560
218928
555555
350479
555555
318333
237671
135005
543377
118929
140505
909215
204544
777777
777777
481931
095762
308352
679922
846236
000000
844979
281538
235486
992073
289691
333085
756519
464989
630167
777777
996719
824092
700140
061941
309531
898709
964088
870623
283727
784864
829422
761579
440283
255547
264955
694467
968066
754775
030978
623555
032488
308028
868061
587085
999999
928332
892985
583152
101446
624170
873565
252074
106306
326916
472218
097503
887359
840850
007938
016215
874198
749687
640519
093687
234555
290362
017041
104125
973136
408948
311368
049889
951936
338036
326954
962963
338807
199360
306335
828861
333333
000000
008844
224862
490648
578515
179867
233103
463200
470837
222222
999999
918880
889963
888888
888888
888888
828569
224940
384159
772443
349682
609423
979940
555555
004651
300269
660071
104013
288464
625810
086825
014324
003468
959883
979620
777777
960517
316479
228435
777777
075785
199335
510062
983057
222222
883964
396229
583946
941139
225664
084615
997936
666666
505565
169123
349040
612917
780232
372650
614812
555555
777777
530004
257264
222222
928531
849531
645785
810493
077854
144707
933601
271292
180969
007029
111111
029456
101586
475532
555555
510452
284255
298919
934952
918031
311563
039872
264368
222222
430967
507183
296150
328572
403906
111111
673184
480080
587001
264494
161222
388600
494820
111111
555555
399706
866114
927626
693306
231875
506294
533520
038176
333333
149992
455876
205673
364173
892133
680599
803779
045657
122895
889436
223885
357724
918714
909482
692945
303928
328748
055132
792935
211581
272680
449885
948573
395664
922161
328847
270173
410585
221969
000000
552905
384564
193270
269025
199742
236991
367096
011230
529851
356896
403699
932621
558336
444444
927554
006944
580120
565453
260822
264595
991469
187518
257077
502230
830406
902426
774131
217106
556837
544414
989796
888888
916505
208291
813571
680775
286989
234541
305935
996592
067064
519756
555555
636242
238637
882963
543276
309927
643400
059583
291326
755100
458525
434726
999999
434487
838753
898079
423445
574783
792360
340070
743887
062485
523836
988483
243041
847995
654243
982904
922456
102627
663480
230675
211383
201647
497960
374233
849030
088964
022372
935448
557832
229968
244847
096925
094633
869465
705875
999999
139619
108819
343928
561946
086782
029562
645660
229921
111111
894611
163797
509828
804153
279736
947955
308536
280848
531055
435183
621238
222222
379688
849537
532909
062995
482492
690086
318667
002315
545935
846849
111111
985481
760075
776245
484696
222222
241880
096420
866224
100352
599997
228665
745682
704171
970569
099737
829976
294056
777777
397818
919685
449486
442941
905917
759657
460076
765035
666666
870662
725922
820121
979665
944446
734815
000000
425993
720362
325177
722901
065465
996131
000000
482770
238642
649126
633573
382543
000000
780865
328185
999999
000000
023735
720779
714779
732373
333722
489182
121457
292176
993831
323663
821286
309690
317945
478471
611675
984472
227225
119032
288886
380741
218420
881572
840389
146068
827147
808830
366817
318979
679636
642132
985945
440023
943476
342433
863957
290388
367232
111111
447857
008378
777777
416026
143735
132837
136697
966833
857523
051407
866045
964546
223265
813470
988809
888888
042088
202121
777777
510339
335204
492574
751971
280461
567559
025490
220093
690839
353063
073506
856281
265435
729673
823077
484132
480807
999999
747323
030121
403475
001554
728899
527421
929572
983723
265355
472127
747927
509077
441853
485057
892364
215921
021763
908189
892067
494076
331545
800622
444444
332589
780094
692007
888888
902021
289086
186498
537819
662660
387596
862436
173365
951736
786976
022246
411044
111605
711952
677748
105079
260222
343173
999999
750307
469513
554072
700870
223860
392528
553832
944668
923663
074131
830645
744853
472222
198529
053061
255562
274645
999628
290406
901543
014131
009283
283352
233425
331491
436452
357894
439937
878026
978477
880641
491024
443945
224743
070865
381272
690332
496792
441436
399159
717896
217461
830717
641262
568942
385040
816986
516025
550074
495732
328444
908094
000000
172942
887988
818522
202002
331814
193761
046349
888888
599847
072539
048147
057048
393150
864196
721866
585723
164841
930447
942531
488912
777777
400913
524900
962227
081509
669095
333333
092669
320485
280945
055996
651329
014475
001486
780545
498163
666666
087205
746464
006725
444444
127227
901665
524620
932383
553947
595551
906916
409349
970395
111111
893873
359961
488861
333683
945126
753738
393086
044895
528840
751563
929873
076044
480865
040635
849107
918513
214712
176363
365019
500991
269159
029983
314747
477269
690726
999999
663438
288877
447017
281934
888888
225537
359792
555555
569539
625616
309475
022705
252461
333333
942927
894877
970352
354542
144604
111111
666666
591427
523843
963745
988544
284421
822197
287379
119384
232661
936398
283680
363848
219945
003471
992951
999999
547622
463977
889282
938841
744699
386776
777777
999999
885890
485018
604978
738411
004965
109845
198021
570632
527148
846084
300016
666666
207992
931725
839664
946859
336780
720931
584946
333333
169363
022340
402761
565196
294578
439705
346965
065444
053213
052886
666666
567536
299365
122748
000000
969243
839505
179338
587626
348727
359872
226396
793944
108997
365150
887488
492173
283952
666666
000000
626375
609446
966295
436916
768746
284763
203455
981464
660466
038032
443984
869437
966176
333333
677384
854449
817432
905065
545975
769222
087421
395153
789035
193461
137240
349633
562064
259006
393107
009140
777777
392387
284820
344583
488823
450074
469981
439662
243237
720893
254102
728713
666666
460480
555555
332015
239922
189035
555555
123613
352067
443140
039262
346010
928676
471847
721332
403973
197546
251013
139075
473573
777777
978082
861171
887671
863556
361753
372271
888888
090606
209022
749981
119942
565954
534677
750467
303975
260279
944467
931552
808656
459762
353953
462903
405994
576556
457128
431238
826056
590920
043651
428157
555499
280445
009965
311042
431137
334470
356596
237287
323921
222222
040421
289701
483012
555555
995220
476357
888888
880463
709574
555555
002831
444444
595192
349037
754872
507622
209589
673669
243771
982833
393657
072314
272693
888888
572070
946551
035803
813104
059972
015485
251078
333333
690932
428003
580854
334516
467133
541908
806143
396854
420011
907944
694143
077402
344087
234827
223429
988778
014925
580469
746352
711856
318417
284963
683079
999999
708352
199365
584424
992037
931002
853352
479617
369891
000000
865593
278535
601275
800665
854224
534259
333333
685785
923567
218475
407960
863498
630740
020882
554025
277934
538917
806203
489796
888888
293390
055659
017024
965085
432871
780727
383549
684803
750584
801202
251649
997453
820091
333333
640328
039727
696867
930027
399079
971769
094857
551675
969958
937907
000000
086419
886904
373263
666666
864853
530917
592358
340272
182268
505526
903362
508265
682466
003266
333333
682043
442025
899415
385035
328806
485945
066931
199062
259590
000000
495863
086877
222222
435751
875188
960143
332812
087749
481524
057580
266713
364993
404397
905635
908268
441711
546831
430604
436149
000000
944962
423041
359844
202838
201685
923813
055966
222222
937040
463832
803144
999999
624466
489833
276632
944022
105936
483676
447881
878528
297486
991706
332064
994285
927701
521819
922430
909923
261004
526366
013817
144526
285685
995149
891458
344617
550681
026060
128827
759526
727330
255302
400197
793185
000580
624693
027578
429638
000000
943643
493728
254088
355825
354667
958512
362402
337274
520362
532670
344564
340053
818463
207917
428487
317380
862849
832883
046364
893177
819077
793372
333333
847355
333429
712113
371715
370372
844862
051264
162675
444444
858045
400567
919877
333333
046042
609802
383248
208253
098634
938873
458375
538611
621614
424796
688690
243256
253242
085137
000000
710250
017849
216687
394649
874011
423925
397361
398481
995751
326486
443687
400477
854169
958648
392946
981932
333333
777777
958556
130065
049610
187807
796782
779966
197238
983029
000000
292948
848934
222055
439537
666666
643083
491882
106825
358445
430046
973673
008435
208615
111111
634280
457613
647602
433839
100046
888888
880331
305073
587761
666666
664032
469863
766100
449759
280237
054425
908882
922829
045744
002351
881871
666666
874545
729962
348541
340929
729531
391173
938811
992415
227943
303942
350941
921922
518727
620224
437137
835723
252841
322487
526701
480033
413172
779678
729835
204721
524579
742401
999999
253421
657588
391264
402882
293578
723783
082630
218981
369623
816942
777777
225366
899565
222222
888888
797947
482796
560841
649894
928447
251683
333002
111111
235443
461278
488951
228054
099218
652632
333333
865882
246014
002587
468507
608743
000000
653135
408626
226243
781104
203325
580443
369662
057274
883626
220022
846765
285332
301463
339410
726037
072033
693329
908095
701525
342988
042967
908986
984486
044661
920271
055669
854187
723816
949046
111111
444444
777777
522260
333910
491734
004521
492336
637609
732208
823673
300621
901085
382925
970854
844861
049065
752571
599517
789687
227506
386448
303936
599381
037067
596420
387672
819932
920771
772747
357396
099973
449035
832856
421017
178255
630430
102296
357541
003933
313059
337523
847373
868627
482888
024936
444444
441993
069006
760795
482343
494046
967250
863082
000000
900581
800056
573246
180636
635348
040270
443516
167082
003275
840787
453366
577501
243944
990730
061968
223105
522030
878398
212682
939591
968525
370607
916918
318658
218585
553033
666666
666666
666666
040762
888888
777777
847969
780950
497108
258037
771715
842312
202879
244135
144545
638832
302459
503057
006733
670123
128087
874025
136924
999999
186433
888888
454183
333333
528583
030525
880839
589066
258651
738769
226513
384735
398402
442292
038498
463784
401366
129083
239965
282174
857048
821665
286800
222222
402881
184767
362994
555555
888888
356941
798548
254697
064792
324734
658747
775436
569470
945753
323420
063744
528432
459777
401173
204061
671421
000000
430424
059687
999999
884066
639506
666666
451849
509397
280523
999999
327453
555555
783932
993137
770605
838769
551557
264486
513581
782431
792697
258001
118978
946833
358024
666666
069368
162297
781038
986897
325487
560644
776577
234066
739007
866939
605653
898722
646470
333333
468350
408629
385824
949033
083059
029689
441002
271782
834545
648431
178495
222222
947567
022169
747852
051926
920063
033984
428607
984762
341769
163076
362266
178879
640740
455975
867540
483303
777777
444444
204461
333333
218756
673776
221904
946372
820956
239135
973991
290073
671007
167072
873965
789447
934939
983556
073094
282768
208065
777777
334525
333333
310342
238495
111111
308145
282751
222222
178133
479842
408822
724525
204503
108985
623329
699852
936344
360562
349836
505747
351905
401925
300506
323798
777777
146949
222222
930301
878016
550448
899303
552523
909683
758625
830038
280322
791852
507881
829280
415651
506641
703845
970500
753220
858268
852837
263720
111111
615195
100373
379966
364806
200398
087897
065634
612140
212806
920973
892136
555555
323239
666666
444887
916711
328496
043000
353462
028943
999999
373249
398968
912677
738829
555555
342715
129392
995964
788061
835482
222406
096229
999999
052102
509987
312960
082817
419167
940435
978341
055972
226061
720636
020294
287718
833503
222222
297522
888888
921937
217713
971052
934385
490809
740177
555555
929684
138541
963908
888888
121061
209095
613993
255036
855844
344314
943406
777777
684409
339668
257931
268021
170659
688521
727962
019631
783381
487822
870416
814261
259875
505456
856947
419290
910250
816157
142987
290424
173316
081662
919012
984433
595375
879266
888891
720302
219026
973663
642485
548425
188211
190363
320427
999999
999999
230290
827614
968812
380677
979667
246945
773535
618716
222222
888888
270085
204785
000000
936781
406896
797225
240080
834105
048582
000092
666666
440067
718427
468796
507082
118552
324663
552104
113601
189563
666666
380324
998956
820027
930187
432737
204350
834621
936326
443061
412465
000000
148015
080922
731985
926525
350851
798578
628606
903666
020075
440027
972125
999999
800783
334368
808821
030286
404691
956494
889122
802380
284746
713171
191857
839243
898639
379444
953526
777777
777777
753305
881846
236042
918030
098402
093609
684925
999999
201950
430631
969847
880096
444444
304585
274322
222222
037134
099580
782077
222222
490059
863061
222222
102216
444444
989521
076842
108086
606746
572525
174371
422496
435414
101035
396489
389516
078672
045679
764816
910656
644262
818926
154367
477813
906065
777777
364847
287676
080139
147812
150826
209064
094985
100961
569587
533114
686634
183401
185300
574848
475737
614079
772438
723920
300937
310576
329641
996274
900665
080424
668226
207623
858059
043505
584764
480567
998361
689300
893838
826373
647200
303558
569546
965220
462331
892528
555555
212772
222222
238666
863594
458032
170847
904129
529838
346382
287993
684713
733247
347072
189023
908469
872235
888888
054902
812352
506938
433027
158898
777777
666666
630117
542027
140795
719925
900415
654890
828627
878066
854987
999679
483027
852962
866674
777777
468786
826910
238807
290992
335230
096777
441975
435097
868315
619369
204643
079573
802477
447653
030621
975012
149420
477022
759941
240841
000000
331465
847934
895341
220001
924666
641092
074127
420593
899562
007747
989404
394185
563283
642361
333333
154047
085381
002616
251931
707001
252778
480377
646065
158136
163231
433907
118217
208941
856600
111111
042488
089874
996982
495528
042076
354351
772696
304446
406626
903207
087421
142577
666666
047424
534396
341597
695265
375925
683535
194773
290785
666666
808529
673883
346749
300244
943460
625606
052339
399646
563834
933632
814653
333333
923532
666666
089156
267475
666666
485083
392442
228963
896073
888888
342579
057624
239462
063105
951048
946929
447345
819713
823946
014327
392557
542529
478936
982851
899442
612099
627528
097421
683182
326485
996921
483126
312475
053095
901339
256682
693527
843004
446632
924982
235903
549201
305908
023492
093634
180446
387984
314881
409731
888888
558371
334652
907929
631292
099024
420757
463882
888888
592859
274648
810090
520640
479657
441911
444444
415862
111111
346552
514489
534561
828651
601385
070843
299387
469614
777777
086487
901941
099527
824356
293729
289379
398179
626447
555555
417973
606449
673826
822409
560262
948980
042631
639437
748262
111111
863012
948128
666666
999999
740467
313262
912788
002673
901287
811835
755517
675497
832906
459491
582271
813031
767943
827492
003494
153852
033647
501265
602213
599670
153689
927047
498342
134246
848674
060911
048685
514021
483985
742872
490136
159265
114196
263924
482656
712010
694884
890484
944611
489312
722780
948607
478926
155294
490191
404002
949587
292578
080041
253943
444444
532567
444444
018743
384074
109596
426595
924134
335932
808932
310868
534093
503925
000000
849582
938821
222222
725699
765890
858599
621097
002243
414609
999999
859747
837405
847938
077552
588516
731813
424950
353998
568777
919860
390542
305999
106512
459844
209572
834760
399951
937602
849781
104997
484609
926573
822695
494077
440837
735542
895508
999397
333333
308122
713623
732983
985992
183863
134873
081946
599106
090008
299965
698636
304630
694423
878315
212410
069309
797815
939948
177269
555555
002872
499158
597367
986781
987819
080650
291752
441903
320410
626434
743567
777777
457475
856885
120674
331307
830409
431907
226984
555555
585965
740532
233406
564958
220832
888888
346477
554547
730878
945572
667209
930912
839210
907424
637696
180465
302602
477904
789945
725749
823807
692831
224072
900976
444444
062715
964559
223122
735881
948627
150168
674555
230982
323627
014976
153122
666666
580930
339930
032037
808771
334936
888888
900699
392122
407059
524009
092944
289775
022107
294388
555555
216449
001439
262654
460283
844671
070277
294965
444444
689479
735584
222861
319905
035899
297076
849597
534883
041977
409971
988548
373501
724824
555555
222222
091493
377415
925487
305731
011443
827378
640777
241135
579852
000000
034977
425785
666666
652946
948507
059787
418578
666666
374222
092453
374960
247891
294775
333333
599142
344651
701013
120970
704839
333333
826930
890362
244177
840735
213745
304363
994015
987168
893949
702163
814008
073050
935990
410046
318704
414116
830675
983909
333333
025610
394411
872663
323675
614061
392926
151427
303229
992273
600143
005297
142009
879943
236041
752858
412925
288243
431436
995681
430456
021988
231017
793542
950017
921089
906084
123653
742586
989370
294899
812443
062045
555555
129893
801112
030232
449086
306125
329555
630842
783941
216196
605421
879065
217174
749598
000000
237761
000000
349942
084121
030616
486674
987004
120551
284963
863387
684308
850222
803546
590972
462041
308033
224481
634483
222222
849987
270596
728908
343146
802317
722628
342777
466661
234471
127496
414316
793071
472267
061934
752049
869411
403932
888888
039575
204723
889632
530386
608086
686532
858823
324744
888888
318017
802931
488322
384564
857224
111111
792773
102536
298867
487601
781080
777777
666666
390921
273629
888888
938480
444444
469155
192194
130991
205550
507886
420440
972558
905892
232155
396003
039707
891906
976846
444526
241841
443156
444671
251288
223148
905497
394004
951348
133121
111111
089458
732036
073483
048601
448096
777777
714376
944901
496881
244693
555555
727781
853664
492066
281647
431165
577203
064355
852524
282747
994077
133025
058512
982283
231665
008832
658255
081283
756842
814588
395787
843945
390476
059532
260785
425445
340475
666666
902630
307071
634353
147112
666666
854831
192631
023685
678514
184073
888888
401775
820269
234672
920145
056925
644703
364114
212927
179337
744861
137613
280007
828179
205137
384676
327568
306926
832556
243583
711907
888888
465628
248214
279041
444444
777777
822432
780579
243098
423177
059547
243842
964882
031433
865964
740191
160031
842696
100870
890183
483618
802895
193002
344201
773630
394601
463583
073217
249124
030801
999999
312172
150874
888888
011692
379975
219070
488672
324081
804807
289086
713614
702632
976742
603065
408697
803167
972136
777777
808067
270323
906628
187836
695062
461874
949966
444444
844751
520576
647035
048020
299467
919582
031829
700442
979396
084549
891942
943265
505443
317535
934305
074894
912495
020686
666666
712951
658078
885723
344487
470681
673486
898777
095295
566658
222222
833237
299080
474848
952540
458105
453482
117304
215158
583455
198734
514612
153755
138789
383381
888888
233375
284341
148723
946597
252769
839683
741924
846471
865020
615577
284435
327341
888888
744087
190386
817941
274163
424480
172234
682542
000000
022177
073497
939623
400953
374745
931314
307631
140562
494671
398481
427541
680589
312855
996572
079985
103811
463393
788646
216561
540099
586034
828428
209861
033478
420296
779938
438285
113530
459365
419279
393531
999999
297799
492288
926948
684880
342881
669342
558985
343675
558435
234379
630715
047595
769076
485544
918625
103836
286233
869322
264369
314912
956881
979768
790696
250564
888888
930540
854465
119566
925669
809774
333333
680946
355446
574849
157539
283820
444444
585146
054097
964124
749726
274207
049837
581457
333351
829542
721036
182543
285446
999999
688641
888888
953546
665478
428261
924874
949327
332769
539567
392785
411455
538000
210702
600045
530196
378531
377845
803930
184080
907801
380965
270702
237164
541049
582571
529917
287515
015847
925425
534246
829035
555555
603730
000000
764234
888888
149949
450459
404815
189470
313851
947447
220977
466542
731771
183026
559316
818692
021067
402966
802062
731830
996964
070481
275027
382783
463678
603352
054561
444444
482776
251029
333980
442934
592403
888353
111111
546377
111111
655421
061502
999999
691557
457312
880882
503478
342863
231178
944528
539201
009236
945393
498882
473986
185891
229287
282641
133019
874417
106780
987146
441627
108657
004877
746633
288107
532100
836059
666666
180656
615770
808174
333333
304419
308778
395133
017329
000000
845517
333056
332458
858177
242033
333333
462849
031442
047283
777777
868787
389681
999999
964845
880878
143172
445435
566485
666666
503506
643287
888888
137005
397664
360471
555555
544341
508496
429529
630442
154958
858945
099526
838733
495428
289321
689486
566332
162848
372762
839944
610561
836417
382891
440918
539276
539495
858870
315863
423091
592253
777777
430896
840545
871682
298530
048626
104634
086671
988072
388401
749077
331372
424621
588121
879563
128725
241244
202113
033528
541635
695270
200557
685516
109508
333333
252477
208569
691201
988913
094652
963075
158635
402183
001452
265506
138354
111111
647050
963528
280437
931962
844243
010452
878173
134836
874791
909486
927721
618866
076417
816987
855265
777777
822961
244933
243443
492993
880397
562430
893822
048791
308600
191551
999999
340621
000000
926963
012070
892926
994513
235514
637851
272657
933692
222222
649741
541478
059880
624965
814481
800475
564519
581221
210633
950262
749702
410708
242955
139338
463575
700231
555555
081036
220656
276490
296871
689431
666666
214331
917445
879430
957010
292536
002374
038357
222875
862940
313628
414314
982588
733685
046422
113352
831858
496711
842663
465991
987140
004956
947341
300112
100569
180768
171811
826185
003218
082013
453047
447055
666666
875502
393763
982727
268933
737172
512043
500075
271370
242891
625325
365042
440580
843116
316237
264817
805485
999999
124673
261546
963027
914423
920246
211761
003468
284961
580048
928841
088665
750019
882076
938451
572021
428021
532144
717682
999999
902552
430338
616608
310776
647556
202424
882421
904570
777777
979487
969526
243950
820547
032021
480812
069935
007756
708462
777777
000000
145423
416672
916141
111111
490626
738678
002732
329691
347646
262748
287985
318730
594503
201186
444444
388341
781512
203072
555555
478368
800425
190264
257612
138803
232316
030227
564499
817433
189442
801889
740203
871132
360139
420921
323166
924392
333333
827341
393716
741043
903578
651628
494513
864926
247971
888666
301696
099280
625628
496506
093961
210221
174861
335007
804636
248856
128074
495601
707142
860219
083601
516893
222222
023431
012949
270570
700273
876509
826995
817565
333333
332526
221142
864768
964531
283927
379405
498285
819898
044122
387921
571032
555555
829340
439683
000000
410375
384044
999999
692121
461441
223433
157636
848424
139722
040112
088165
935656
703665
035988
807695
870494
722996
697169
587813
230669
000000
333333
440447
930503
829989
040780
808828
040245
484435
223784
422822
908302
308283
094285
472706
802131
884869
558007
082441
248359
888008
769601
908476
889053
028805
019422
917592
000000
833757
882576
238523
795808
222222
653135
834618
440626
901966
297249
842696
286797
752885
730023
671075
684345
040043
747782
222222
777777
117977
122593
841065
118411
883873
615804
888888
479643
333333
683333
349775
255183
594141
942607
238551
389071
404886
864832
176836
838267
783835
555555
011436
283468
082363
160315
277811
495912
124877
141761
584595
722905
779712
004288
732063
625907
628423
148747
761921
972874
246549
098496
408914
977907
813463
437497
209442
333333
003124
682623
324451
474592
771185
415118
061800
608791
266754
692415
008840
249121
573441
096310
312326
306646
032944
493894
392480
202695
353370
904575
644715
888888
031526
666666
259405
720931
888888
622407
555555
523837
614462
098020
538890
194063
222222
341020
055067
991951
359998
812316
667191
922834
228190
999999
879126
932432
005665
623342
684382
401275
402484
228821
826727
880855
692589
426562
666666
888888
387420
032621
108336
038622
836805
356976
002932
221842
643042
021146
555555
905058
497975
458885
690667
988270
230407
586417
886667
299074
389621
491872
439359
554335
453252
321161
213524
649419
944027
882348
408991
377904
561332
043816
388206
802466
849357
630171
595554
060482
555555
923326
120587
192070
222222
341438
000328
808841
702801
436160
401784
111111
537944
798735
716344
067883
883681
010079
111111
833361
745830
227317
741677
742373
038046
356632
026732
643418
740897
827028
633192
264049
889643
354304
027433
506311
905072
081418
446345
848651
742041
713983
090838
639437
292977
798056
792961
818049
466910
229137
229958
888888
934981
271721
985994
005505
550664
471662
804993
594022
619146
367941
900982
422745
239036
032642
343413
672653
539903
706522
773286
020617
398444
939141
986082
348617
444444
999999
121687
691038
824828
906846
078188
980799
369028
192688
160999
886556
548300
232539
231016
444444
595251
840725
803007
946476
294803
633615
777777
095251
409946
408015
265844
602651
851213
201137
930899
072347
028979
095570
619283
838076
295019
310911
683309
659973
073663
327245
903816
666666
038865
008036
331599
880691
234756
039901
024743
793231
379181
687524
938690
858167
252636
062272
039077
314536
957649
759876
433888
840313
513603
555555
454246
654189
444444
396664
571233
703722
772102
323600
438671
654867
445459
018741
363242
258466
002139
288233
989047
054874
782276
520370
444444
099077
897164
434945
214927
888958
111111
766098
494726
002215
218522
610267
456540
342227
867116
281971
114645
325891
053805
414024
060941
814889
383963
231904
468312
000000
099609
329093
685595
295422
784585
320156
555555
291251
999999
161947
134286
024042
209301
278605
183408
921074
228342
790841
942583
858662
809429
119551
331730
003645
951937
251235
987605
194924
131029
853708
152022
826668
335457
774476
688860
000000
482496
997861
333333
815919
480683
000000
798046
444444
852434
350861
945670
687621
289996
773920
574464
999999
888888
273591
290915
259629
289962
562174
749824
301786
811201
622171
444737
493483
174633
334465
930041
951618
399893
393360
246848
090370
809710
831089
709823
889435
927567
222222
499286
063794
222222
669572
368796
948619
426625
574540
337733
666175
989365
666666
933658
287098
555555
846927
850592
929745
666666
049955
641545
154529
333333
013254
988674
309421
063202
142014
000000
883267
137541
287807
445032
999999
531103
748270
921645
269185
036586
884973
099438
065757
499401
222222
665236
495830
854184
000448
900027
858047
870044
777127
982439
009857
238534
124648
922042
285935
242039
414037
329466
913688
888391
011796
111111
647005
185075
839126
978676
208227
097296
284574
819879
909280
811720
180544
750941
555937
901204
177476
016389
765464
936702
530065
254565
425071
392414
022938
972279
029273
328342
358921
068100
222222
214989
968620
498026
978846
083222
281804
699647
300687
237564
776946
683226
498702
131347
330516
846396
588733
888888
482596
930681
232029
050662
581213
936434
216982
280046
908743
430435
666666
707962
220020
285679
142505
760544
990840
999999
922789
839551
223678
553867
484165
298603
995572
468714
012864
467149
807017
800431
392607
328968
555555
830694
129020
885571
616617
906766
965687
487837
428532
486375
391029
105793
947953
006838
000095
820162
024385
335679
974463
502577
555555
290760
291927
384960
145397
096231
929548
541562
747107
918782
814852
551006
222222
449487
247820
249833
402144
224550
666666
445302
209262
226001
914002
900292
852521
513785
833663
619343
235359
392363
970726
945225
428741
314110
930061
822579
070980
309943
790018
282623
139226
595449
920941
173041
222222
454642
445328
451574
200443
188185
449462
201863
246820
009477
111111
285155
208147
613638
622237
999999
665678
102187
260879
761242
270950
435901
929991
169073
682930
284743
880070
213547
300712
588974
588905
671548
825461
289774
983787
126342
752684
881598
888888
744686
835168
943770
286367
510977
888888
558573
272014
873023
228511
400236
333333
162937
993910
828631
463331
498948
000000
158069
830396
416887
436037
809876
225539
305519
207749
933021
270428
951705
599820
490993
099963
389867
640243
204836
191800
936546
505577
423809
062391
140067
883823
244923
290630
555555
026857
907323
264026
274070
524801
280677
133580
579420
491712
916825
265148
132936
000787
330797
616720
597492
481342
512032
742669
562151
949400
994920
573720
737535
953405
866564
593735
456832
703566
276303
890428
647202
139773
336765
883605
966170
867638
847567
920873
673692
490049
306642
220610
923521
245712
538723
305629
121683
682579
240676
242564
313888
413941
340453
602881
024725
157396
345471
223359
390623
681571
465483
579521
594078
878496
198840
666666
222222
769674
274149
199506
294923
622473
642224
057642
569123
034271
078473
995424
823855
042572
703077
585062
874234
585617
551047
660080
922837
082127
000341
413422
895017
852005
888888
666666
709585
927140
321535
029752
286965
295882
934863
073817
048724
444444
608051
406843
734085
393037
437574
424814
828667
108503
175945
827116
042347
128379
730324
789211
777777
281472
642131
972286
369867
532027
044282
701966
948272
430348
207950
056707
005566
644165
474082
879921
412451
465675
142433
343161
772489
659763
595332
882002
728589
293071
695136
883985
991437
828002
439116
404879
272378
360575
889147
809303
020681
099311
769950
419866
643346
833851
933518
096428
444444
022215
207282
021445
992919
554870
853777
293630
999999
218567
234199
666956
909250
555555
352544
178483
843920
000000
831156
331514
006596
666666
444576
333333
924455
269477
844775
461565
985458
234381
829407
834595
888380
000000
826939
733084
227506
111111
588486
900139
592445
646622
064414
092425
415798
016022
943877
418707
206273
881646
444444
292857
957509
427446
590077
445536
423041
260374
111111
842529
868011
978047
777777
773620
000000
428298
230039
623992
736601
738447
444444
188605
194463
105605
555555
057520
111111
000000
000000
464164
599684
851767
059342
915012
000000
877120
077551
188797
839481
704983
724606
008502
094801
817163
635923
570363
999999
973699
699633
131672
154634
703611
777777
658363
016192
293434
072287
936669
207003
444444
774411
746606
271473
823953
691620
857875
259527
005805
463703
803989
892385
333333
333333
555555
267888
860811
257643
808541
015576
610682
203670
777777
388778
570885
433904
472436
223877
805728
884994
663259
666666
324874
333333
999999
942471
091723
173476
608428
494141
273645
222222
400844
024576
370632
323013
403111
929383
722249
455628
333333
539425
290566
064042
813562
802763
445552
481431
274373
209904
353941
838760
520052
322871
012692
492974
547375
193676
987268
559339
864101
313211
958890
905038
665247
835595
933668
898370
494001
404675
782970
626272
204745
044033
189513
257326
754285
719277
799686
389639
948179
754239
425719
494286
492858
917794
425551
139896
034610
470553
666666
002316
896686
157062
891375
761629
997074
259371
025079
999999
331023
888888
502927
493049
856150
608225
586535
930066
222222
306915
375466
872915
333333
035877
000000
152897
795312
286252
939005
192647
481999
513930
409040
290903
444444
820445
994837
452076
068477
920423
866582
329237
311418
105043
201923
449897
487867
072827
373561
033878
909656
085630
284628
391064
453937
918695
214536
615097
258644
388233
333333
711041
289629
826766
777777
992586
666666
440618
255771
112566
143648
228085
618624
318661
321143
602778
271362
000000
224446
643284
297361
237706
982933
423132
997993
319287
016869
555555
563072
982632
308083
452585
209466
496920
472847
275677
588059
903127
303574
122343
500361
892812
111111
219670
031396
272277
430513
030220
206601
696720
666666
929409
659471
252593
802505
888620
796003
764687
077378
522447
666666
425802
666666
513033
188839
075633
486156
964304
990343
602578
279751
472612
062171
222222
837714
333333
052035
635825
999999
241494
755836
308067
578850
482625
363460
111111
097266
148897
316822
224081
593092
568045
428680
215006
747903
421932
464763
777777
908274
699395
582840
372730
791512
974412
538032
923011
866071
812441
666666
385844
640091
746000
259032
440367
600483
059269
210684
968604
708506
832127
195926
488585
588666
039819
168814
107652
288565
333333
486542
209317
934188
913747
446988
051694
132849
839362
379782
374286
352593
333333
220023
872929
801660
404946
358615
084429
392182
004118
559216
224523
718611
777777
301532
306479
015361
882870
076878
500077
702503
993233
421002
888888
099725
888888
921075
240399
341937
483438
729562
602869
040887
121868
064382
634885
392565
259611
734696
308897
972556
821671
207776
379240
000000
213297
035802
325338
400163
740073
625476
958499
081554
294573
585721
000000
326381
111785
303633
326033
244825
333333
444444
237285
666666
659768
697777
327198
070615
238588
999999
591808
307968
454174
524935
390348
342324
742134
133670
720039
607363
202349
017682
318551
222222
554787
877178
892071
961096
187278
295061
129088
011242
424693
512060
423051
320572
148527
750760
103387
430949
572442
999999
999999
476859
278799
703077
978026
207682
737537
927998
367087
334817
704181
619487
771646
098722
638646
344721
104675
419787
291611
965170
623388
816867
137095
801411
121002
426955
938983
320045
917585
409045
043572
927065
262476
092762
168006
238409
888888
401917
111111
634785
803986
922637
419913
592610
920111
882084
124707
555555
681020
488895
274933
540190
698976
184338
041151
284341
444866
999999
195181
666666
369865
352027
995771
999999
940108
183623
600726
808604
859760
850192
254647
800962
333333
898125
000000
921857
724305
224796
811399
093267
360828
326967
583167
074271
206084
283689
197323
603059
712072
871679
777777
489813
333925
981285
499054
519145
196991
672828
510427
222222
172198
621135
836479
728524
444444
530196
904944
540805
692988
289766
900649
290960
632320
395196
829467
137237
808007
958362
847546
430764
082086
036008
185196
673670
174623
943272
888888
821023
278449
666666
953482
666666
812811
103023
464476
684463
480155
331539
390312
723875
304316
796546
571972
444371
430471
489682
599177
448738
007687
805689
467412
404600
470071
992282
777777
546647
270935
999999
848924
237299
344426
316391
306314
493090
683065
903586
432650
628025
057619
398771
048492
309221
043636
000000
309223
140476
389742
682149
999999
008957
338545
709932
089424
486800
885675
222573
666666
449701
837786
806818
222222
673495
869663
895482
000000
290653
986371
342996
135618
291518
497965
683861
444444
698742
035771
179721
230696
010174
937553
528413
951693
410064
235075
230885
485658
888888
497179
444444
302085
364826
488212
228186
212469
297972
127448
003325
009086
444444
780872
854896
222222
484856
426005
092830
333333
960197
275449
067361
423787
825506
104712
194800
337571
538990
498231
173083
784967
441486
938431
910365
781265
390485
653647
660875
787896
623120
307271
482112
474760
407343
242585
726766
275007
001632
670252
269341
555555
253645
596644
872986
369846
427366
174334
333333
222222
776038
827563
689050
134480
946670
260721
392637
428446
191422
485963
933375
999999
522892
010876
794878
745208
990630
043660
359541
442045
854538
337563
444347
980575
907064
031086
433182
437986
191857
434336
999999
421433
121838
604602
725185
364486
555555
462483
190037
402720
400461
202110
091559
714776
273430
708136
594913
042143
605283
607573
333333
242498
892116
227220
728955
319585
903915
418807
339299
334136
134963
374865
806703
176536
999999
662096
014369
793288
930009
440625
666666
624825
901231
777777
245780
633766
959477
142343
236335
390257
666666
333333
555555
485144
253662
229752
944685
630460
767088
222222
631445
963767
543927
810088
501606
484861
894141
120137
393876
982987
555555
378033
279124
878261
806820
931811
283481
067943
681740
048246
321477
550383
623437
604713
239501
935870
333333
027488
134168
830226
308623
460310
263567
306465
269468
260631
982414
212031
637430
288330
000000
782289
555555
666666
638794
868515
384346
088793
999999
964482
461938
964266
066322
831532
022263
813733
333333
222873
623634
440638
853562
777777
380433
306884
004323
621032
088282
888888
888888
723022
444444
478090
495325
929977
087783
722731
740446
400055
777116
444176
474751
000000
034854
965064
666666
138893
566642
838317
654855
193168
110232
148811
887026
248537
493891
418270
743361
156274
289986
923566
814084
827070
098441
279722
845241
867421
008007
993136
725799
246906
395694
041964
861202
347051
559282
634875
592462
444444
224283
330047
372867
256775
888888
403912
841433
407774
582075
962044
064935
754261
995986
061181
777777
897542
710577
444873
489473
774776
604790
112883
069303
238927
915337
719704
410835
228995
084562
918666
518218
700587
840862
993541
192828
464385
670047
446081
923591
024453
088575
679303
353987
224815
352400
177509
088761
933641
222222
967873
850736
731075
007601
696709
662952
512285
794573
039677
886461
999999
330849
847061
547572
827049
216672
622645
499469
644860
596341
930570
058256
842369
614425
742417
777777
891069
736635
889546
309063
832468
951668
000000
250698
888888
045884
471736
807087
328894
666666
646486
548455
837321
983166
421171
708921
020564
721425
405550
932302
974066
858063
287768
493646
272484
128337
063684
289532
636348
882838
529352
486458
288390
780071
358672
943606
834052
872375
128942
331956
015906
010133
029680
205560
668455
504582
270916
442321
333333
111111
898467
852055
298877
964426
496794
555555
175902
871626
980647
848786
408021
089570
981412
260643
740980
003832
104590
222222
680314
350546
003565
922181
949498
085635
089081
393624
562840
218538
020264
157627
784045
362393
267032
214015
394863
279411
759425
555555
478365
339813
655646
000000
510461
392684
558461
900859
998546
762027
649048
244305
924502
915847
333333
916569
930965
847493
645622
891985
669376
049289
894312
233375
102782
371072
115393
820425
934151
090739
047543
940036
538496
262861
333333
105293
847591
409018
809909
058959
654782
441526
625232
999801
384836
460992
982900
255453
912267
072735
931900
842453
512871
191826
687069
312318
675188
803973
888888
180187
221041
274272
148224
547130
354493
048629
800066
408674
483415
381175
289977
054152
500897
743665
888888
222222
401142
666666
870223
206033
245770
684438
608707
265658
642595
265014
959394
244713
005389
666666
042943
918436
338383
227428
732060
389657
314811
768845
111111
809810
368043
927948
349163
863462
722118
266444
654554
364465
333333
864891
091282
343681
150401
335943
162817
884891
719781
101441
938425
489861
054271
471533
260809
054188
512893
866498
222222
999999
997553
525873
136586
141446
901676
193268
813476
023226
640695
027836
777777
439085
032855
888888
540047
402082
777777
784343
827593
909975
858082
584143
842367
612341
866498
999999
786099
087475
789671
439595
666666
982244
777777
339575
777777
453491
644282
012780
630921
730744
601947
444444
879523
004065
836630
837177
995817
555555
843566
491530
732595
291672
602570
102546
734352
088618
083836
934397
222222
904938
296529
792517
834747
301697
896454
888888
249115
875549
222222
930035
598021
999999
257267
005070
088574
604021
790864
847909
199087
602334
333333
374623
543992
028252
111111
061206
579442
084271
111111
946441
287405
229783
244122
529277
666382
484919
878924
939885
096128
382464
777777
832972
695827
927805
912402
154066
388399
234553
208649
644636
126885
702855
939825
086713
942133
128112
222222
444444
000000
053286
258645
068320
794130
647153
169027
822800
463585
555555
273672
031268
548049
987361
903172
801373
091954
130030
547388
888783
325611
674242
062034
236116
733313
885681
666666
573763
102993
488619
394043
094780
628125
500530
000000
093656
839431
487887
931105
295228
894042
444444
929047
554243
244272
000000
191633
362413
999999
119270
936050
949435
655923
938866
687967
634931
212782
126675
536003
348681
498566
263839
540350
990650
222222
535791
878736
357207
906723
129773
073832
196371
043406
225893
885090
618678
286071
223729
152888
414087
852815
276971
159320
852818
899005
479909
522946
342533
508557
500071
828134
832049
485225
472571
162549
904569
111111
292080
000000
817015
555555
777777
603932
299567
533623
375635
316509
702276
708405
088835
156189
421165
000262
888888
298507
434620
444444
430683
340867
267754
944086
219427
618001
943682
347735
550136
703475
557518
365714
403413
939771
111231
013201
810623
058863
983439
563071
735168
852634
453036
227453
444444
224180
859588
007860
733029
119875
303763
358211
466477
378578
914200
555555
454358
337007
402062
394562
520885
163155
027623
102737
924056
484580
633071
091051
211120
932341
617603
017976
223249
997600
500629
909226
803740
063806
323300
292642
323837
400752
002826
612479
777777
008886
262295
742551
620685
954040
278833
734632
278437
802343
101866
920613
803343
398461
753404
454036
999999
336465
504425
166784
960761
364021
854488
793866
343460
690037
384593
532233
309853
220121
929777
020832
343140
555555
825261
684732
816091
934365
528431
871546
358433
888888
791651
545531
403335
713539
089733
864833
930270
248787
779966
278917
111111
796422
824303
653147
025344
241989
939300
333333
314434
899477
005692
583854
213049
111111
666666
666666
936415
821874
048340
888888
887586
222222
226136
349935
975584
048925
024960
698878
292939
130963
459131
592836
809509
333333
744684
788327
522793
510181
616173
260589
332366
350765
440656
144384
733134
477351
888888
193392
999999
439836
089262
203676
444444
573647
902205
046653
057343
636029
189915
639616
444444
843519
643117
732574
163071
374253
086824
999999
394937
538679
916730
455587
888888
382243
740613
088265
353315
369383
692005
405690
183522
843780
298965
493234
309124
397265
483833
835754
885039
248026
037432
340983
555555
000000
398577
403629
732079
555555
084894
953695
333333
001882
705043
916076
888888
506835
529053
482002
586685
666666
364803
310030
383955
830763
840031
111111
056420
000000
819176
241662
243783
045537
111111
188785
933761
185849
570954
292541
032128
999999
095433
238141
666666
505742
079631
539045
300462
294961
287923
439326
444444
888888
030776
349526
222222
944347
278069
205200
216227
089798
444444
473581
551885
029902
181073
595381
171848
162076
486990
290654
563639
066886
353660
709461
192854
924549
958080
658729
434552
558547
998379
333333
363332
282531
280501
622069
714593
494507
672305
897689
393637
423911
343241
992925
953519
261379
874842
171207
841874
529567
648517
360481
374809
540366
444444
399055
005089
243584
901364
407062
904996
495137
281417
836386
087649
085084
111111
610292
991569
983074
114598
893823
733497
933655
081297
319787
579756
594928
865528
446203
807995
777777
664485
336491
444547
737277
272021
625022
380461
985220
223626
031066
660320
114767
922887
445057
020634
325676
490463
948686
990845
663049
955203
198885
111111
824730
475920
210807
203635
385319
721155
952431
182743
099015
942048
928407
594515
124241
853648
409212
219983
567799
778887
882666
777747
658619
277783
394875
659886
453645
394365
043966
227503
907638
149923
690535
618652
532222
757551
884485
341946
068033
442541
666666
030957
929822
935101
284932
264483
915542
412365
920986
893749
028505
439278
666666
219044
523760
666362
057171
294171
888888
920265
322950
173554
676547
942731
495823
351352
150838
882674
236607
104035
029903
319977
490065
984472
704922
639855
057932
885549
389587
948128
533161
534946
880431
305288
595443
742134
615973
842237
212371
000000
797933
404416
038166
574246
000781
049662
534160
830375
039246
543210
988253
808689
111111
457063
936375
115949
488487
954079
333830
122326
888888
969578
411064
118532
999999
626807
265132
708809
932083
079590
433830
742466
062326
140892
460158
087170
527133
800249
066511
294206
299509
082311
343616
590491
193588
108888
324068
840640
780356
938862
638425
666666
996874
448838
020529
249834
696111
359418
951542
000000
014993
083484
738306
983461
860997
497061
819945
442830
954880
694228
770812
720321
888402
880470
256491
792863
628823
188940
014565
529727
106794
065618
882996
710833
553620
857686
758127
486428
533975
616128
883757
764950
628354
943804
111111
322025
848532
344881
330688
418825
388646
490882
349109
081542
145678
978083
277452
748016
902173
102226
940147
666666
213865
729923
002436
999999
148237
112746
340136
222222
299600
373949
034691
118534
777777
222222
821681
067479
549497
952076
363580
326879
647891
403570
310104
598995
553554
543744
013051
353368
949356
690455
260225
844811
949400
484270
907734
351978
029675
594785
121607
904487
259096
828401
946925
888888
368893
333333
315839
860426
328009
664389
778561
764668
449723
400290
892755
302492
901933
921081
666666
717877
268094
551638
239442
680666
075418
233061
826920
267005
433546
444444
247502
900083
905649
871240
005467
379663
909441
444444
438252
667686
838076
752009
803452
422962
301842
694371
666666
307872
237591
301601
222222
053218
891891
394511
706630
691033
780443
821716
752377
539931
410981
297961
682459
456545
613515
431251
444772
444444
999999
892041
037658
923785
179101
136388
472654
302369
316887
555555
838574
029331
111111
321747
386479
991972
460176
381171
023396
707647
942364
846917
889515
260282
497442
111111
923018
161574
634393
964062
923316
830469
000000
138860
650875
001269
026183
829143
936332
389393
221283
226235
342158
122621
014023
721410
042263
666666
999999
011444
344985
034498
373991
190468
527983
011335
924963
175515
188069
609827
703637
418861
608367
734661
519803
413944
254935
608087
331608
036131
281409
827449
888888
562468
555555
702466
499566
251376
541884
601960
199171
143343
878968
722070
014901
680332
900897
444444
225134
438442
397125
559923
579653
335477
283079
907372
292741
393821
466893
304242
888888
750501
440632
111111
040346
343900
444444
941591
041443
839179
978586
241226
782082
666666
555555
754462
198881
424691
666666
453813
408613
759061
618149
652941
616185
354549
139743
182707
111111
911747
200689
583526
470851
786530
980160
433320
336534
843888
997929
728621
052668
999999
183074
777777
347344
220693
111111
151127
332435
272643
425109
222222
463403
399582
264429
222222
504440
894628
001517
303715
470506
442574
606661
860570
468028
998861
832984
524661
222542
191037
088405
852691
919332
463485
740334
202916
275608
234425
483887
389139
777777
505934
203130
666666
420989
974314
841918
678526
494532
076169
640921
132337
082141
920132
109661
900628
314957
933690
259683
888888
006093
324657
866588
243836
472637
512436
413836
079821
411887
306622
777777
797627
184976
363737
555555
444444
892883
106421
408822
559165
555555
221011
333333
975285
388077
879107
702007
598911
102976
984679
354319
007002
240649
028444
249982
380408
032248
279231
971085
742493
577548
484056
180326
967337
666666
802832
590610
572020
624571
743236
435249
225573
304113
217731
527663
782345
987651
896084
666666
999999
024481
666666
939897
423585
004783
503459
310765
182982
888888
919455
140464
953838
406567
636896
732296
777777
092226
282336
143047
096881
333333
945723
353928
520675
325584
333333
873501
583824
594376
368216
890123
750993
507678
405160
223728
854451
477449
158518
300065
482911
414331
065259
011733
297977
826327
788780
288986
829242
354506
961546
912669
325698
970932
010477
358301
194363
587402
222222
363149
439046
335261
352449
379415
196661
768914
649615
723873
053613
767838
840834
210684
772688
548181
834232
480481
333817
222222
403633
747571
230782
777777
493047
219271
978146
091893
692990
330077
433121
820437
953145
274411
720737
438612
128061
908059
989163
988926
909953
223474
398983
478377
052774
000000
999999
444444
776423
536810
617061
352096
889075
727027
200065
018950
000882
830718
918369
547545
809580
039315
689262
390784
700036
197689
374827
223101
404913
391960
535863
118425
827037
289006
230869
957020
567695
836001
799635
468173
789284
202282
666666
076431
089029
170853
948953
821092
118445
724764
661131
777777
746372
443570
848009
577424
744436
222478
488731
633348
447546
014385
805908
263434
333333
835536
771014
892931
194080
820460
990436
555867
312437
985007
197626
689440
689479
672176
848845
222222
323947
111111
412511
568965
418405
270325
666666
209078
365726
287900
231691
176668
000000
407086
392863
441476
379571
921773
494675
058441
935325
817592
724476
999999
444444
969313
444444
210289
340756
910038
956856
859915
960905
129195
006847
312278
720273
138746
527955
167892
333333
071718
972827
968482
882140
896630
386077
724848
969518
655786
032423
592562
111111
870556
021705
681028
288185
923449
965375
305341
036631
694441
926574
578499
301262
841327
666666
206692
521957
140007
107304
735528
892009
841513
758263
299640
722534
932548
291303
422082
646619
070427
888888
359530
777696
777777
867021
816643
395445
361883
547026
523512
945713
061480
222222
158786
435146
406130
489026
233033
440518
796813
562146
381341
093565
111111
543623
981827
083545
962043
971424
558421
603971
130486
143346
209941
398087
806180
222563
172570
932626
433983
174915
437167
777777
555555
778071
804482
491622
443674
849538
809840
554977
946542
217747
248006
334854
518085
487061
065167
468011
087025
408871
922475
444682
871645
172792
686077
922288
355172
530850
352471
032700
638712
509431
824315
222222
892631
298367
375257
370523
889831
287107
807933
222222
554106
790981
559389
979173
095373
156521
834342
349607
924945
600642
255855
197000
111111
862683
629941
524372
932587
100475
879813
225352
858844
529777
435440
224672
508632
389583
888289
368803
044789
646671
380948
031941
381923
941475
824446
523547
278972
641852
752096
902744
160222
783585
222222
033477
275470
243932
978600
845010
958621
604603
123242
738410
788482
930889
586907
300570
463084
388489
840361
079812
748523
000000
954570
777777
458425
694841
048188
123069
103628
742930
472176
271583
513681
957231
555555
888888
325388
728581
419978
715748
414399
441585
093274
287432
339183
081447
973186
044971
009126
242491
342523
200945
937607
418867
272731
066622
180953
587571
480486
269636
531364
424981
682642
684574
089162
325697
888888
900173
338762
780453
293444
962005
019648
555555
307688
453942
450820
284213
913398
335867
111111
099001
402034
888373
699665
085563
888538
928519
475905
143391
295654
086321
863709
225426
259820
890616
934762
965016
904658
882926
111111
318505
085078
424621
102067
730522
843866
930703
590054
448084
058423
372595
454076
339696
038982
233980
066335
699895
698341
028625
505565
747237
341247
936610
104248
244687
682472
270464
592491
372811
918872
062079
111111
508506
814577
282310
817879
595413
500070
140332
356879
743577
222222
531453
116603
246473
509943
333522
000706
584211
803356
222222
366446
719877
222649
436283
499394
577478
419925
385826
989885
892025
298939
555555
442747
457413
369872
333333
201763
436802
302688
380883
606839
580457
726057
231443
420692
988557
209771
426072
995530
698190
782068
297035
406566
208431
964572
403121
276797
878627
051424
248827
719118
205099
800229
421126
379522
652757
169166
222222
530373
649540
333333
342734
789783
602320
594120
111111
739581
900717
838546
666666
284346
358681
838161
280607
317925
042907
172351
666666
271880
444444
824686
469897
405525
016447
360168
389832
301661
632776
402886
600378
487439
997477
113395
444444
433495
970630
427033
670223
443072
918929
005149
276066
608537
909611
341608
009078
851772
080367
024096
578001
844430
863635
606597
851578
809051
849092
103892
474017
333333
438045
506383
696832
441997
314975
855099
605563
000000
333333
192473
130293
279991
799952
646337
704291
400660
829220
054122
314107
890937
412981
872247
777777
872466
841062
885366
328488
818631
942285
434865
312309
849628
615282
913088
884483
974931
111111
155886
792439
705534
805025
498444
450554
348374
111111
888888
585775
966244
238364
834824
489645
910365
999999
660881
827133
886262
562846
188833
638798
000000
824445
655462
301480
222222
658982
913284
151525
220393
000000
111111
064503
395641
912112
533690
227430
140282
466512
784993
472077
645501
904601
666666
888416
848376
960332
495653
225505
471415
480663
444444
843370
878610
050935
302589
278702
947110
562158
978745
460907
342844
543081
551765
222222
499208
032005
794411
312542
333333
097466
918742
212633
088007
932881
333333
888888
233471
008640
849145
098722
000000
420922
385713
234056
670111
323782
654205
501420
666666
604035
670369
192101
084277
591627
084949
012938
280937
111111
226671
880561
854721
850903
985701
222222
444444
044749
236684
311809
569380
580417
624258
399773
978242
348124
830841
306587
997569
998533
834286
298658
824413
128237
195998
255888
878876
458642
538383
227875
009908
702826
373430
382501
078563
647623
371814
413380
015633
302803
306188
998967
003855
398694
079132
519993
289732
904431
860661
959010
950866
626726
932880
969477
036974
948602
675873
860704
117071
437136
291862
075139
875115
901047
678315
450625
213006
394907
162023
275911
480471
080495
475584
083078
171775
719967
082928
911856
021064
823924
479887
318305
491448
842143
190103
734281
185970
425253
123987
444444
970935
209806
003927
584078
443248
526692
876027
654910
824440
320476
538406
111111
486466
334102
777777
498980
440347
886545
390236
329702
421353
289211
488672
300447
116351
480642
091998
399122
593064
482344
710483
213183
406992
282742
666666
568902
000000
949215
444444
286620
300885
222958
366062
099942
246152
992240
016857
689006
222222
688797
598701
652386
974361
659926
331086
083165
630337
444444
410231
151040
111111
891162
463497
888113
061930
142697
979264
909062
433071
420502
700585
679661
594432
857951
334834
422185
244856
222476
541592
413327
437945
583981
038640
731441
384038
819515
499487
833834
595093
497082
876405
867427
344815
403631
444444
458818
333333
239519
928910
691042
777777
603443
600598
583043
493257
639189
599361
723836
229007
982083
953104
222674
888888
895006
908535
148122
495263
477683
939016
492755
621015
111111
949621
556984
393665
357781
222222
009388
999999
690576
439136
406169
158948
905765
061342
850256
943588
521841
134723
895933
048967
199648
909669
777777
880809
056251
295408
666666
258971
888888
318675
794945
433660
059925
722817
227504
098679
975577
943771
566123
829718
067458
148182
179662
187159
492474
568779
402675
840441
263716
364212
318819
673723
190289
709961
393614
452041
858784
111111
485231
732685
444849
809839
555555
482466
880251
642122
827849
816709
843408
812841
036636
979886
910943
058651
277542
054624
937703
826647
599910
092871
888888
278286
381027
492976
888888
863143
666666
382649
849335
894315
005982
369027
893839
792866
453843
666666
998608
111111
940557
793733
111111
048680
990977
908468
878335
354583
444444
046645
762015
085029
945081
093535
888888
883150
313016
524624
222222
389189
459215
471483
925368
861520
492675
086659
820226
826731
589568
985691
049429
376397
777777
954411
972597
111111
581084
060871
673010
749442
184261
598489
870631
956735
694892
909797
220057
429056
861057
661573
033822
218708
620430
978067
982487
887718
563585
020263
653319
346477
486079
682387
021778
924582
538807
111111
848247
238316
169922
077531
245612
546466
143151
315214
416385
984019
209130
229043
943376
287555
215289
429003
619512
594531
444444
442942
230552
733757
732373
429387
543245
252736
149027
839997
294083
147590
463876
010266
089008
594338
555555
433648
295034
908179
046935
859949
449142
318326
951972
472141
935892
168497
856908
820008
334054
338732
110687
420326
266585
392061
325472
645468
999999
336404
029785
494393
392982
532023
059000
985695
130763
934379
693405
331823
690566
215229
888888
444525
054162
737819
202005
551822
611665
222222
271594
232637
933007
559872
308331
350959
785330
276925
041111
039979
927743
203851
934013
763624
495873
173747
666666
425170
894033
244845
418786
502780
220374
788422
389239
159973
043172
136338
222222
806108
430636
795412
595362
413630
189061
999999
420726
691453
629576
867906
682442
948016
878456
320609
293589
126422
353592
662553
388546
908035
927037
042999
934926
953646
692075
604353
333333
180929
879922
350442
480948
447646
196787
072062
140551
062555
978141
280494
582246
883813
702207
856283
224171
233857
195095
215285
931768
333333
266580
000000
042800
230431
291513
882128
357185
942088
881651
555555
901247
359783
780877
807472
444444
000000
650462
977886
713749
024672
820099
438997
252355
959077
843298
965443
911732
825801
183119
449567
222222
210356
528123
278825
263417
187991
323280
000000
262798
742574
590044
727977
218097
909903
378783
435840
892375
761223
779297
567925
666666
326257
052751
737407
430599
055623
939473
980722
581437
777777
944976
277814
537635
568874
798598
367322
563074
692183
111111
095937
886175
777777
897637
000000
111111
806721
024554
506230
092745
358042
740880
628785
886428
347852
872026
975473
389040
352995
184632
000000
487825
369475
333333
396106
821406
697691
330277
493957
452877
323049
100986
476947
832001
283262
510686
245945
929395
380516
726753
493121
902521
123282
721801
031883
555555
932023
278479
935086
198515
888888
494604
884821
404452
151044
462029
013293
663948
859026
738113
777528
910820
777777
017887
495475
106157
676852
825008
130824
340801
423003
108179
263554
257745
444444
792365
127370
888888
191435
938976
382413
039881
987847
728137
233181
998342
840474
200767
436912
532113
949907
013946
313527
421209
059416
888888
346588
553679
504962
444444
879695
343617
487560
253021
807727
389549
686531
013663
127718
870428
538978
512775
381517
315920
864904
274553
833132
463831
832802
172533
030463
830043
328885
996014
065087
111111
080443
999999
555555
826270
294306
977469
901475
189883
202991
584039
810341
248627
446473
639081
401664
387586
530059
086093
714864
068117
434153
222222
896036
336376
729362
782067
840771
000000
452570
777777
222222
873631
419516
749926
560233
636093
257612
777777
353629
014698
111111
555555
594511
777777
030826
733893
068921
437283
625431
587444
320832
007272
096883
940141
905997
092486
316720
214182
232463
535675
143647
088423
452891
908947
411295
526115
928403
419941
320866
488271
193735
444444
588695
985036
574766
580577
128960
200825
843604
112879
064007
782075
662463
283433
433873
949491
880417
292947
973945
358671
777777
518326
345592
365282
054921
659927
699581
222222
321246
389427
303517
674695
582064
411105
530663
461512
488412
348617
949499
318200
791307
304427
247361
344546
989844
700690
686153
649753
520251
440174
787332
059772
636135
314724
588551
231832
805147
509043
559387
543814
128978
581402
828821
333333
333333
111111
414970
626379
920531
051873
262808
777777
384576
465975
821322
999999
474737
235072
779783
415193
555555
460057
444444
202586
441432
992273
380087
558425
658072
679631
660645
107093
096358
877471
360537
490581
798921
944234
393937
722285
061134
994762
520677
968345
608015
189686
460609
967808
555989
044407
540973
866032
806841
155756
533900
111111
244165
570331
340565
311442
450488
987253
911525
558455
790462
939073
937627
742626
167588
000000
928230
333333
611660
209523
971575
405462
345696
338431
348066
897040
104532
663808
888888
071226
213692
842922
165642
999999
793023
092994
061637
999999
980186
920131
402065
898074
089027
644871
390451
281553
902721
043545
318702
595831
237505
283882
768540
666666
194509
666666
173922
929581
825045
354601
294568
000000
487068
039529
409933
394618
777777
206560
123152
013993
608561
283565
451072
876261
161613
748005
280988
016058
541535
037111
978628
480405
582048
183942
730336
294518
757536
888888
555555
336761
511893
683027
777777
500993
358507
479948
585085
439023
413678
642350
380459
555555
282775
240312
544755
103785
289635
092047
909642
192160
181558
090288
489394
062490
897033
231940
082067
777777
222222
594451
438785
232796
520476
979013
999983
941263
550389
244877
032260
981852
455941
079828
030510
628198
120093
995442
111111
238508
030576
657715
309033
000000
329636
946241
666666
611546
012722
429813
403776
853326
046303
537706
734329
844377
847531
606937
365420
817130
858358
784312
413292
603015
787460
868853
417934
716036
270641
982016
439581
866686
410837
147056
029399
111111
309733
410623
619851
329867
890433
231463
716869
222222
140484
635599
381746
555555
929169
083912
666666
700222
289685
929697
530532
701637
284721
554143
279521
581547
398233
025121
090915
809156
918881
529336
548611
429768
248661
343730
053641
038915
842852
085963
777777
362875
823839
020155
400258
888888
999999
344887
333333
981358
777777
832925
140866
635310
298918
813316
815696
114801
222823
598080
553521
341690
109652
999999
741477
469065
259628
034625
209408
539605
832789
409281
298615
330243
333333
773563
901878
282649
108645
542326
960437
331482
765911
838545
020901
982446
888888
883003
557475
992887
299232
869823
548656
640099
222052
329565
641651
858791
482975
129577
495444
056326
150197
123094
666666
903467
308425
031742
424693
543867
197521
792427
395660
393561
397845
481283
881428
449424
296298
870199
212759
450026
189823
358476
062522
494348
223544
713804
587183
403991
226970
826425
890083
866323
664636
405844
914650
886459
555555
938946
732862
684911
176190
299062
445521
198374
887505
116823
819265
537296
388588
491881
875426
183954
175977
704536
222222
971078
979487
762085
303945
148533
433042
633390
050985
257461
425887
320148
091070
389507
583640
872456
958625
324976
896741
539486
728786
431501
444444
287232
604049
222451
222222
078435
549247
578442
820343
646483
329663
432970
303464
020367
015870
196745
213949
454422
452001
111896
111111
297375
490628
374643
688064
319755
451620
302424
332889
919837
090105
252022
482647
539570
434982
444444
346286
397351
251196
087186
302685
400538
777777
909667
182571
401986
352697
095442
815423
550857
999999
999999
534033
766987
140467
071764
999999
782659
657544
222222
506849
226828
839526
081830
815887
991412
716729
444536
890885
896123
028206
950087
048038
260827
992756
888892
460846
666666
224708
363048
290527
289883
924818
448923
846539
223015
383369
457921
254541
391975
476971
281899
976884
660478
312701
959463
476087
212547
923607
555555
144677
418087
892077
919436
818880
809063
262435
959222
057342
555555
829946
395916
428287
490463
290867
452931
490576
030345
170032
579494
120379
850895
333333
039775
181918
395670
978203
913773
147942
698436
860990
969302
592470
027052
888888
848532
824506
954614
222222
723509
195136
705086
172233
330566
284402
901942
720458
888888
888888
123591
639005
545141
337210
211598
550025
190439
923153
938853
451530
379664
104521
263271
188567
341656
413995
777777
500665
078601
432939
792333
310972
961601
444902
222222
936673
844884
254059
746666
003807
287456
217138
570390
229612
222222
948859
038139
702831
381464
547834
780128
439632
396545
205668
480815
849745
246804
339443
081663
600964
070218
653143
818802
274141
610986
945088
330477
447757
566426
309326
950194
046763
455097
823600
073941
620583
747710
198413
843836
933322
002032
000000
140519
102249
121440
188582
899890
459952
999999
290735
000883
504335
385866
093314
052534
210987
402038
874431
768030
809976
911118
892696
555555
290946
482991
999999
135886
369623
106595
300724
039036
522288
293662
227530
945136
688017
151930
392613
296880
511448
000000
661461
400670
004327
184729
547357
052966
573252
444444
004816
466965
232497
555555
003653
561627
036932
982151
589857
221854
444444
777777
340752
896331
939355
905904
802791
291068
503741
319687
320945
441941
795456
151524
492764
639875
660849
326275
078162
598731
239682
400201
883887
084997
141448
950084
043082
393444
007641
559283
818929
208488
752622
644493
549593
815541
466017
008594
538823
534436
071547
472413
628922
472615
016555
043327
383991
744673
209416
201163
760466
100941
776860
041248
938435
814709
999211
323680
442474
680424
247068
333333
777777
444444
158000
022293
223611
777777
920533
894306
923666
798202
700956
334366
666666
666666
188063
077704
349413
384267
692220
717233
818536
385143
127482
492155
537458
223487
489540
454186
111111
498425
653718
728981
437673
713840
982627
805379
400862
222222
752481
036779
072034
554653
319569
623922
682710
111111
001447
337762
444444
053526
319673
008065
260130
132070
417843
432943
376086
678808
097151
333333
344316
343699
760383
163367
476636
234014
767002
682796
835603
907258
226293
482403
978551
091823
057335
447988
428470
484433
940069
777072
014735
015411
525742
000000
903714
623043
086584
434979
384961
990644
030436
236105
621610
934345
828585
809940
429417
222222
101689
970761
042521
846425
749535
340097
765734
127346
043548
633991
905541
808425
423034
111111
019921
964773
555555
340052
876585
319561
888888
021476
973485
098925
918391
481023
888888
423366
256857
735573
449633
589664
536294
866307
460930
410056
133928
699498
014684
244590
626972
864652
980103
049137
485530
539937
849837
192676
810477
740495
200872
084922
666666
950854
888888
160291
937056
136078
682497
444444
727659
364961
459233
220374
445493
724484
160648
530804
944641
834131
061486
380785
004525
209393
999999
395025
111111
586620
229774
821877
980296
622365
888888
111111
019198
444444
508453
222222
799907
353805
347387
202952
888888
000000
726547
555555
272222
541776
708987
437943
432672
569175
041852
314084
243533
662067
318336
910143
075191
982555
906647
329516
171829
570569
099688
777777
555381
351441
732821
111111
823365
706642
028685
877088
229833
599931
685790
700323
594345
609461
038620
777777
888888
549436
636061
881572
491533
234713
888888
222222
843377
920414
491898
145983
648872
049228
942960
684431
111111
550130
403983
933233
941644
981067
948181
744604
503949
555555
324038
346661
290092
992135
888888
324885
816558
111111
499751
081026
962979
312089
596986
333333
385529
769981
510082
588294
256954
440014
894910
777777
827019
398952
466920
897179
985510
999999
684523
995687
338301
893713
328211
338404
310564
033653
827166
339164
169864
099053
036560
124164
029687
814198
882863
844617
222222
901183
666666
939940
297523
024335
209953
349377
287003
877030
792298
448548
002693
309270
469898
437112
339333
923933
807240
858696
942601
333333
350084
322123
207435
939770
496032
554526
159466
158982
870808
303076
823832
555555
722967
872278
623813
033466
723626
851662
222183
779172
546599
076897
062076
580831
585966
411267
024914
908695
196316
222222
445840
572770
862611
209549
343950
242212
506904
367624
444444
284469
493471
016288
612953
904761
772987
888888
954243
829075
888888
352935
295470
812094
333333
000000
490091
331537
434948
800547
944866
758387
574816
908659
663919
439872
866072
886402
998931
519455
133248
404883
046164
009431
080149
649146
114221
912077
080129
701399
928807
423502
122958
964493
270897
999628
349063
605966
491636
000000
504853
214487
156089
393680
279836
292910
388052
770974
025683
753678
854630
677541
748766
468921
442973
164182
469698
182894
273571
385047
883131
763636
140877
933834
274093
138614
292827
648805
951897
691689
296044
936323
822807
376272
356986
670820
260085
492069
228723
119983
727777
555555
979973
136681
504166
806790
664794
340317
893407
949254
127296
982534
084581
555897
847964
640735
948942
707215
209793
864841
732374
423308
200563
573546
888888
211173
036496
149256
171334
414887
145809
401097
845183
523378
733096
872925
050902
827243
323269
899058
264923
999999
331414
283447
981977
439763
777777
938169
854431
408418
406637
109681
010640
890484
921920
019936
661705
086573
912045
148880
257274
429040
043660
660098
969775
922741
172387
890435
543787
598480
944620
000000
777777
411012
183517
232495
424150
927425
222272
069052
344484
827774
464832
907625
896033
280086
368853
485674
443087
599085
732838
899979
490964
333333
736830
249839
293573
555555
100538
463105
969109
174897
222222
565257
666666
444444
999999
629583
000000
643624
332433
978125
346367
049712
777777
396973
938900
230402
288432
896084
310863
179924
388204
840574
699192
389585
803492
220331
333333
765091
222222
392609
045623
136503
228167
673060
717046
483645
887153
188218
799277
347374
677324
136686
999999
036045
438367
922563
212572
958663
023136
017711
777777
956064
323655
824163
990636
564513
534747
864264
388944
177361
325109
972364
735582
480529
999999
351768
290421
441376
653503
691563
505681
670634
289182
805397
962597
222222
000000
392647
444444
555555
222222
667023
635658
556878
119865
812047
433583
020970
439332
117888
978347
300471
261596
998346
302728
555555
000000
033863
526825
638672
750226
742435
253673
743392
128929
444444
437621
239840
978197
583196
262468
888855
075441
212829
259721
139441
207016
976531
204116
136261
308981
346964
688560
859408
320993
072035
562081
089833
463906
704002
983874
131941
272386
807730
928223
491608
249541
342575
888888
008842
999999
981635
809681
027665
450273
524597
784040
680683
023024
299857
443344
054567
429828
194104
209342
534307
823898
695682
015483
403463
535446
506545
400038
038232
912568
999999
555555
854831
516640
427640
856958
408362
238401
978074
755384
327006
362390
690412
937682
984242
513010
504379
888888
746547
986020
840265
666666
437031
188889
700103
853752
222222
633781
590170
948521
857522
920585
737795
813303
908130
336213
072043
927724
104025
084373
180051
940211
145579
676169
222222
972083
000000
973215
249296
798912
668470
739499
984657
323680
890826
106361
892676
947656
885423
940736
592498
333333
999999
930508
666666
751814
942283
878029
777777
085135
909097
861423
180202
942426
948431
746039
377080
484246
379847
022822
301473
192507
440712
279583
500979
720725
142527
360235
599879
046460
556145
606547
891073
943684
296774
666666
777611
369931
315855
828420
394481
777777
952968
801035
555555
948099
166165
709303
960995
440068
154220
600721
495091
414002
742156
834557
240666
409402
822476
524686
549232
620045
944783
823497
998912
333333
833764
523322
900628
324654
499403
450056
666666
226440
747523
389883
889929
705921
147683
481175
809260
646292
141814
832636
888888
099066
052602
444444
179719
085922
638533
050437
785139
024685
786363
488021
403747
254645
451098
254575
434424
118853
241315
888364
333333
843746
799203
783519
793677
222222
935802
006499
803757
510222
324546
999999
916073
307939
744288
650553
446473
247568
888888
126755
555555
683969
188236
430643
111633
555555
749751
444444
552891
884468
740408
358233
523467
444444
325126
179227
444444
214367
812617
232947
064526
055327
302841
841683
270393
103654
434138
852755
344097
362487
045485
354381
751680
633183
427827
898974
028473
845967
863620
800787
666953
896247
177071
335876
238969
335842
885580
111111
965377
228407
359626
052069
888888
492981
340129
539664
420901
990657
714918
357861
026358
639712
949788
746437
658472
584485
531139
026369
861245
588767
329842
762857
394945
082883
242830
252223
902593
648163
376881
130199
320135
674315
333333
586076
248637
173595
823517
106047
438381
017132
222222
996063
147167
824035
421488
468019
000000
142221
200546
914180
829101
111111
892140
970887
071102
743807
882047
999999
400618
439048
796036
405007
273681
713226
136773
359645
434586
333333
021338
431181
797864
242677
344540
215146
273522
104996
666666
559311
460975
139045
849472
502520
444444
222222
005353
189419
038645
457368
377523
809824
280825
484523
555555
303325
220511
999999
938313
411159
633144
128077
576575
980568
370832
942861
742639
342375
111111
321223
729144
413167
624231
666666
685962
270860
514937
889977
795150
014670
298743
133941
724915
183753
423943
863267
142870
000000
135973
343465
069482
911622
623439
666666
888888
288944
950600
830862
190166
333572
540560
647021
502015
878297
176659
830430
111111
825746
448886
628191
333333
244694
582832
999999
111111
080846
041925
523842
213032
778662
612072
929871
309151
837901
266765
999639
083426
164689
832715
370733
202134
886538
409992
256642
052581
727390
273144
224688
549622
144033
179834
291320
111111
475667
411966
222222
753465
068501
333844
272376
847943
302920
282337
890964
779936
480811
436603
022663
111111
678210
988272
000000
846071
854519
828636
463802
022963
182257
009618
255477
688620
349874
303531
921498
699584
036416
995184
951141
805478
319122
247421
023335
659036
333333
219111
926878
777777
392341
345869
203076
977492
809219
641648
567514
035449
666050
628224
072067
283685
333333
131986
430968
929526
060736
134542
167939
629477
946173
848244
882083
837647
793349
248166
398095
283941
181699
046812
943498
550629
406740
224686
232343
249475
033705
085495
392526
903018
724077
597044
192634
000000
984563
630840
622522
044237
808245
255808
777777
039842
888888
808933
040886
805462
278460
105861
904575
955930
777777
146927
243826
994380
989176
305028
222222
942343
884132
081881
851977
545967
333333
535784
671444
375826
885570
896264
408535
749244
081239
633940
577693
840616
498059
298535
197093
964197
111111
094830
666666
299546
157525
401174
237346
379347
098575
148937
777777
964663
366273
227738
100132
173552
969269
111111
444444
104870
444444
030946
999999
777777
885537
969982
039588
444444
888888
604227
390884
953016
773216
054973
298665
018511
007867
065292
403662
897606
953721
398953
362233
876053
247643
923657
178032
259288
239732
238716
444444
954586
428566
032130
065128
924817
716444
657369
545174
888888
278951
490568
057692
875279
840715
925672
939053
307953
666666
389106
133623
473585
383607
452133
283845
343656
686706
348517
629172
037749
442451
001582
742262
555555
773297
622670
704885
842449
107121
680988
403220
548464
056319
000000
213846
177541
199976
687969
358672
816046
739177
413088
729962
686772
967922
317491
369745
700565
999862
311699
753693
029276
301563
686777
947116
425146
959434
533642
333333
430265
634679
689058
555555
243102
300620
350973
100411
463289
043847
996434
169311
222222
777777
814899
434644
052578
448041
292994
402573
223561
111111
135601
249802
653289
372648
344350
223985
182883
007882
221062
608642
311456
033888
106857
298525
093572
634955
583364
183035
072975
228484
449696
502322
758187
999311
070241
206025
303044
953919
444841
888888
574676
062506
781574
771827
800485
860608
331786
202449
555555
813894
111111
680765
510085
324775
202083
747359
452689
736486
033489
583371
813283
500025
813956
031959
743688
103788
972358
857931
569626
467033
488823
264170
999999
983536
271576
032542
712677
350755
821441
483526
884121
132045
923547
019675
759889
782532
252363
883692
118146
534920
214246
899916
444444
001554
380034
461018
793806
782530
701810
333333
424666
202604
724656
841337
322961
946625
236412
608176
222222
453523
932422
091221
111111
938736
653334
873753
823330
369781
974891
883252
444444
993036
555555
666666
142370
107688
587575
555555
388380
015146
333663
379137
111111
092694
866402
618463
264602
346342
429978
865887
300570
189166
579758
165788
239436
904521
777777
048644
647790
065676
598652
223145
669070
011929
661573
813867
348806
490672
887934
921396
590267
349416
142093
680436
511405
618413
848002
888888
926255
988592
888888
205687
415678
485931
140938
254017
999999
782025
204723
444444
633581
880319
666666
406212
892866
339996
350786
307871
444444
324463
792734
223466
070945
030917
488660
194878
726992
902478
140478
332871
038016
522660
641972
394174
947713
608830
053332
444444
120533
391430
929653
222222
182631
083657
640045
444444
673382
273429
610014
372107
980531
287805
095018
931961
666666
925385
173813
329645
922824
592631
403676
666666
261042
497534
261186
544545
955966
932763
022909
666666
388572
036672
623329
666666
855923
830901
951931
615630
805523
439939
305679
910671
301950
014728
130620
111111
589075
428283
329047
625442
402970
484436
808128
939536
208202
020483
944390
222222
712628
084595
390070
444444
684527
003586
919021
093482
044265
780385
222222
373043
745045
253962
000000
000000
492552
992000
000000
673550
444444
444444
839943
752596
879274
970592
372905
000000
405565
829117
824413
083399
443692
378962
124381
360737
642845
262702
068583
586549
130621
762508
343306
196016
260645
943642
493221
666666
999999
389116
337632
843279
230761
880496
809065
358223
570048
001262
278972
387343
084572
444444
135267
222222
778870
088842
264750
242653
980887
220976
912810
328689
444444
382475
009844
742041
195485
490519
647536
000000
870471
962421
806268
467661
731295
829947
498264
722677
140641
323848
926901
208584
626632
777777
417580
352576
827626
542477
338846
133575
030500
219966
304287
700923
262070
490248
222222
720471
923948
408453
072145
207087
724684
527226
343486
620597
720132
084256
999999
241641
319449
419256
204564
645257
147095
615567
989879
339124
910627
666666
032126
208376
545679
702546
978651
388148
860667
053133
404053
584570
291412
982605
925582
241968
188597
523138
495472
868751
666666
463543
211821
757339
136368
264452
982866
033462
013202
800501
888888
205715
999999
978119
995634
512017
043065
809428
785578
000000
999999
939586
909129
268314
131443
347165
650086
915772
693630
303251
451787
473672
932138
119978
344437
090967
083368
060627
859215
852250
404625
085361
445436
933383
980731
000000
916874
582134
788932
222222
396243
842856
666671
689177
412943
090221
513347
604785
935490
151186
883685
345963
551095
760432
392584
214835
885751
588028
544041
876562
263163
775149
352054
381577
799266
803021
345472
245220
130183
087666
537113
072381
084413
440066
268118
323821
779866
826340
333245
633355
085886
020235
200411
005662
890447
467064
970403
691922
148462
393297
580674
224366
839535
985958
836503
336157
205831
280541
144449
107579
999999
108095
081665
586568
788216
032285
612882
669139
071159
000000
111111
151625
333333
469496
108007
370476
939829
957941
206172
513882
454666
083884
680482
416710
999999
306334
745922
209117
347301
620197
242470
970040
171477
402248
372532
888763
928643
712039
488596
444444
048250
799162
048883
103824
926542
991573
941280
522826
320929
343145
014975
633431
999999
721349
921453
642749
483655
475535
000000
888888
063970
816703
820501
987585
389891
422990
807872
017415
337836
280592
112115
843427
641444
818231
308568
796446
580536
503093
232205
470051
853424
424058
803568
223996
270076
409104
865085
102995
952679
067371
674554
902343
731654
279291
309022
280351
106761
892042
894460
638664
348921
206930
690440
093917
053369
992304
460003
898882
888491
449470
095260
089943
840605
920201
432203
174787
320731
363727
263622
156423
086876
231106
083610
819279
766834
881107
204411
992005
222222
869542
872946
192004
847468
098688
078635
388533
193095
689861
324739
121764
444444
119921
849666
102371
448049
767646
358676
111111
314551
909757
278074
660676
708592
763964
170054
938831
000835
057395
208673
204901
220699
384995
704681
065385
419074
324918
268063
064570
619620
802460
066560
650964
418827
719609
363711
484914
404934
996838
180727
000344
222222
430911
783412
111111
666666
197523
009031
847118
816620
433653
109951
027293
248618
072712
000000
963025
625512
398892
999999
958252
030511
540477
923224
521405
513840
514906
991837
197535
399001
976423
826420
638377
440868
017091
250184
779780
815534
924487
466610
320668
968574
766676
329549
443531
333333
418205
688828
609277
793641
942232
444444
029899
844442
724205
632621
436797
907963
150588
362057
843714
642592
796611
412305
421867
332899
994739
160947
931731
777777
641453
777777
948079
364111
917892
916483
415073
120841
951702
508882
298448
549956
531835
398733
458646
708185
602320
666666
109445
166843
044226
664197
134571
992720
822520
194045
418983
425672
782377
000000
380626
222222
106573
720531
372737
724404
222222
448922
470905
099078
449065
441478
437531
906057
992214
534502
210455
111111
666961
041266
444444
480278
457847
444444
250632
593414
331578
222416
483576
907598
842662
302960
548808
398056
485132
444444
608733
099027
555555
284854
510263
883480
981408
777777
000579
985995
827639
423444
801401
284047
992349
470250
700984
183562
085263
127821
949832
109883
089826
999999
500774
837981
426441
231780
888888
888888
274337
829614
714679
977277
699034
338433
429247
622474
354820
837860
321396
249325
079286
964896
162785
951632
490636
461975
642459
940952
129424
800545
295514
000202
088966
865812
214316
023610
302686
111111
870852
416623
222086
369071
555555
778897
317142
410762
302555
844707
890967
824410
333333
218013
634421
382223
796990
723579
289315
718456
133508
132955
950542
312389
617873
520967
929522
725059
470489
102913
204445
777777
273910
520020
555555
441721
884365
436962
151902
636678
888888
037329
238527
108023
329986
940691
430141
754662
243403
436302
773267
408645
208555
700451
802661
006482
840238
249338
783053
093788
079922
042880
303707
849786
132229
838799
883551
950733
927970
543019
024565
070588
048579
980737
243187
318864
093026
061771
777777
011328
874413
246863
810616
132135
648056
961917
555555
090552
034226
042369
620933
896046
293729
860045
940610
807841
371601
437558
082875
202830
755572
356844
553825
134095
495083
748117
838905
285789
542825
882942
261593
024632
850603
888888
914245
874582
600019
245095
084513
000000
881461
534081
953023
258347
905843
224419
333333
319666
858655
300975
149463
409003
555555
498925
444444
222222
888888
868231
092066
503932
293547
304033
823770
222222
964345
319574
660462
293211
834477
498950
295605
148679
273902
205935
131946
631423
111111
378868
829182
978099
039347
600571
039591
325447
038233
095412
398266
777777
350676
343889
338880
187017
917536
333446
603170
847633
682956
991967
718461
446958
017263
595563
444915
015978
777777
944490
937151
910595
329712
283817
528781
284568
798448
351671
327497
535651
333333
289695
784114
190642
555555
849586
551446
666666
045580
387072
098592
710442
061927
153141
131661
934777
180645
853040
493152
322053
835836
431442
684281
238538
452046
231175
994836
000000
227567
323249
650652
886621
322279
555555
048587
278831
444444
890083
249001
658906
906731
608535
417276
141236
907392
535682
539939
597754
236171
466116
959001
210979
945333
886979
333333
724701
097833
555555
649753
989469
000000
200947
354164
333333
314652
570569
888888
884822
609962
626648
444444
329350
003776
430466
942978
092144
777777
403846
204750
405077
288764
642690
884050
842102
577267
003170
440046
024781
823078
798935
044467
880553
075023
291682
228449
024372
946692
666666
143140
905956
534997
998125
012649
798850
023976
429146
290926
806494
447435
309515
392297
130473
238437
405001
888888
983750
228563
946821
164010
082947
422512
333333
083682
638977
936236
230020
845549
111111
098120
834926
481636
216116
261150
261008
444444
218334
905625
554013
056395
000000
709171
222222
985533
043130
001271
069065
860065
424973
630656
484425
994129
483614
222397
943540
909983
414696
942833
498870
905702
083565
953085
583363
390442
000000
418177
413237
648395
666666
208947
878212
312535
360257
358472
028579
759836
200247
016029
888888
845385
070813
453236
220238
555555
448429
108067
650759
137485
899842
482171
921723
321232
875097
998948
745461
583476
180204
127641
344642
953477
234953
101152
977621
635241
444171
529181
052488
501168
820585
803466
544894
213977
184138
468346
799806
666666
548801
549606
435893
888888
203920
858465
373495
038976
988922
628444
865011
640045
027855
901992
502406
125932
117125
558981
668271
726382
990495
024688
304057
878635
324581
202001
666666
437960
777777
843042
729104
888888
381083
931134
494142
329608
272967
790852
249779
809204
388147
140236
772196
820820
547673
354473
501914
622716
454185
300281
666183
097543
738860
333333
401771
993176
587648
034522
206255
346967
743212
107457
233889
513881
893759
764325
382916
868431
973386
946224
859693
314460
184920
335607
962527
920956
209667
801684
359160
829834
390973
564134
646020
008001
184384
471636
140372
192838
999999
936833
037381
666666
434776
630560
333333
858024
233030
078259
273273
281432
883615
356721
248525
926573
300319
999999
223611
544614
681626
911301
572400
309448
929970
888888
699175
176011
602954
812630
306435
842485
214339
954557
037946
753999
199095
649882
822586
069349
939169
823625
267674
023454
628869
280773
688401
784802
552945
946314
033606
020174
309805
223915
346881
809371
479805
654887
922789
052023
124304
444444
058148
093995
290972
388436
273406
228546
683487
912471
111111
388148
263822
863724
032693
888888
062356
059376
372550
446266
922917
310736
659426
459320
222222
084125
999999
056766
146594
930581
701284
142976
957625
740632
253232
536837
938676
884568
082228
843183
410121
056082
095652
780476
119365
096830
202183
893230
927436
346747
409643
075855
000000
896654
961453
298360
600967
545057
666666
754904
583818
138006
000000
097401
668803
520975
564175
715041
949722
144203
363408
685927
558483
823072
373661
848138
636112
840186
000000
694526
901709
850884
312483
555555
218602
291260
082557
772745
324878
674847
522735
683075
758606
164994
661046
424574
193777
124457
046457
222222
788276
340075
031619
484324
164447
138255
398637
522651
675410
682524
933566
209948
922437
562681
313941
935581
619950
378086
282172
299461
233066
623288
821093
041732
618410
148332
308773
089546
113636
590511
342501
254238
618706
442037
532593
848160
212267
009287
272081
333004
999999
183692
350076
000000
207791
274364
666666
300538
982937
321149
012238
149674
009725
700176
349463
101292
479871
240196
103730
790211
111111
889214
749473
000000
248651
004371
096335
861015
477884
632665
422044
179673
487304
687738
382443
111111
333333
749326
906479
064375
908493
972451
454562
852278
874043
687853
871841
799348
288889
777777
923662
544198
087969
798988
291611
888888
085423
828220
943075
957488
959643
428516
340760
297149
088468
818333
033104
106660
503372
314840
728093
299941
805532
888888
222442
834857
900005
433721
288447
033051
194772
333706
893602
467246
985040
956846
297544
603707
000000
636633
970052
240963
167041
548720
999999
632928
772495
062682
064796
979268
248343
406803
555555
496983
013194
135823
888006
930362
444444
396878
844344
621623
443844
045947
645056
848746
888888
908782
091912
661083
874521
710411
480373
693805
130947
946801
441287
119292
245583
949585
147163
497468
340069
734229
100115
748562
222222
309086
333333
334352
836676
834136
555555
822300
816939
782674
000000
068270
333013
609049
043724
013473
999999
444444
150066
849966
849671
820544
878618
928478
724296
716122
892083
626063
326977
914896
302226
240459
995302
708205
786914
269681
200049
003167
598545
285100
022227
722063
633115
534595
333333
312256
163348
483445
224661
972271
853759
932484
237990
780209
406994
479941
740596
682619
579666
210036
094597
220067
861092
801791
339408
306966
188039
888888
485880
910416
333333
088972
850897
295167
861895
452378
499371
333333
443601
666666
111111
273881
000000
608830
323802
238706
107177
220828
246533
888888
555555
288281
259888
434561
071939
183842
333333
000000
672369
640620
203523
338944
083429
809791
829742
825601
263422
296241
264593
011275
947083
771871
923793
849943
222222
799115
494672
423048
074863
291860
531445
377088
389963
022936
841526
163653
322829
065416
733750
883677
469171
001517
343062
439889
592672
138644
399323
808552
830453
723701
655733
234707
869750
928632
048918
417580
484784
604955
111111
658454
651401
393062
248181
341628
161918
893960
870339
000000
349676
541770
613149
908800
780579
538980
466930
923624
498847
082411
888888
282677
329432
951673
585826
239022
448587
054463
218856
895855
139655
743426
234587
397182
495523
472982
997350
468107
052177
000000
509639
249996
549146
279872
666666
782729
488812
972573
183563
039948
052362
412874
777777
888888
119661
992072
963490
642856
397546
539516
319422
696606
945963
194555
333333
333333
048909
853333
722413
359152
777777
093331
739961
218148
249170
021531
044272
942101
331728
111111
858175
762137
066631
490756
983469
498958
832535
427477
277571
026925
473168
732939
602343
200127
872648
188488
630668
510713
908396
080642
081068
398537
583063
092859
389156
203472
440126
018727
141561
671443
222936
892832
709366
222222
130971
147824
239528
173436
320156
437573
444444
320562
000000
999999
074395
803918
555555
680937
279565
777777
283231
837795
279364
654354
972182
312891
929539
725251
804510
739522
776351
913526
111111
648414
715598
555555
356547
219853
849587
399296
649700
235142
434986
233873
345386
020937
111111
978124
843543
969031
329752
873909
085954
044356
836603
888888
040051
673326
045713
202939
332482
354548
889413
586183
637679
000602
289175
316937
286368
430479
962816
877636
916527
578142
104682
132479
600412
480774
666666
402369
946981
074441
043497
425461
060893
666666
156940
058848
943864
615345
368637
824685
694846
537428
884849
503081
483642
782493
720241
520163
496405
234529
623682
399789
835664
070462
798988
318287
792629
320969
838743
483825
094977
244331
490136
962753
485057
798676
711095
744416
666666
780694
172596
463538
208983
181858
777777
733535
522596
389867
305137
829817
515912
444444
814812
953228
004176
642427
848380
071884
607963
734890
758835
999238
006526
733022
000000
777777
247859
405437
423846
604857
444444
940445
333333
333333
010821
010496
111111
392828
962128
802837
158748
946538
739899
926062
540923
462871
494931
543885
949673
482828
500671
888888
161695
040688
109847
175121
995996
748275
483098
733937
355410
484569
602792
333333
777777
296865
343560
212466
235208
490711
590066
840207
930271
333333
064463
555555
844921
132377
038956
445025
111111
606636
198743
670052
143526
097585
238308
700668
389290
563825
214569
860885
904712
230445
838091
000852
256544
269076
343337
642567
700612
173183
403929
021080
150722
666666
498485
542639
086027
019057
111111
210071
031555
557966
675236
993567
187471
844384
883029
333333
595235
093032
909755
111111
648952
809913
534171
333333
104274
305913
348364
060424
445478
777777
931847
807695
535884
538569
022912
364673
343407
288669
733739
000000
333333
444444
999999
826631
238062
128304
888888
063430
395560
800070
984004
444444
941872
391047
570413
311529
233796
038739
561081
134991
282783
147903
524728
799642
569940
859841
892644
053876
219180
222012
283539
385053
238245
052606
555555
847255
711484
023323
868585
360082
686888
000000
300849
960425
868879
208886
290974
493335
398996
029852
811767
698593
758650
497074
422171
865476
920278
498267
639145
821017
693262
884430
749084
170648
555555
514473
858413
596168
220943
920289
993925
645678
656552
999999
146673
888888
647324
488665
825734
482984
087590
995052
100623
746448
888888
049752
831031
335428
757075
093946
888888
911533
073232
234175
644032
264514
406065
898024
953140
638183
978667
111111
732916
899692
643471
894972
902928
888285
469742
501163
888888
760502
812567
402683
186520
336131
284338
306092
000000
832676
000000
092575
531994
094986
374981
176302
212567
222222
111111
655423
302750
272142
666666
843585
440265
328863
696817
991466
284605
455740
222222
369566
053521
162133
802212
777777
270061
254187
293427
057879
474830
482266
094977
794357
367561
666666
396076
345095
434636
340757
482069
081601
995193
888026
883863
543016
967995
483486
880490
898363
050022
424153
959220
999999
023541
231177
334211
081471
244017
260522
231056
663421
407431
635546
144227
106481
594342
150762
148736
806606
894182
452574
039357
088002
204999
474086
623802
766825
522601
358542
397097
555555
245664
189841
218927
240616
999999
343953
327941
412676
790225
052670
312756
226542
835457
972277
333333
032875
411255
997439
253779
036480
233056
444444
064228
588471
842182
000000
986940
168720
094534
251068
777777
319667
559873
009592
339446
329062
822569
579733
723591
111111
597823
142877
747361
366749
889803
098985
479868
396876
140829
977678
801040
139682
333333
085022
894467
256964
492686
163923
982077
893765
683489
802465
599353
632916
499726
087197
111023
196537
182018
888888
592224
932323
000000
198676
282661
860813
111111
312328
534568
333333
507035
993629
407880
173860
987889
182385
346515
093097
713519
953023
485554
311883
399832
222222
642015
003013
285874
784185
888888
886264
146573
098479
111111
830442
303470
000000
444079
930482
694896
782541
921998
178561
703203
369907
917580
522591
089571
409973
734623
293819
010821
632377
535538
713446
232420
302963
463033
462945
286495
632288
631821
632861
821339
254042
444444
484835
984824
853679
877857
484939
329862
321256
236182
333333
343390
970347
423010
222222
692266
433736
899472
666666
777777
829868
070541
950156
111111
471675
888888
981428
190744
615878
032408
736502
371442
325452
380665
840571
129062
330236
463941
952072
449112
723076
422765
309584
226319
865989
481967
248824
777777
639965
437633
502635
393567
658940
444444
996230
429281
000000
842536
777777
320406
277929
993672
030567
905217
881471
111111
777777
312436
522131
412461
504498
682281
724424
950728
457659
648411
800085
223370
693991
333333
666666
825275
380968
328240
333333
327315
968879
222222
940411
672187
118467
452473
010077
999999
233833
111111
989467
403138
929079
806990
240239
832673
890956
000000
226323
000000
843083
343979
609330
518737
908891
467876
218777
619888
839901
055187
544962
248158
553408
358042
826813
320533
386536
616923
666666
291460
259521
392625
397430
290456
300026
222222
076495
069960
328023
393926
228665
302004
263766
443966
799608
192734
611270
201551
038735
805128
652931
482524
821151
265315
895783
432830
841883
482885
011450
122490
020426
339116
269454
781218
549633
402120
068973
183944
164534
702402
620504
096293
444444
730033
862889
927271
019586
616587
436525
918826
131475
035245
682572
598939
381085
327439
865253
368145
114034
559323
203021
648556
095611
444444
312554
039046
327125
691594
880883
754419
798408
970517
002481
814362
212431
807695
496716
996192
328186
834613
705982
000000
986513
763355
352768
941432
233829
740096
999999
240575
254682
040880
415090
183151
726838
025672
447489
299896
555555
417294
982065
724001
093991
236934
088535
568957
417339
622267
703273
399647
882827
429089
998578
252540
719543
159111
624753
363699
898064
354919
458627
884361
639522
020938
854755
880424
654575
999999
273969
786806
423335
930874
223675
748553
527931
183960
883796
544039
805518
273698
860003
356410
532426
583094
428679
147681
772137
903935
631665
608633
342475
441333
734446
222222
432484
302762
873905
031546
461806
083755
605459
724924
630660
189427
620322
073621
444444
633547
568655
888888
404531
128929
940946
278793
666666
666666
029377
928163
059675
334386
531200
232607
857637
110926
716162
542889
285988
112947
908466
984668
888888
044589
869655
038610
049557
416061
940937
379331
608610
225075
137681
093828
826600
324243
620628
359023
076676
177601
837607
491899
302037
849868
800927
188506
910192
404135
422455
000000
182021
169131
392888
129938
935960
899657
822875
778132
006545
819644
381936
072924
069490
881160
303641
583525
982873
666666
333333
495543
862427
085803
348543
939240
990775
486832
889393
243556
093300
999999
240174
555555
993902
542595
666666
575446
197673
572774
777777
962086
323975
230586
754003
777777
442949
378539
723660
947158
738440
215086
198610
085521
589426
846930
711355
424748
195478
390276
568663
820370
421508
531862
555555
555555
949520
987272
006684
651648
022738
976289
458457
222222
272577
889281
022142
469769
000000
848643
002569
054768
441598
128693
888888
969909
222222
012009
092992
738541
794106
937241
612835
999999
878581
308416
585686
558052
197035
803945
390255
222222
439771
410461
377727
396214
034412
883677
554633
865628
667296
769372
259224
640588
795421
006549
506577
542847
333333
534897
379752
498456
540875
896238
970916
043436
807834
445171
681698
724690
894570
633469
829551
692895
269526
953295
828314
872527
843692
367202
133962
487437
837467
973014
946130
938109
191392
714216
403564
149151
552860
460586
297859
227553
467859
094484
382744
049095
842493
444444
174891
666666
040063
379021
274618
996935
159016
888888
392867
123721
719463
436931
820467
876579
333333
929085
042273
974787
738004
189983
957889
566758
463282
963495
803566
395916
223368
034472
111111
244228
497638
133727
794271
456299
616233
328141
729995
283375
444444
964671
049206
953545
984371
227893
534445
342433
555555
302413
038875
148447
048459
636069
426440
496486
093438
664484
938511
809760
184735
777777
794544
790683
497000
550320
910868
267563
429837
267442
582921
955376
533630
684871
814277
898121
285774
292912
202110
275273
742581
040883
299410
663679
086083
999999
933959
133617
498430
117577
493176
777777
895647
395783
333333
309340
358436
499682
640531
021753
922940
027962
493166
417711
647580
970326
878884
310398
308478
364096
048747
538015
789682
430833
797383
605688
106371
323813
340141
666324
777777
896609
486122
126838
719874
902922
924033
434081
304762
627998
319985
196493
304647
289421
401621
333333
043430
954573
999999
039521
213466
843726
925353
480947
998585
249042
482437
882935
734617
666666
808062
383920
042466
978115
620324
227161
588641
948426
555555
137237
040440
098088
790709
001687
823858
684913
423773
158045
292671
340697
407658
681309
023050
082813
742841
407921
764232
867836
675940
543747
414654
253646
396316
109565
555555
841274
842242
553352
337346
162710
278468
777777
339976
819027
139802
144762
313695
888888
483491
994029
982828
111111
715033
422906
481673
898319
370245
573735
385303
876578
932548
444444
273472
617610
113053
625925
233315
336344
163460
000000
104417
479423
330497
999942
939500
053291
525486
694145
440525
554726
482607
979507
432445
974176
732289
888888
766162
329151
888888
222222
854583
955421
418853
312292
635099
280976
423771
222845
107971
964087
690942
111111
831086
003633
314173
990032
683946
905821
241547
935863
120126
107889
862300
444444
749802
479837
315616
882431
746189
522899
008050
111111
183422
222222
246383
467341
819635
109070
853611
957276
999999
469200
355986
291504
739749
666666
125684
923447
599182
782001
484384
194542
962023
942075
444444
610853
682571
560864
089907
408342
268366
427787
666666
640133
232827
798484
222222
877424
442098
640563
662779
280071
306045
798751
882179
895312
419559
519946
224292
458222
111111
336109
741436
110069
668602
495523
500987
666666
446822
232873
137936
034848
888888
780304
936262
348545
320136
034430
089843
717152
900916
957037
329302
412731
407282
440588
349776
085991
500346
943792
237441
103867
280476
899775
121164
095967
452301
666942
842239
197126
114013
454530
298375
489654
383370
882483
927101
222222
528599
019937
433854
603853
774486
324897
146371
129851
065107
398308
222222
964043
226923
087622
608594
487533
951361
000000
647122
049699
039736
999999
321336
429670
928141
355647
392723
459383
387489
729576
824072
203077
091867
940687
133969
111111
651637
642663
552773
827930
680401
070809
420390
405063
806078
110591
112589
537036
205460
047240
622633
999999
073325
696502
415068
806851
228245
992509
444444
900706
264734
695142
978502
589693
152175
129648
847672
737617
062329
967539
882859
386134
111111
777777
304822
623601
493853
444947
498926
622752
249222
063676
244386
111111
255462
574205
999362
123649
433852
473788
880585
599892
281222
766025
777777
005997
195630
708543
818405
829714
828893
341885
314177
584626
839949
344161
875621
786075
353837
603232
333333
333333
242676
426476
192761
221992
529791
624388
949673
137463
392972
904517
159191
092399
473917
290361
120525
202951
000622
084925
072507
200298
848480
647439
229876
970936
666666
111111
928585
930582
923067
790878
683886
900265
823200
199356
001368
342685
962668
879027
330781
737589
503579
420771
282124
356403
295970
084045
785232
408617
501636
932628
199475
142045
514873
879966
496376
070523
682012
000000
302828
111111
898425
081758
998633
845633
333333
733946
840731
200328
081381
280384
000000
210846
344785
846989
230397
005939
494289
777777
999999
471840
188628
241192
111111
028761
499429
027509
682683
393613
291445
256298
504833
920443
444683
950711
960765
902280
790667
806186
000000
022149
692455
320105
497977
900427
555555
164477
209089
283980
853863
692967
490663
444444
888888
774867
444444
292296
824461
668139
869241
246897
211483
274095
056981
376841
341610
820746
999999
530374
277741
167498
222222
809105
888888
940601
808930
079775
422880
839082
853077
119222
505908
925452
817456
666666
283491
816632
051363
926373
109657
249178
926624
804501
333333
438429
874975
716868
361996
934438
726863
779345
239772
203975
943477
359093
707163
972647
555555
555555
581592
233470
943544
895505
127064
205767
726828
179565
111111
000000
754705
509465
142175
100931
222222
420004
933826
336115
913827
396388
459609
666666
930683
555555
578715
079032
782338
342392
980031
261782
928332
652823
193033
500726
240332
238191
354842
992503
093422
406964
235916
746653
887266
198860
400191
299877
404962
202274
143956
955642
988988
183907
672880
914833
299556
351787
990665
264031
666666
786711
456050
696483
666666
581686
251597
743526
125533
555555
436580
237771
664264
039367
833678
075339
189455
354238
482870
111111
352248
153538
233545
134231
191208
000000
446468
248073
444444
444223
068458
183508
247180
815636
832330
955079
183170
372939
880629
529526
492177
720086
226326
321292
235763
122456
666666
019925
031961
533392
669627
737737
506889
358638
403073
628997
343411
888888
140034
995735
908004
614362
932208
780962
069686
093432
911527
724564
294361
666666
981673
270493
255511
777777
043402
075940
064736
385853
666666
050661
666666
819753
280258
246046
788963
388281
626417
822538
048356
904235
686257
439478
429634
047849
430942
337042
267792
936637
086991
593594
877562
804556
804298
218024
666666
251935
333333
417433
275385
282972
191394
128465
443965
991564
240659
305619
858097
801923
093005
148652
999999
249452
219812
434585
149086
114887
001070
839441
268227
666666
011232
499811
934602
021184
698930
352571
555555
456063
950470
159150
640684
931931
992083
454935
907374
109815
028603
378974
789024
870294
907865
005020
962030
300166
279433
114842
718583
790950
246053
345536
404562
286487
672651
397126
555555
409182
208591
777777
846309
773454
666666
053646
222222
393366
464231
078641
111111
222222
702746
800033
750041
964465
664006
528955
180605
048619
904625
397436
013811
015532
666666
028595
639285
555180
536163
938085
808459
105404
293457
604611
495951
354441
002484
444444
366379
963923
025533
842902
839480
367228
133546
998018
042353
443579
666666
390248
902045
308420
540823
288852
003208
999999
421419
692017
840861
154421
222222
897924
642066
764084
929482
061465
783427
749421
589171
777777
947916
777777
324961
902082
348982
555555
263998
708305
920964
470829
900426
860638
123510
777777
849261
228086
407567
255951
305071
821908
111111
894574
004873
529920
288988
619628
501077
056426
398517
666666
633045
500706
888888
022835
122833
054933
770936
958846
241387
024362
856481
438456
439505
484447
402864
266673
935044
116204
650481
219313
853275
940359
666666
513747
936461
034976
225571
312366
070162
960067
053852
775417
969179
304066
179665
542577
749966
029269
042243
544504
826929
128389
197383
521752
124115
589600
524086
310942
840681
585123
085983
037329
347638
002190
301851
635126
535427
000000
493037
303962
869600
265379
746621
842002
143860
146927
884606
944402
221343
222222
799965
464663
836267
818484
685765
336432
556681
339580
292775
925413
666666
331335
444444
716861
778965
215930
133913
700667
444444
268345
306647
034095
730014
753551
029913
738689
007522
240857
943633
222222
314642
339476
943785
450923
660465
620142
918766
533863
777777
999999
241993
920587
714261
830862
546417
836756
999999
544676
988208
561511
831355
246691
048174
248592
922120
852111
642966
379987
492776
057553
717437
559385
777777
777777
475753
220663
942762
333977
333333
404947
880056
055420
100387
520877
859565
085070
888428
604476
960793
515851
490241
645186
474986
784386
364377
319860
111111
130154
209695
320519
656884
774671
083785
463886
942833
077978
198176
158340
304356
206701
779718
912808
999999
954941
385534
777777
363658
404699
319862
307500
900602
222222
335984
414736
154194
490951
278262
788435
833423
713459
923473
776535
139261
837620
659786
108585
666666
539948
219740
729457
777777
503732
051530
281742
814397
300728
217556
241225
535405
367168
439805
919482
823557
127503
380382
994483
011691
500426
332086
111111
859020
488049
395307
075857
208525
347187
054920
469768
618821
082652
025681
016522
552657
936492
781720
400785
550681
542972
998967
206155
859981
795891
085483
472987
200696
565582
522682
166426
507512
232533
681791
498639
797646
803438
940338
890609
905434
222222
892803
279987
178660
596909
646459
532479
525736
274908
129569
222222
070223
130552
998283
410239
933428
958647
552225
398880
892073
782521
111111
084741
223516
458587
341566
824957
145451
508097
224504
210759
777777
148553
888888
745433
841913
824781
444444
147456
452611
903971
214824
279662
243135
000000
367634
566516
271627
777777
471344
922632
748688
189081
691129
288507
668786
803062
666666
142524
098155
845897
318826
726695
380843
308291
782195
084841
256010
650851
281626
089826
139191
253153
652403
926084
222222
470909
885664
971311
430188
876166
052522
719347
404897
358821
903905
535265
039936
111111
623826
480401
229553
447986
342421
972329
388578
722468
719035
352653
777777
080473
558321
809761
154266
485913
223637
805232
263795
456276
038607
274647
435461
483926
994310
365692
895656
435675
888888
426181
849046
328428
209323
903094
214847
242600
388830
294641
741451
777562
951608
992531
840889
888888
570395
890564
947627
445612
263543
491463
281225
686444
165583
542241
703065
418929
841720
524217
201801
813560
337267
307969
854510
337248
694049
385132
207225
588844
341961
538663
006058
814441
249461
111111
377454
408915
003720
780983
555555
258550
937170
873205
999999
798453
220731
884612
148875
245028
140480
011334
944843
573582
321735
333541
247531
083731
820243
182933
594849
751013
291035
020375
164075
023555
981805
653522
855446
444444
849239
272730
911245
425446
692915
832255
256485
121782
155715
370548
116174
683549
145012
082577
505350
429034
301923
235760
196549
882065
444444
358509
188283
734660
834398
655026
323786
012243
093226
953235
495473
921865
664563
830482
512367
777777
493923
365135
242302
979573
735827
444444
343287
714156
084560
253291
019760
413997
547197
992047
939946
779377
416102
086015
343837
682822
725683
300448
333333
974081
791838
449788
397191
866169
000000
286577
537451
720690
468602
303917
132736
264660
552916
022924
301344
888888
902746
986581
035075
992001
958541
829067
644315
755009
355411
526750
824672
999636
097288
095475
920620
248684
022647
333333
085672
556446
279961
292072
713556
407362
584035
692511
485669
676690
623640
113637
333333
440640
191581
242922
225885
560881
342555
455931
628050
315510
649135
014561
734301
693239
718786
149460
084811
143228
094947
331347
226903
248972
086201
639586
054122
245910
384911
619409
989225
481462
717608
141029
770446
493689
599889
798698
335719
913652
305380
477380
290956
587073
742248
222222
286023
223159
104691
281822
344815
830165
844402
334696
065775
882473
049971
083668
611533
204976
317445
329912
892535
008387
266137
392343
836840
991087
082633
000000
340469
670583
311966
302301
698042
084408
894473
999999
398153
880277
777777
318743
043117
777777
774055
831428
828537
913487
369181
409475
332595
284575
282072
000000
777777
961597
665041
123862
200008
384450
865461
793038
290547
958224
345816
666666
383663
997025
888888
052245
589946
666666
189306
250345
041876
426977
544974
884349
342989
010722
486053
913484
461061
448985
407836
996462
386666
158417
178080
888888
666666
113451
300810
984470
084827
192871
132690
444444
907066
079616
111111
825953
209981
811571
436641
222222
888888
284443
998263
493005
324561
316484
756890
999999
859760
222222
938248
780830
412577
480775
383627
101821
185631
912865
021345
955165
796417
111111
884567
249026
584520
555555
979352
373362
130063
740849
923720
100696
301571
401909
524051
653295
302975
402525
227585
569577
665597
855783
420657
822386
894126
805635
542366
033698
418306
311378
112803
280251
826522
734437
949603
381627
190380
775014
864220
881007
573410
840020
213065
809156
617692
149901
375720
231785
355521
190623
639743
584997
499543
791376
691240
524035
351472
640603
294736
643680
846920
787437
763225
111111
003969
000000
078869
246055
873252
754029
488186
133975
509586
536037
964896
712853
014381
561623
560847
864661
348319
202451
230446
590283
613557
388071
572113
238911
072534
493850
488669
436602
149438
903281
222222
085512
825049
411641
854239
725208
863661
226691
888982
897565
980236
453765
444444
048715
990475
846040
774888
894046
177581
304801
666666
527986
149486
743310
452055
944322
153815
238343
555555
111111
039179
460541
209101
425222
643096
400474
983324
637616
813879
487172
838470
172486
022509
777777
504713
223105
095113
022793
654092
503816
389811
963903
294415
333333
471131
584027
026358
926362
235554
929241
808676
888888
527371
884436
903437
444444
111111
314653
415017
644724
510741
809575
577117
398920
972672
906561
398993
604532
856497
314623
777777
939041
036017
888888
058029
330063
618630
561240
940874
706795
782702
037163
373510
243927
000197
401813
934557
034552
906998
719065
643821
313621
004953
810244
334577
435649
444444
674251
635806
552974
043143
396463
446025
000000
957496
352273
779583
959723
425027
003767
488083
114571
620725
458922
451923
158640
111111
620209
945967
024697
217067
404681
830757
219223
223029
805935
222222
499072
111111
083348
299549
387429
574331
933551
206839
573963
243873
859008
632624
842298
333333
836352
308725
033246
478725
792504
333333
153023
618991
150031
995951
078920
999999
120441
084723
502565
253396
182645
043631
856355
992422
262575
952450
361683
888888
357374
666666
609647
855209
444444
844501
293311
424654
962062
620024
794722
633919
590418
459687
000000
085427
086013
148823
355921
894236
240975
469980
439871
852723
970813
320692
229019
246097
000000
222222
245019
920569
802640
348022
939986
590996
626847
832074
093846
006047
136085
294963
508310
309801
628763
453535
336885
203990
555555
102439
702774
929469
765783
404530
450611
742925
341546
774862
483837
707378
936473
553667
949990
088995
303587
560515
763211
037359
333333
947305
028442
124374
326123
557487
899889
692033
192649
600496
456206
860497
769004
301936
678841
919394
542169
890374
909850
042536
483720
498400
770532
008421
333973
026784
834375
867146
087053
039370
531766
190432
213420
497263
444444
888888
777777
888888
020820
607866
653067
555555
323674
608984
144973
157790
208822
987666
059448
224961
897900
472927
228308
830367
438042
070147
587067
925197
472271
333655
164529
462741
640327
093416
979397
612176
999999
040563
468017
862755
289647
332777
778474
087562
947093
257049
787667
000000
696942
974437
714858
323867
200057
638043
767085
500880
249433
681578
440466
203890
439296
888888
634171
972937
943040
285495
784801
360548
408871
960291
000000
333333
452321
355926
682581
309595
802473
927827
409393
558952
771060
420821
133838
508670
999999
032831
730026
209286
666666
030269
082903
942875
200397
412061
444444
666666
222562
840328
425436
334133
740076
168181
919492
274593
126931
499556
949827
000000
060057
323963
509706
389741
904970
917643
666666
924243
719985
888888
368072
903936
717731
218865
479771
625506
486214
387763
114220
999999
281426
670672
296322
510607
111111
320503
393696
143475
983086
574849
489837
445140
864455
458982
036425
008422
327298
666666
789319
294048
289035
111111
777777
280434
488152
233375
320287
749333
898014
495146
963265
140283
664289
444444
209633
608677
703408
363044
908480
312845
498170
840955
988234
032581
776744
173065
777797
439435
787487
328734
485737
378083
268432
814866
304686
670086
413466
318424
820630
895033
071219
592617
574623
202090
899575
777777
492015
085633
403581
044154
800920
538205
173422
630364
924743
529067
697651
517471
486301
509032
279621
222222
080727
820003
379381
923717
316784
921492
834862
168962
959145
902067
138044
277427
240532
468286
822028
248042
608731
325404
444444
152263
299532
230496
502398
578205
910043
703655
937723
229499
692514
386603
510577
920570
694933
400921
289928
998385
096697
962034
597406
776866
205956
240540
000000
315631
247883
463561
040941
258228
000000
989976
694406
709680
227872
733317
943567
982067
376218
781163
931984
111111
244442
666666
693329
320462
249094
213723
187314
079012
876856
333333
818722
935911
433988
908685
000000
370913
808649
794672
603917
666666
624463
523687
986510
540817
526983
330005
224093
449578
327082
424540
423038
643287
749506
114342
503732
998657
939443
001947
095878
686906
666666
816631
908262
424405
598862
961499
750126
390367
687533
286943
529226
973407
505902
108801
935424
119000
350662
429561
826418
900765
744892
796912
045143
990492
276713
666666
400421
944871
461488
808100
276841
640422
875182
783125
666666
990715
808455
327765
693427
820930
940211
005051
853071
035241
852877
760831
693817
384801
925507
953059
593289
249881
389576
315880
907393
071625
851940
464081
892605
998096
409038
480542
819414
777777
091296
706799
883277
471923
533155
864468
082433
894826
301864
699536
126862
247475
574382
788789
575992
355433
535452
893800
332129
609982
000000
704885
992624
929489
133075
043953
113840
730949
082826
096669
015463
013092
245983
369442
203638
630123
891761
099062
664475
311725
814687
728302
098126
042974
893081
130830
890999
828616
899071
470430
227294
494761
228688
911203
384642
448792
592866
280765
167669
876945
222068
198484
944237
250206
300777
636816
350815
759855
210970
666666
643488
949704
362439
898590
213864
925157
300475
089952
185448
666666
202481
083288
607094
905038
682410
275324
493592
444444
626172
933678
788517
930627
069248
332637
925187
805996
928487
123163
222222
750138
477854
893542
123875
019561
203466
962748
848692
222028
019992
013102
616716
777777
438756
880097
989884
086177
017636
890020
659005
218946
692227
892284
844126
824781
222709
444444
758853
777777
000000
311382
482153
887028
280308
090484
948942
925117
430246
149913
398024
843943
618344
682629
045157
288586
901457
937465
688209
423501
206053
813553
899576
595629
819338
244692
485443
640820
381814
889357
949055
108567
136124
359737
501032
287239
688726
023648
548579
222222
217926
858544
801903
805331
283533
714677
722886
247532
545788
980346
888888
070392
666666
737447
322887
487338
585571
564750
552332
912438
060809
795827
325650
863435
257999
989682
420073
637460
177988
834065
514455
999999
678169
653489
000000
626692
887075
184870
994888
489574
664097
004693
665786
603132
851577
555555
784464
897426
634643
343236
884002
682645
529221
418479
892380
562030
830197
739006
343034
094986
888888
808550
777777
204154
888888
012869
333333
037731
682054
495993
970605
931733
190432
243846
929393
785573
407697
523632
738905
328895
426846
279461
553066
508285
792617
043097
695728
580857
999999
154180
094957
865833
724486
007624
290462
923549
313986
451403
196489
345202
472802
783543
637620
333333
999999
922162
666666
333333
495898
602518
469231
740715
049624
082063
835101
765548
338527
362083
420669
023686
943542
061423
140918
327507
415063
681581
389521
548625
479388
086952
298065
512460
363025
222222
222222
692377
747586
267066
772877
799592
941326
431699
369062
274503
809987
345887
239844
360699
777777
444423
181052
333339
349160
010282
538017
370854
198672
239996
472388
228862
892425
111683
036281
021361
674538
318629
425911
229136
224041
468160
712557
903985
777777
029535
392749
860857
098437
257295
417291
022003
126561
289660
808815
750027
380486
223822
985466
809013
666666
045410
333333
428148
102774
309947
359781
481918
489690
009947
880659
762698
702895
714828
014166
328920
622952
442064
410207
987937
210514
243941
425332
150586
934139
383437
040242
944222
839683
491086
460629
876148
056568
188189
951981
001859
656673
366034
444469
900908
398002
283053
333333
999851
856515
235315
418434
488673
431862
239486
905524
279340
974913
256375
377232
740963
111111
047868
782562
190684
444444
259667
770279
155371
618499
671317
710379
399571
548582
349552
789882
007643
555555
458583
847692
844438
963050
225365
206837
140040
028665
940749
134753
299006
542440
700994
031029
808331
528836
054370
220079
706441
630577
022331
031005
423788
549916
293207
133340
701987
888888
224261
658549
024395
382170
234421
555555
313105
825021
143365
061870
498996
992948
827174
111111
170877
222222
326622
133129
927373
008794
580498
324425
039285
399792
013541
101375
233489
360335
717645
413900
175483
209079
507173
849445
951688
847926
362625
491818
111111
231611
927807
152576
298466
988217
885867
186046
759062
776278
135020
031469
240015
380826
195803
433853
340202
529104
074457
380992
444444
888888
954461
060074
648901
998786
715673
443766
244571
263001
888888
014437
410858
452091
594691
444444
335530
535673
988135
882482
986784
220145
903962
280941
621126
482672
345484
460879
930472
210639
888590
929552
587913
737364
898531
222222
225960
812637
969446
534227
555555
555555
666666
470463
606171
320961
474760
561619
799320
993036
596918
849605
421173
910645
575265
020627
999999
869892
883056
167654
323651
041375
534790
829537
915053
162223
436429
327491
044183
000000
952038
309044
777777
883962
572375
806752
689762
703081
685072
368200
856467
403838
962468
888888
724525
708761
432005
854967
722169
544757
111111
280109
307452
908110
833408
383999
809499
450925
031431
998136
179525
318913
999999
613541
594423
322655
852223
535721
399567
800627
533635
162326
853829
650837
449013
300276
638354
999999
208636
740277
409309
533356
666666
439714
520945
308069
222222
640723
443240
639900
222222
209348
204887
954881
356644
863927
824799
217257
307611
949126
362065
498077
235059
883404
702063
498568
222222
492717
256132
102164
460885
941830
051727
898928
290937
364010
224436
745801
555555
841844
117112
865090
118042
608016
643232
325806
322725
836521
010026
184974
334532
024082
740801
394402
222222
443079
312210
390027
666666
888888
389458
971884
863907
454456
649970
805782
068835
403976
403853
464847
897182
362286
223935
911131
237147
087877
684506
520848
512795
094946
440772
022181
790649
765776
858975
487490
824013
768647
340723
272135
353049
800186
444444
501220
266933
953474
833973
083662
555555
243035
210675
358867
083815
223072
359101
409946
601615
902242
420468
143378
042684
093201
635483
302027
447111
666666
121675
406043
999999
862852
359561
940039
111111
284188
417381
999999
666666
593086
723303
485503
135203
578141
038581
787831
282592
418699
222222
540429
443767
179845
386586
434133
912470
538999
051701
238671
887918
253438
346159
986072
801805
148321
498897
249841
666666
314546
434534
947868
889424
038869
171693
904669
301737
009975
607113
988655
688094
999999
444444
142046
222222
327780
764510
022781
222222
467932
588324
200019
860303
111111
143811
424402
525251
004404
519540
469306
444444
180897
448650
478562
665545
876043
494873
509501
443277
572716
475906
888888
363961
969906
479832
611786
823172
483471
300091
292202
337671
671046
985983
680510
933665
444444
082320
020871
553525
498568
547941
201272
368865
903544
222513
029036
989083
378861
095953
946467
706425
338424
760873
292180
346651
533069
931155
387239
907835
311632
666666
764283
920608
555555
818713
333333
230959
976565
414005
921182
704813
272776
517453
989875
285570
452959
799981
839413
333333
410064
646480
817965
446073
406903
276967
279533
222222
203122
111111
298631
014052
136722
850355
226969
139479
058476
677465
146903
438881
875100
034949
283615
932646
146846
000000
338238
492639
931836
766071
434922
105831
765872
000000
587767
031905
329877
317471
009296
891364
804666
935743
864670
888888
842618
760334
984542
441072
402895
984811
663641
944302
388961
211816
525649
854858
086820
000813
889950
294035
718513
830045
000000
998833
430986
308699
221501
111111
472726
379462
872176
159549
604666
349272
492567
444444
383163
212688
674447
099321
499479
280981
596028
777777
386880
689107
048211
224970
303325
061827
462565
999999
026079
403466
470455
876046
957293
490738
048224
301186
544273
894521
408373
249962
886500
299746
317522
021044
280031
999999
222222
068776
955949
169993
369444
488514
099765
370480
038013
488751
300047
274668
097045
000000
241470
615577
835042
532241
420312
347069
940279
292519
070129
129053
746033
938296
272873
888888
666666
329977
111111
419615
806831
000000
824071
144061
642813
085499
380922
131617
623469
111111
702126
444444
083962
111111
254417
753319
333333
000000
777777
076329
726613
103447
253110
327578
872322
642273
444444
845772
749961
007926
239222
942565
190641
723088
926445
904545
926736
360449
872038
518845
459687
303965
126341
575731
004381
216620
193822
292164
333333
743816
045664
352447
662157
666666
268217
142086
229832
248525
813886
068049
156489
222222
080630
211075
002240
102914
618548
074698
050063
282362
922691
338071
620053
616280
408669
879802
354165
406946
050993
555555
515931
154263
350899
029868
878094
068870
623423
378079
144665
788917
531461
086273
040554
694238
098912
013177
387480
882476
532504
973214
057076
001740
429129
848371
676575
446968
414023
050784
286583
555555
931907
071683
000000
928641
410949
048545
379405
444444
999981
037932
777777
300846
189663
291239
897960
690082
620032
573328
491540
000185
996922
960921
125841
434772
951040
428005
888888
920166
777777
274873
414830
501060
314106
727609
333333
006917
060919
480416
870506
400911
963263
423922
827871
000922
833698
082361
333333
417518
829828
492662
632986
602795
124877
061572
338303
752081
846254
995640
510850
592605
089524
054769
588943
592984
404770
111111
586845
703012
371553
088485
331261
392192
891650
522289
584740
214246
111111
403030
388158
433079
344760
044685
267066
205472
945939
046500
484019
285519
061924
067042
894686
253355
459407
549489
444444
233846
321034
865641
117046
028786
132897
197851
443773
594430
823668
111111
127143
739897
036268
339292
946505
252575
472526
346212
777777
219701
887470
144052
890170
854870
333879
283361
938992
666666
484556
815927
035797
136695
813570
999999
890331
568202
385043
750380
666666
484339
417609
241081
373177
759574
431394
809006
480146
428125
222222
884815
888888
813883
837375
854610
941933
303027
580305
550530
374422
742247
631014
621786
324640
903449
426601
798136
823595
289042
422303
222222
709662
503634
482827
808867
112541
499507
911067
938381
964334
678478
888888
408440
012871
257939
629521
813683
700901
344690
276279
676150
202921
130593
111111
313853
235942
782022
234656
402671
430767
528145
590119
028664
231667
666666
245577
490787
237126
639924
719975
278476
211207
439657
558276
338933
880014
596746
202302
611497
333333
365482
435464
360644
444172
620537
823067
398429
297774
350512
444444
032667
074093
510845
257673
000716
881533
649832
555555
000000
326165
428807
759413
587803
948157
326327
560906
249017
844316
352409
673612
192692
692802
111111
020235
674117
474625
321975
433831
611717
252966
458687
972463
444444
819867
121042
639837
789865
959094
354271
322245
345674
133717
760833
579880
115495
296173
230183
134825
777777
278387
794475
351177
012496
734181
314644
143954
493268
042512
666666
323842
999999
899235
805549
279416
026667
783715
519908
567043
580906
032462
443850
694674
497035
230322
438233
429322
839814
497078
555555
783905
153914
444281
130439
144829
043146
360676
906824
769487
035243
777777
521764
993896
827664
122463
596832
118280
369106
716998
503242
309090
600094
190305
622273
926915
984266
504971
495773
443087
548610
029890
330732
211085
500730
733305
000966
101869
348666
380067
400427
993835
143113
856632
958136
050323
170066
834368
420545
630498
419263
898191
436657
924164
444444
477233
045663
536276
087686
530447
047647
683471
569845
681969
609758
939522
045285
444444
283416
492201
850225
504077
899248
383545
681545
811989
305614
494422
524491
139435
870461
440946
014908
963603
090920
572992
494951
729497
992794
811464
222222
402684
328512
764687
687116
984861
798467
333333
370192
368089
369921
255575
174597
035061
168259
684010
904786
302033
676562
594687
072654
409177
929097
281077
800801
974138
657776
114542
961131
840593
777777
513479
222396
993820
720752
960857
807475
777777
048222
380719
242086
333333
373406
801947
111111
925896
000000
021261
500530
235892
787239
914951
340722
111111
424802
268444
688237
333333
936695
890520
672823
076135
719790
934579
034126
810887
569276
493504
000000
945068
585485
377011
856056
333333
943412
829935
369881
095399
002753
030091
504025
127589
787527
017136
219393
381035
418735
222222
218074
000966
333333
894547
223473
888888
418396
630178
782040
384225
213622
601671
444444
630730
233651
024115
413413
053623
018285
520591
881583
205689
471835
324620
544693
938814
818037
993532
788877
965472
292675
724992
469917
292989
429015
858576
051592
238465
655833
630346
123547
801051
463325
849433
359978
826219
099077
710256
402444
538866
028472
869812
349098
170716
113567
388583
451842
128858
125128
042423
713017
967014
813447
621727
583464
848564
898245
747165
369604
439532
518922
543925
589029
526032
411215
905817
136960
515522
020910
392450
382567
824912
080463
784591
902222
547930
354858
390689
777777
055652
972420
796463
908195
929994
881612
446165
953447
000000
241895
089820
192530
649982
923060
019461
389572
478093
437639
849817
992874
000000
942482
941250
134043
442782
728100
054188
881891
374649
494658
777777
446736
540646
643485
890541
838011
991060
202480
820845
334198
193262
838235
610529
380292
555555
244247
859537
555555
333333
577928
298025
301086
329420
608566
444444
278905
114827
068722
400500
777777
742025
975267
552845
765973
608365
518751
888888
121719
105777
150096
702673
120804
555555
726413
310289
420929
928423
845030
173172
813396
969448
192657
030495
234947
303099
218926
298531
359946
984423
018871
489978
235631
404210
533836
804263
419767
452441
614476
693078
820169
193156
941098
434720
777777
492766
202544
794863
328293
060522
494690
026467
440036
659960
324099
645523
362691
196737
244169
062760
108071
977961
267834
318099
359397
337634
172316
927086
531912
319648
391849
005677
365470
999999
034610
144052
444589
097071
042355
338936
839783
938511
718384
888888
394506
915265
044475
372319
478574
112682
454721
395522
928881
803997
472647
748632
534743
443483
721021
884066
969580
006487
582971
183018
989699
719351
872704
983693
000000
299233
098451
136653
683816
222222
394054
491372
568418
999999
664473
440811
396881
050576
079697
432432
371132
322273
313774
418845
639099
261936
444444
007186
370241
666666
698461
409334
789076
301448
555555
229586
999999
052653
908476
275807
709585
044432
427264
234958
710049
409472
916583
209994
111111
527703
510990
918341
322906
403623
413025
777777
034065
111439
767490
387461
729729
884696
608432
244323
747085
443966
022893
168392
000000
481028
906037
665535
305642
304187
061583
703581
270281
305566
828820
111111
285940
836925
441956
399597
389533
666666
138507
568829
888888
748961
948643
991314
992338
555555
290263
111111
234865
503775
223587
582845
993446
718960
602282
712656
019457
242935
803908
769260
446973
298816
595434
104792
644369
982610
208886
008489
630973
901995
528444
342872
920355
701885
290455
230304
890024
884410
647934
777777
091190
111111
245311
330939
617785
930661
133835
113707
891618
825603
222222
232816
163838
527521
816550
373503
608466
151161
333073
135155
243741
689409
925219
309234
888888
549890
882250
690393
612575
077892
522161
222222
061899
298794
092551
307503
433412
229025
582077
908140
195830
343806
088324
491636
900427
748872
284772
192916
487295
108973
860643
524681
908949
666666
246984
333333
129873
413535
666063
582666
882026
973633
073586
584394
959559
678434
918484
775851
495226
333333
908585
500735
333333
650085
438568
263036
207940
820567
393605
024962
274570
607784
881483
600186
043490
020276
222108
099067
333333
204893
680320
080514
018126
806683
967592
697980
890976
407930
230117
378522
343080
681827
539073
249327
323926
392723
342556
394978
294277
614786
095668
239041
464192
156467
710980
986785
366296
730380
239639
254047
924500
408864
664725
417100
703971
982658
340455
048751
794578
490825
228407
256007
044655
787038
051951
804761
751631
777777
999999
000000
740537
826100
939826
208186
047571
055628
834769
555555
934666
304654
775450
209146
010282
225860
148962
419783
370569
448616
790907
928786
000000
222977
703664
216229
911471
432858
509571
818217
000000
067853
666666
212533
248042
504916
593402
464395
980920
888888
334783
094463
564500
212182
888888
790779
084943
091447
507867
087040
567731
037946
302065
982950
147961
685421
035335
013853
229362
452391
461267
446517
079170
990513
182627
233454
279006
709616
231728
159344
897641
021184
053649
822617
040985
087885
291491
819924
999999
444444
842437
735191
820511
222222
173043
095416
000822
499933
088425
019721
843927
262022
700656
357552
231374
859722
999211
272603
039576
418199
777688
161674
444444
101006
801433
904095
257782
333333
544887
999999
347385
034841
122956
999999
525583
111111
883126
333333
261286
999999
465661
697189
926866
248572
360862
703085
528401
950007
942501
090462
135933
090673
111111
000000
529438
904982
752955
591787
144628
403952
000000
838189
006681
157978
494878
591973
111111
883773
464097
362084
764784
633592
284074
782542
076821
999999
059683
960472
666666
602378
435867
748482
868731
239676
202843
328525
888888
409247
824222
089857
931133
464073
333333
898244
998283
003941
248055
634279
484413
404904
113796
219411
702123
668431
919471
862287
932981
082426
823182
926822
606237
718357
498560
837192
539036
636037
888888
789207
417017
799554
249596
369885
609121
890065
888888
823987
130724
796061
655092
804114
555555
319046
888888
167872
922467
677848
444535
327539
844978
065612
304251
000000
319784
996488
335139
899959
755168
899511
426274
834590
104227
614484
633737
822016
436675
339145
042978
000000
034461
076846
690250
197535
940922
347580
267843
784057
799948
634860
434596
333333
283025
501079
154429
555555
704632
292265
440622
898530
777777
180161
555555
988097
076325
632099
489796
405572
702725
375028
178892
549426
909603
816882
227241
650603
895871
056938
543547
950684
247036
128609
202072
090011
130694
474642
993101
333333
800666
844326
139935
239085
534287
068441
050565
833031
441443
827041
444444
880968
595079
630224
314621
978691
953781
877135
741943
666666
853256
182647
999999
984295
284062
669346
000000
454921
626477
111111
946031
000000
974414
732523
222222
306463
641527
479472
555555
763245
443117
837489
363857
629422
939366
244024
272952
548532
233895
042131
888888
666666
288303
455773
372529
359837
655830
972691
234273
069217
777537
383086
925386
449836
692994
053574
089136
229587
203698
555555
437655
896847
599540
427318
013523
360582
600531
152531
272811
900388
994675
608110
777777
405517
383536
514086
768171
999999
194460
855873
950441
573286
977270
516642
302391
926321
888888
333333
045630
990031
901646
141392
702403
315372
388996
869266
888888
408794
653408
928087
614042
392658
222222
498081
071069
023433
725595
174579
226100
687713
333047
248323
820599
896919
683487
191923
202995
416236
839237
999379
313925
091932
248723
729611
690735
186872
304128
787224
235069
583991
222222
376075
430504
333333
666666
484343
200810
495569
253797
442256
098796
283865
766867
149542
333333
931821
607060
190717
381756
732073
828420
007461
446860
592094
282299
918062
184107
945685
605036
024677
268483
000000
666666
307977
776603
888888
111111
436856
244961
083485
223686
333333
902276
208003
243971
666666
939922
943710
349185
259833
220042
246130
802267
087362
404914
204240
701064
409729
855034
924963
714279
800620
079646
960234
713576
419519
152033
494423
666666
204233
731975
801159
030618
307575
122608
333123
499113
020273
474437
333333
511093
171226
783645
857597
555555
340546
878340
380702
836435
192210
389779
433547
777777
636485
028940
837289
235011
222222
210908
980529
693887
354808
999999
432371
931385
266002
607547
387661
186282
732904
408054
508855
873226
502265
712815
747785
342783
999999
243911
173781
630508
455048
140188
069011
073872
888888
444444
055306
808423
203990
777777
858337
219859
045086
042767
255505
433940
671143
999292
021884
316231
188650
113811
862292
992325
698287
040641
610664
580818
311440
941872
837034
338347
720012
508697
657935
997063
396617
590735
232131
300938
548616
999999
244856
386203
029810
443669
992625
957362
888888
724978
352818
209700
941989
386940
688867
727438
666666
111111
979378
111111
798640
335660
777777
949683
024020
983485
348963
929549
055563
170132
251536
795303
073063
333333
882977
942193
631773
004661
460597
304972
302046
039516
850465
933319
431953
032523
555555
427974
441161
008102
266114
834432
604202
696045
040671
934942
944953
984976
030980
803247
442160
334245
964604
422422
294423
498491
283914
465282
032865
245644
641127
879530
334874
256821
702485
000000
712582
595462
239087
301667
518500
432040
440586
603638
030377
224265
232687
095926
103383
401352
892683
444589
141130
314002
581732
012321
888888
006849
838732
757085
306836
037983
371012
613963
262525
238673
851836
026634
483833
043775
719824
331334
389435
083578
106657
705677
693071
432521
682648
223377
444444
232693
903528
935266
928979
093022
726176
214437
668816
888888
986491
537567
093083
116388
896075
999999
887478
036663
894270
586264
282966
981416
683629
304678
445195
235449
006464
777777
836401
887988
539841
274503
942765
038273
784222
650906
279526
111111
739495
589150
766682
111111
888888
132732
830719
415185
034281
232069
654700
921433
444444
091166
404787
807432
888888
657580
024605
681710
606855
970615
195517
023719
832608
293695
255052
920457
436866
222222
441226
000000
823935
123649
263183
040725
582278
095542
158445
200998
647628
844836
204193
131332
000000
328670
003067
807861
112313
333086
987908
555555
058676
796082
318341
124863
186674
280243
825527
248172
488163
464935
499327
053070
825113
914908
222222
672673
636164
327547
678493
888888
455163
014891
943659
184050
984975
488572
160432
573979
405993
888888
372425
453626
162651
917059
051774
343862
516926
178992
393428
276677
965944
272241
315680
341925
222222
000000
627923
794696
582390
671522
902843
238522
111111
232493
879480
589022
043243
950034
572165
338861
542270
207089
293449
111111
396816
204803
909694
251981
243948
406504
108447
255069
299385
918044
074241
111111
383872
216587
533696
234560
888888
733503
127472
011407
948893
597631
905556
704546
314655
395115
287924
326476
046122
580961
042987
826861
769587
042130
956849
342055
476921
400592
320773
261112
350428
270697
152503
120846
672187
673023
817018
640953
863493
792309
207141
124421
526574
223947
734914
332646
373360
793572
040824
660979
448797
768992
784937
890813
982847
204764
678401
666666
161861
339827
906243
367480
183168
953532
001717
000000
722883
790678
057421
811044
442704
934930
136499
031614
459627
222834
394413
206904
999036
397027
999999
222222
638571
306577
434786
940417
389409
026774
280005
395185
134862
688484
499457
763685
738514
064243
106721
342965
700895
495023
392579
198556
846547
555555
189032
390837
220973
931413
442446
382569
450833
294832
995863
590633
999999
831323
294985
555555
914229
628470
493288
410532
794116
111111
841122
982942
496607
999999
349727
625401
332047
777777
958347
742483
777777
373056
408268
320671
223618
895632
000000
061122
074037
015659
204427
098060
083441
712868
852053
454435
826571
037535
180152
098089
091036
839086
173333
857962
943021
753448
667757
852719
497495
044044
822207
784471
940484
777777
294212
160436
407898
807801
222222
613032
101964
884562
937763
110184
606287
308033
553976
227867
123641
931458
983522
898812
205446
335841
333333
412921
744845
270682
333333
060046
888888
563118
475822
088581
144820
903347
022411
480246
355426
662879
940266
461042
111111
969622
920723
909057
099857
781838
503859
111111
460685
363985
503842
213434
858236
533402
322095
407900
486079
073251
279075
047405
029674
555555
842650
463775
277984
111111
232956
799844
819549
740966
712653
696552
598043
777777
333333
060269
888888
881980
448933
476343
370942
921664
338023
703856
111111
222222
413990
186345
304287
480138
022870
399462
973142
239809
932033
336044
836332
165795
446077
111111
212977
081119
229386
979736
438986
771858
425134
092570
555555
201247
462301
859456
777134
348673
902962
231727
555555
914846
439493
447022
421564
460527
372773
448873
865922
761596
224092
888888
371267
980375
823076
651924
252959
244365
187012
942327
327152
888888
483095
769861
914561
529061
588145
920377
098607
444444
981101
643185
230001
831501
754067
999999
327851
888030
302366
000000
404854
833808
808718
004936
024886
803370
666666
206762
026471
129884
999999
227574
333333
783640
423442
671353
555555
969385
946168
232898
444444
994390
674926
832963
944869
834813
261346
666666
982153
856797
272467
895809
052810
813525
999999
446455
497882
102850
333333
909065
330649
267852
188913
785009
313847
680786
132019
382890
499205
671966
691636
939273
881936
524867
111111
589875
020623
777777
596341
923159
004795
111111
309399
577504
891964
759231
044641
192476
438977
072279
444444
245613
681036
212732
027054
908422
570899
725874
995487
888888
985689
744845
293878
592256
828506
496328
822869
448669
933632
283326
835702
039624
242486
805462
622465
732806
444444
000000
800134
748130
058562
350957
393464
117277
581413
455273
679619
060655
180022
030043
547444
755932
799704
461930
817703
857987
225805
358336
431241
384565
827315
898331
111111
930079
549023
008263
837434
021246
999999
386532
790797
298473
585881
821907
439831
075193
222222
294805
823516
444444
673432
190779
847656
888888
747937
529587
282935
856934
135426
264973
806626
265630
444444
449489
220552
139444
234053
888888
883969
342107
058888
843533
688184
514823
378878
024943
401805
920677
693428
214321
909819
613852
555555
383647
054442
692531
330986
993468
430286
303826
608130
358990
614435
111111
104311
546436
242965
472791
111111
443361
635720
240826
916607
684973
809862
666666
325097
955718
222123
822833
941071
487121
008666
364783
904299
173531
800594
654200
038800
733964
285465
444444
630643
415134
024938
907722
222222
513961
007347
243583
939927
926839
222222
666666
257422
821952
481573
970286
468646
981236
000000
862677
138549
493456
038995
490683
206381
666666
491634
047524
919015
872287
999999
479949
848300
989474
279038
174421
051978
297330
900817
189511
903477
355268
160025
777777
720863
833644
023847
111111
469898
294525
726256
375460
282213
235021
555555
048992
133274
946890
228587
109107
669320
597780
666666
724153
869852
094804
522501
959793
048183
828731
980218
777777
133190
202704
863837
820649
666666
638367
892343
592885
290065
764890
322898
441971
666666
369803
844528
490867
236927
334011
948263
108607
325638
358052
476713
625451
089612
433336
111111
243785
320035
549888
999999
375696
091684
111111
004064
111111
465651
735340
245383
938543
904407
777777
000000
829009
049442
943601
258415
403423
435075
434929
505582
402033
074509
888888
402449
389658
838130
483945
750982
204404
956885
480671
027045
230761
243593
009826
573449
033981
518479
802722
258216
023984
260835
250281
274929
729384
440632
930295
324467
305525
959743
373096
222222
808830
258814
270273
401633
948801
852918
328695
888888
485922
920033
429671
762345
387601
466348
045901
334748
229913
063863
222222
151294
333333
478448
111111
269607
140302
300932
111111
111111
830307
420017
081691
358800
489283
049083
962361
008442
839951
836546
262890
458005
993471
465643
741891
132372
509923
969393
245176
380072
042566
604114
184836
636408
740733
037301
272110
045308
192502
041362
445781
997991
461890
928869
033057
238434
974132
184483
783074
823941
619445
903401
022772
158442
214329
222222
428192
608636
539784
281530
928846
389835
168490
840773
881239
550685
403623
331761
184062
443242
144471
868875
043595
346387
390406
229263
310969
222222
124532
882558
519783
484117
921508
439782
333333
635717
938905
444444
668791
451032
185826
457722
000000
074847
228976
760019
038855
438610
947484
333333
433884
584659
358065
630476
689476
777777
752567
814866
788658
108488
885055
328650
091916
888888
888888
892446
108747
690590
280821
009865
341581
888888
159695
342912
281697
579074
040845
222222
028064
158011
301897
428853
080272
244955
993309
111111
443008
821395
735786
864751
441549
149415
074896
105590
789386
001576
249476
326342
444444
350192
170646
693613
287720
859728
395821
450918
500472
679573
301297
310509
580521
066865
084443
894064
249922
891621
213926
518587
473981
555555
267676
832159
888888
450461
534840
333333
953090
666666
444444
830038
842995
702064
383987
131183
868463
347087
773777
594513
663385
456093
047046
821045
489282
270136
029871
649572
642116
999999
618217
661448
373026
194252
784613
989519
405769
000000
309700
684884
111111
817183
414984
413687
388126
612686
537760
777777
404243
732199
116837
458969
973844
893441
445579
998532
135813
888888
802287
527612
111111
082722
882288
360526
222222
241165
431636
092785
693295
654006
035199
329907
912837
404946
478335
514092
143573
382368
357163
955557
003133
882618
261478
208679
333333
097915
428262
851834
236643
390342
092725
643679
337021
581535
999999
311264
434921
573643
243366
589183
383089
319449
722393
640590
997975
542048
053762
304066
377761
111111
089625
000000
236982
248691
493554
122610
807645
935475
011001
748031
582541
336079
305540
848241
042197
490401
364357
960272
993511
274001
294967
849877
666666
716861
524766
229872
489239
666666
042807
960126
244523
849830
398935
352257
316794
080848
508796
789736
188794
010071
239183
780033
036740
123713
162263
207860
115724
997673
827650
229877
956643
302254
243364
362229
409829
221643
528076
148368
053040
340067
668534
222222
803693
024949
609190
221636
224892
555555
409241
111111
663260
641820
420137
954743
054169
646809
222222
809677
093685
636789
128081
475975
719391
039938
917555
972736
653490
104060
592753
477572
587106
918147
037123
858066
555555
638452
800698
957663
990661
542536
668631
324987
353480
281462
444444
282282
222222
666666
000000
281955
982483
982567
277986
886845
841525
222222
222222
790128
570785
110495
440872
512801
828059
748419
724365
436974
405826
020162
883221
352274
109864
203072
839767
737723
737606
312435
330043
499978
177415
111111
496658
992209
805767
749051
207783
845172
297817
779086
402103
081543
373778
888888
026826
026112
303859
678669
603836
950464
298417
633085
834996
944711
396318
493722
648422
888888
991107
425435
328438
414692
333333
974465
702255
888888
931734
042907
850745
006880
276302
053551
991195
666666
575760
251663
840447
627048
808096
489405
391015
491783
777777
333333
686513
823415
852887
661084
322962
369653
857193
631775
044537
399961
623492
302797
586933
928061
439019
271164
302070
227551
453164
950599
127047
043040
998529
162172
053334
077634
062456
289888
810462
490690
562063
891026
694078
699736
296742
333333
506448
289941
153291
050629
805171
230773
229858
932220
333333
060571
569161
837143
299691
555555
395657
567423
835156
883041
054973
111111
109583
238899
053810
455662
747792
473677
532373
648721
773466
302080
444444
809580
234732
754821
214831
100863
444444
427597
345233
666666
436302
336060
930553
337673
977834
555555
327431
263568
732089
684674
123428
630580
601805
444444
899098
419891
988502
281980
111111
159349
888888
437367
027488
307450
488121
999999
802917
818668
555555
084418
321913
298831
999999
283447
089505
504620
268953
431858
474664
870847
333659
072555
769615
298414
917195
953520
502532
446357
083781
236422
208407
299087
730113
999999
087993
734128
922323
931080
969507
333333
810024
111111
803195
580485
315722
400307
389124
973342
214336
383644
802046
484923
760689
417011
690473
779274
183760
657644
779843
044433
783976
434383
787790
037196
444516
888426
510677
907643
887448
523998
308594
639086
651436
055935
483475
139973
009668
095372
069473
261087
702682
983781
922758
345747
901986
488926
240516
484816
420432
291514
286932
472896
164172
523485
708704
222222
027767
555555
173351
426156
580073
541468
208547
524766
822146
667500
419794
937923
553953
493362
241903
835928
506555
898522
212855
558377
887304
222222
864776
104623
999999
103673
222222
000000
566931
283239
816479
892921
287423
702583
644891
894765
806091
188450
484951
088891
934412
000000
013943
573472
382071
427008
568943
848531
200871
488476
646581
876582
869081
958433
046716
504750
999999
231985
444444
001608
983637
408826
555555
070997
396567
822874
796438
837912
192367
830656
131734
030461
613687
027341
062578
062783
239430
253963
106381
088403
777777
337155
218028
237541
818677
400567
488735
486798
473641
899086
333333
807686
629621
999999
471265
592034
990469
622830
992268
438493
300707
308362
253563
376532
594401
111111
924047
329795
683191
261733
483894
967956
398869
222077
647631
966647
805549
896436
309078
859381
619542
430611
103313
000000
862681
544494
399661
128263
222222
000000
120919
777777
337564
821473
620863
981911
742206
364631
324613
251024
947606
018531
998027
444444
299463
298820
240147
786512
724631
424422
555555
876965
313830
777777
270522
829815
193449
976326
666666
125074
472526
933914
243030
549001
369668
745733
937422
233047
268934
235022
934143
751863
884682
161439
672691
033830
289962
362641
605261
739445
227127
301565
821755
080664
092888
882534
331260
223365
000000
034679
480092
542689
329388
068230
490413
497554
402061
287570
029275
333333
346677
888888
792577
912519
524116
463927
222222
388154
999999
013421
430476
236282
066762
444444
614253
163220
573820
373146
635480
530512
992585
803822
989038
553990
000000
906523
323781
733782
928841
676012
939555
888600
372579
414454
928088
000000
434761
599237
841174
404217
882662
064158
015611
988747
944921
524633
828570
204852
098942
647039
364431
182066
379613
260880
398573
144043
707005
987401
414069
427170
777777
543820
261815
975997
827484
204304
808262
332453
942692
141861
788691
743472
050463
170532
401826
027445
457884
702891
516241
245622
861349
888888
958133
034543
845163
238592
104228
846563
929439
373646
656314
475929
982790
920167
621202
594896
891371
666666
923521
559343
934304
140273
832365
490291
600756
647849
151862
696884
199379
290195
767622
352267
270536
580133
584468
222222
834214
282526
946063
058001
213261
167281
886465
555555
839138
999999
212174
704635
229711
868599
250961
394793
980897
882658
989901
938783
401087
537336
191626
444444
890008
649506
392033
047501
480826
493669
120873
723848
983671
931986
459046
995638
403303
751581
585469
871403
845958
175663
058438
850092
060887
151545
864481
809483
089893
249572
110284
779045
148888
202942
991477
020917
276332
309002
621503
139136
200535
385202
844476
817037
824609
002755
420074
845638
434452
285615
066464
783664
364394
690325
664562
666666
416027
393156
293284
244705
665274
897464
076963
970069
333333
940509
053641
647733
784609
333333
228137
668543
098745
136483
717485
395929
208513
648948
999999
958593
079251
289272
389449
590611
834894
866946
594861
407437
944764
980214
211526
659024
901449
222222
745623
839076
925721
352258
391857
429182
723892
057208
600190
887224
522456
454889
792432
985442
608527
038501
227137
153662
478955
224453
417635
724932
075861
637675
989015
147217
260132
195943
743905
100241
203505
072639
170933
454973
400413
888888
333333
847293
716494
747341
409642
329154
907706
471170
319087
432882
370584
512097
971944
330044
441517
128126
839101
129876
791626
420318
096718
933144
880806
354822
222222
862883
902266
777777
982888
727716
253729
437530
196612
039583
828065
081548
386831
417996
998541
458942
000411
555555
222222
993491
964888
510147
495984
111111
420641
850085
923471
818203
065235
349436
648411
238046
484635
878905
874025
279095
193923
034797
979432
756211
344429
495525
820356
718525
512842
225946
629310
312143
302132
666666
034311
924522
347714
045371
612925
393083
123810
444444
904592
308937
441038
588880
963301
180070
295260
111111
020535
744133
893665
718542
980429
679637
383595
447815
016995
905316
253006
683777
135793
212147
532029
085732
761085
911993
930083
777777
818633
300036
925587
044785
076123
120210
765025
648054
027638
680137
014446
929171
227641
921941
329619
707592
378436
407883
075069
999999
010097
114627
842173
222222
407243
945889
544934
473002
190574
976493
730689
896757
670659
963942
968958
362945
378587
453262
690389
505872
342911
988573
353423
103062
816890
701887
973976
584885
951609
793421
528936
938176
372645
746122
223840
994464
901587
874748
938912
858203
383932
276002
285279
195122
315905
421978
355917
013455
964451
888888
824484
229944
087367
373527
271080
992780
229683
887224
950246
469587
401902
765745
543029
068047
558029
088963
182502
476138
538917
931607
888888
747862
807476
988808
369614
119538
260433
728866
009205
959582
053500
712784
789544
424234
807653
869187
582693
433452
061961
931915
887677
497887
631347
185556
452265
488516
719221
097433
778781
702832
269721
785490
175687
188887
923826
447688
112002
462372
480279
400027
631147
230426
414993
777777
330879
268952
982873
290771
137525
333333
023754
728486
334574
255065
568560
049920
535981
492414
913168
972131
878786
144280
392867
720621
023785
999999
606021
853488
474684
093181
940230
600318
666666
333333
333333
246517
516692
248118
248402
438449
444455
058694
048844
000000
390834
755867
889307
023026
598231
340436
322672
602761
953643
000000
555555
252862
305098
418189
375412
986234
233164
777777
753952
423787
444129
995657
449981
510943
197337
862863
217157
043604
413823
692468
687733
363787
230358
924694
777777
819502
787165
943237
431949
252022
651777
671251
208522
222222
819252
489040
606977
091047
794465
425667
837232
447550
608960
748553
898190
852937
777777
333333
999528
448076
303189
624927
992490
402326
618337
776845
974336
190471
403965
761882
544471
495477
028739
218387
125789
947823
149457
920342
359511
238049
230563
504886
799638
485166
294541
910419
196348
841775
068663
005694
835441
126028
088097
510941
010456
330427
340050
777777
809763
349032
000000
712853
016638
708192
244010
443975
820266
666442
744489
322794
574716
855765
029662
638833
033136
221026
290971
448826
313882
025712
604269
238545
886502
132434
488700
648451
699030
381916
720909
748885
410444
357612
292686
452809
606194
555555
544722
218771
988191
444444
333333
186033
013214
222222
199247
000000
999999
953675
074986
805090
832475
864099
111111
333333
140790
153019
144961
298063
480803
695448
239816
588289
859073
813066
588185
721176
693627
511342
594773
978946
242927
996727
802939
099786
320792
234613
307522
000000
990521
982477
666666
777777
809969
740539
373106
222222
555555
580482
258542
913606
683065
258867
555555
777777
239141
644407
093867
058415
127151
399309
954775
981935
052501
292067
892958
333333
382985
489433
380442
410593
042653
445481
381533
151451
654139
291689
013826
739252
850181
647897
953883
654522
000000
551790
782307
892526
803023
227586
999999
444444
102928
488045
528886
785254
935971
974804
466539
920462
530405
402666
338526
181138
866909
292935
333333
794028
499176
763415
249652
321370
359856
883655
809696
985538
111111
211440
787486
313606
097927
139997
818826
364185
864485
024876
843462
785539
028022
482096
349646
124035
205710
999999
842932
777777
238232
409652
695856
802260
839631
907309
532590
008963
108501
720246
773476
200922
199122
795736
432479
363635
209543
888888
117433
301311
900092
343273
303683
820653
544425
337340
894780
679379
335764
373361
390052
815610
820392
992363
108505
252850
630954
062672
973097
444444
513062
433243
391810
777649
529562
947466
058438
761682
999999
800961
302336
942126
925532
986173
809823
553573
694661
392677
910955
196538
306570
797507
339029
594270
662016
037813
407424
896793
389712
328904
838107
191084
920455
449696
384795
834141
225055
306858
800644
233794
216896
236693
999999
206873
421882
198877
333333
437682
396680
647026
128540
623602
778475
961225
822925
063938
039646
200496
211844
332957
777777
942902
666666
064541
446230
355905
666666
235678
333333
621484
940551
219642
438064
496497
474743
324366
405695
461337
902351
555555
854822
174278
650581
999999
289652
222222
365067
409805
814639
072485
444444
090070
827022
702717
621579
133814
858867
519892
847428
297446
320607
422028
307487
886173
443621
398999
333333
444444
208951
111111
629306
773223
384939
366621
292939
083248
395633
263013
071917
322022
304903
308225
333333
400117
392445
051764
450130
635032
393398
574943
768507
834554
333555
500731
000000
709901
728901
246738
021942
950701
562649
444444
111111
541631
241461
826631
172477
640543
089665
483963
760634
924481
005752
222222
127050
266539
721881
942066
530813
932118
336506
625872
846822
948527
354550
376671
469902
132069
333333
035823
532491
482458
367988
848000
503422
248631
981281
250222
404692
031477
813187
326843
999999
912976
026481
433237
109636
544510
722172
900699
332139
845586
885157
924087
982036
804581
390388
359259
252998
305973
977473
808826
103601
600162
434867
838973
383109
405276
817439
249632
699033
894487
918562
579262
584282
195861
324034
096376
380180
924238
844973
148386
380322
606082
482902
327413
366949
040616
555555
643831
888888
240237
350062
407088
234645
173873
523849
833590
387022
655922
220867
435953
583678
097342
260947
940661
867907
243896
381921
238681
333333
727812
914191
111111
150195
294592
631341
942776
085899
010677
721852
333333
867095
141007
532537
222222
655747
239548
896035
444444
999999
925907
344629
234137
446633
932422
613832
477638
344436
336035
057993
304799
990943
446017
578745
682276
399360
925269
555555
134352
850689
047844
795088
429881
999999
959392
046165
483116
164697
666666
033955
000000
643762
169186
308973
444444
869763
792924
444642
629651
315182
316248
060165
342006
185131
035799
247932
339730
352132
890498
431854
111111
555555
692842
240387
732386
152831
866187
351524
509117
466258
000000
452111
000000
509535
888888
475040
892571
356655
908404
757773
222627
047771
178914
122695
834425
333333
905978
111111
852169
222222
082231
530355
784148
734985
448773
288816
471643
111111
318593
922915
930691
169936
555464
626974
332021
744040
652100
560861
329249
897347
018546
871361
555555
204287
739071
309121
308757
506022
369638
109686
554061
609542
768234
222222
111111
128855
272457
024910
307567
492493
136716
777777
049364
184205
800242
079441
536106
555555
250182
511537
280995
109979
485035
332945
540232
840450
184645
333333
888888
430400
016082
113506
179621
244079
666666
760432
730846
482429
000663
333333
708945
501714
954365
736625
642367
000000
678544
320482
840691
024465
185482
582703
690918
962062
859181
555555
986742
165357
497765
706626
823486
484380
815983
298822
300439
957682
166562
936873
042613
162291
980888
862889
967535
594239
992624
440686
446052
143335
284535
919012
222222
444444
104780
304649
492736
690777
920936
642172
109825
201951
331429
919025
438749
140152
670896
679881
126966
666666
289531
393842
557405
999999
624179
208841
754543
409147
042621
023125
012654
112862
693431
642799
898471
248473
582179
687924
932113
066867
180839
808902
039560
056083
448182
888888
781876
796918
258667
572896
891417
095452
477967
011225
897873
924835
627855
665188
940475
898050
895877
530759
020827
403842
333333
802217
865900
090823
860080
666666
333333
282469
014010
924716
960308
304295
176891
374571
185735
301744
836624
182026
529243
032835
464207
769975
281081
748573
449352
284193
337287
000000
630038
364923
101095
486134
825330
444444
118524
869504
888888
932578
331303
833465
020868
111111
999999
420935
857674
222222
172797
638468
718644
880276
825703
291041
233331
444444
029870
934557
690866
384046
434497
319755
111111
666666
124463
914941
498514
777777
372334
403877
000000
382877
232535
880062
584044
138944
593325
666666
208528
753366
781269
466905
933834
436647
832961
221334
909457
239221
500181
224630
555555
111111
332777
415225
418940
655907
823664
896684
591048
555555
779534
492345
692906
597017
078984
981495
988999
329822
034969
501882
063593
228242
633027
129364
482524
333333
488061
938321
386645
653449
732091
992067
625322
469467
029727
774730
666666
161536
469833
343965
372632
910808
637974
838966
000000
190986
222222
383048
540580
269628
468461
880878
747550
612549
746633
814237
274087
004580
393875
666666
167580
201236
602130
928649
771072
630760
267901
041082
159691
844667
013298
892029
779737
301572
813374
335463
834577
845860
893681
444444
412414
242869
809802
575716
451660
425995
312642
252066
735142
020833
008236
045649
793256
401677
962681
861086
438623
498890
884451
956453
342010
839337
760587
163078
398547
049950
181143
337989
482383
584987
850735
300487
159517
130078
959344
852724
777777
444444
397895
400387
238090
063053
048655
912331
430971
255850
000000
934588
981499
283182
952321
965819
545454
327417
584170
693560
714835
145686
946006
333333
276925
833233
427939
152210
846823
710118
493006
933467
963105
009627
114866
364267
203660
885984
244008
092561
837662
269422
602531
384890
246213
299966
182530
841693
127168
428435
035691
492253
222222
672263
620833
724448
248702
722866
996812
000000
034482
027936
116186
301350
493361
805468
543472
000000
300105
777777
083888
961273
777777
362160
073879
242474
297141
934926
282135
060833
398547
000563
384984
143708
290177
111111
560755
555555
658125
155546
777777
299273
117771
039036
264695
111111
961590
070718
424468
990858
150769
888888
235273
470354
094631
564415
594640
708601
999999
923883
482757
154122
460266
545827
918563
694546
432532
292727
784027
492707
333333
459410
101004
835332
423462
561426
900361
532945
664500
960494
643523
807033
688532
744326
068867
093997
220915
412746
479354
655653
249567
880601
894866
724060
850881
777777
220305
318903
045886
183837
237939
330865
096915
388556
618074
706886
439453
248679
730961
164826
809588
972931
252029
143561
289039
202846
899543
322606
825976
222222
882532
307245
052125
602634
304246
324615
059887
528930
333333
252333
928997
100630
983883
000000
019919
643887
022116
440425
747811
094264
949123
468532
033073
987214
579465
845597
105294
433673
390765
935945
920455
264801
318505
348580
821867
557460
278042
000000
234405
280899
569806
873979
555809
747649
483069
598746
374434
555555
424913
996309
384136
333333
189971
244964
333333
438522
222222
954683
834822
139606
111111
579478
431869
137644
223149
275671
324861
238346
712733
457479
601164
390846
835800
203006
324612
887333
312536
907673
644333
592965
858945
445872
333333
429210
271082
803099
966196
710708
084188
706488
680966
234646
669192
820511
924086
777777
700679
676075
889057
030387
653062
579921
000000
799578
313162
358904
339294
153487
333277
696681
395529
693466
555555
907586
534754
222222
429447
124884
028475
256532
999999
067502
190572
230537
014266
101683
291313
000000
320429
000000
374985
060429
242767
659458
303005
777777
462661
489741
946743
666666
502276
329321
280981
888888
170326
433422
000000
144602
183071
198865
236682
333333
814884
178463
737739
777777
898587
230974
621190
466766
558698
416522
132914
589587
902165
875385
548421
648237
553598
457858
825333
855008
654813
858126
767686
000000
277437
385983
666666
783777
488233
564459
666666
422651
982921
632931
349818
309050
026636
173142
034313
035237
555555
274804
111111
821091
358524
992638
958617
781770
820077
934278
502016
003203
984585
248160
814869
208082
080536
200932
627596
436542
000000
000000
403927
111111
033037
401801
489082
954877
404942
766460
079542
972605
203423
635372
777777
402367
666666
206967
439211
222222
222222
287084
489471
829222
430608
772293
888888
999999
080929
193071
430598
215605
632543
997021
443863
222222
670409
364086
989532
123719
333333
154236
360340
609904
238569
292307
109060
985695
332532
497074
333333
476305
486420
777777
806721
048346
419505
285275
666666
253075
741184
739978
065580
794909
222222
653317
128963
877878
715124
096480
345085
111111
355582
388665
529435
604677
726655
121097
969277
720647
083057
842426
599963
496236
330953
529078
281683
520924
318851
832978
039690
793407
301075
931237
747777
569885
439529
810433
648492
143537
376562
291954
170252
141742
666666
949866
064216
021697
274767
494674
893047
085867
989081
634971
444962
730232
097155
014941
900651
449973
047525
308344
949201
896849
629243
564556
791669
090293
840145
744975
224054
944672
929926
329479
800193
109483
805177
789462
652806
981345
728248
074113
292137
860820
224954
522470
554526
658952
910662
216392
005660
090828
937365
456994
384681
546694
307860
149107
241736
916145
732460
409365
273296
680734
140462
142459
394573
901346
890243
161296
128021
399086
087202
414683
734820
602624
968515
493366
324861
319095
876568
343625
612528
827602
895896
424045
759298
333333
973949
259982
222222
866082
555555
610151
186815
555555
888888
858880
492016
886072
337546
050525
662624
534942
913041
111111
788673
020954
830753
112555
333333
822285
846612
765837
943903
307460
094839
369082
920743
930934
715456
939956
353050
347472
732336
227455
549836
551598
857884
079085
888888
724328
033691
492934
493611
921833
665734
634261
709024
111111
100949
784440
325662
811939
999999
180428
991865
183326
585998
591125
826918
333333
349967
888888
893881
602953
274627
076319
203362
881594
848575
525076
847541
268406
640155
238573
214987
305768
922568
135486
836543
470372
273569
792889
019680
605172
662968
602354
659962
409389
806427
008047
973626
380377
969440
888888
996817
022869
228473
505759
830572
893026
879582
862002
905583
023075
586453
999631
000000
878722
777777
507827
046415
227007
769924
068837
947105
818601
926319
433066
850943
847624
576726
468321
651062
806629
879002
278246
082607
298788
999999
299657
030864
384442
999999
882889
628857
637756
308319
555555
861575
813446
583883
564564
352207
000000
998466
059613
555555
104324
555555
037452
356965
938045
222222
190427
824525
659581
523350
555555
648508
904523
555555
504028
817615
688783
960082
028425
819721
265043
334081
858605
940307
482620
801744
098633
547981
187536
221889
112168
932685
938014
059025
433665
695467
680763
426014
829417
505487
900685
952867
581662
000000
039155
237731
246526
876107
722297
670087
000000
959666
414585
187462
588566
999999
003841
926690
053131
144862
983845
349683
894069
333087
179466
373633
952607
872463
204978
871931
418835
487896
237666
681168
051265
791173
889037
114805
128464
862077
909069
688887
392563
298897
873836
574217
997927
309763
838785
566080
202515
627440
933466
082905
222222
263561
090587
894871
666666
111111
531722
994487
893596
934125
188619
400127
161091
644645
464921
351668
208648
890192
072935
890426
517155
747585
738230
836493
489070
520023
505675
461633
114044
803187
467911
170636
948670
463825
391336
461448
631936
583605
579509
597936
818839
233963
899347
841349
403852
885375
309081
500241
000000
415759
503890
111111
251372
430341
824621
884160
487611
094620
815305
723152
043413
028916
899441
790001
211822
645868
098422
926971
031935
702036
634371
769884
863795
033673
245308
429990
079147
682829
376426
597534
926661
129551
497488
333333
044836
394173
580683
630831
349518
000000
923937
881913
243335
232057
402868
000000
351071
187037
522831
094148
187440
048436
668462
425847
528446
813406
533571
271983
123996
204596
374946
554758
742516
792839
901664
788700
929189
261949
689116
777777
893632
472423
897412
806387
258054
280561
010455
029588
864184
462785
097261
788835
446956
012466
460563
838487
128369
991728
034631
741613
941320
777777
686830
174535
083253
011366
555555
001525
087320
896462
000422
322427
888888
936927
888888
690035
291072
459371
249070
971923
925383
834666
239596
285760
496835
017962
402338
234615
827964
206445
369135
725621
392283
170872
010278
202410
344948
930539
126957
041722
886465
907014
604872
825429
630138
997293
583107
444444
863703
959614
292796
910566
902665
845882
936545
468936
978449
333333
046888
437027
115948
839116
423964
842650
403990
363643
911992
679673
428811
522523
998148
425852
222222
053683
444444
333333
482563
959279
710288
333477
259212
086566
919386
202837
424661
718903
093330
733692
460399
010946
287823
111111
026263
998442
777777
755816
901887
110801
257037
898455
902566
777777
379063
555555
877079
973903
272767
421419
300152
492541
105564
841384
815255
763884
004574
898538
084925
520841
644090
222222
666666
538736
999999
094867
084297
452822
334225
058132
222222
798412
253371
438513
619540
204230
779465
102874
874577
666666
768780
886482
503058
016546
054189
224355
999999
287552
777777
444872
458905
733331
602620
101318
323875
222576
103209
666666
061799
616175
202167
120976
643382
254041
993173
348835
759888
285422
102611
951047
814145
389425
403375
878927
905035
825505
613781
333333
253301
000000
703471
389012
443394
897617
738019
908535
333333
666666
422226
572893
158120
320965
821037
848468
302961
131903
480969
208017
895569
222222
103026
689555
477013
838966
792932
457986
390693
091288
753686
326058
483103
011632
148315
290057
060022
873707
062895
899830
982332
659676
089679
099984
921285
246253
848462
859331
348838
204703
468036
001085
083037
044793
056337
343082
000000
008448
638583
108297
590384
820219
081149
202532
018141
232173
602800
943962
284645
388989
084650
108471
832581
207861
277068
246627
132724
991476
942141
367527
881500
555555
594530
555555
880828
303771
273684
182053
023322
585085
952080
460565
736446
351883
984136
763401
322472
222383
068146
182620
579241
499162
943171
928550
926731
055075
843875
269984
224755
338617
670595
708969
350235
899883
229828
444444
435222
555555
193998
505074
395831
919815
495563
575051
465268
419827
963818
293411
300697
554590
159513
888888
942823
068002
030442
374528
405188
815729
331049
708836
166942
666666
112061
048457
222843
604028
848928
082511
521456
639846
555555
202836
919805
509676
399086
542985
000000
145126
097578
036882
894351
889282
734929
775835
202136
446841
184315
028478
168951
949068
128622
800728
478953
686724
880857
555555
002085
950179
922081
898460
787855
224802
609773
911965
660165
400013
463182
560323
493829
024246
856135
999999
432210
932166
644963
804482
691522
495937
958108
333333
368952
204567
405040
436684
216086
360505
990011
581612
247220
279955
947382
286032
070380
462178
148371
999999
007081
939137
085017
353981
303005
203320
698713
640621
548281
194918
900449
212066
771890
566987
712153
343874
791145
482077
333333
181052
780888
777777
361429
736732
267740
992556
609496
207983
947733
703263
289435
472338
946257
955505
480376
111111
068558
222222
592746
183693
777777
497711
449843
274956
872860
988388
660555
140645
859597
693809
893907
938207
640680
486499
561254
796198
629025
388835
321787
114333
039084
017504
092824
701933
068117
417535
886332
483479
666666
302688
095570
525501
444444
444444
813437
607565
849767
085279
979561
506450
629720
407879
257179
217533
477483
999974
765757
476021
893823
777777
000000
666666
131950
113636
000000
246656
740177
342998
873514
555555
222222
490422
829219
511736
349572
882823
112117
579712
249801
519331
342065
387525
000000
222222
441232
111111
672649
589840
304570
505277
553193
648690
991109
300646
180343
840612
954830
083083
787861
267630
290088
128429
193021
056748
262758
327143
279931
828934
406846
001168
901075
312429
663156
406428
995788
021216
329969
918676
673722
360372
232441
412575
026887
467016
181513
553584
378761
663930
278843
499976
498307
993927
099849
823485
560142
794138
360036
359342
999999
983356
206034
397577
612535
600217
339304
555555
335305
476040
098466
735801
776987
649363
206985
918521
389811
385535
272811
402632
924415
604624
111111
402609
006378
789673
239083
028547
330047
434136
111111
333226
232523
333333
817330
304486
777777
444444
248323
841461
228759
909142
274202
106007
543623
889786
659186
666666
251334
393703
555555
031296
777777
343228
408556
918599
814521
843783
009016
951756
666666
157992
288070
409964
076348
228861
469630
222222
482142
817421
555555
040333
098523
747800
291685
261990
043686
824572
364473
649250
690911
494472
519211
849639
120627
777777
666666
703880
167887
999958
425287
039783
788830
888888
512043
394114
998082
899015
550854
444542
630606
340794
062808
912046
061666
404551
068494
649211
041690
402582
932127
447696
680817
371546
597193
592821
488875
071954
326685
408327
403636
799985
184440
098727
872504
222222
948105
212506
559515
192093
304392
970775
224806
333333
501640
853263
978676
743332
999999
910029
966947
602886
641726
480410
153253
093886
412550
234486
440355
303142
020594
879446
314082
708023
120558
235451
255808
172757
724875
319470
934297
570573
240864
058847
039097
749833
403455
498947
111111
000000
702305
354958
606436
143907
666666
068361
430285
568765
666666
806137
089943
420392
524011
972386
923370
807041
356060
206326
222222
222222
283681
099522
209863
183025
994487
737276
759820
279686
588922
319874
945583
488961
057522
728253
182672
884098
094617
688003
343976
599670
907865
005209
737326
343882
179495
245284
893975
414655
443821
333333
333677
023255
548672
407810
035585
441742
232987
449371
989648
622587
335118
555269
367991
205712
111111
634463
578620
444444
666666
709993
035057
333333
060728
492045
609954
292102
707826
193145
994532
804122
308590
240687
826545
229209
682733
749982
350045
933910
828610
131556
593681
038547
577476
777777
073902
411571
880252
835820
894877
666666
540487
565821
440451
736865
319007
069631
497038
619410
686088
646572
353354
492286
000000
552643
490835
777777
243529
462636
709031
667088
594629
196667
138331
080700
177542
943496
382319
000000
104619
067240
146812
110681
036061
703821
433502
090968
663603
463483
985583
031975
391875
748270
022915
999999
099321
777777
912464
447852
893644
067583
000000
435116
109331
052917
333333
424342
453042
918375
882056
940021
454164
397869
361521
238272
668637
922220
031694
888275
880031
691373
997182
731841
401775
125640
309912
223403
980265
084324
333333
809518
555555
035448
774889
666666
613723
546653
781131
506549
658606
202279
022443
366766
069534
420730
829667
973459
031627
921203
872935
751894
093435
100961
862989
680919
281408
588347
129049
000000
067968
164275
593153
333333
426631
300851
988056
528951
111111
661209
991029
322403
730976
818893
310846
530536
111111
966987
049256
723533
133353
082602
858589
048846
894621
388592
661925
333333
336527
888888
982888
673221
220291
200641
932353
130649
012981
221447
929941
415401
667625
352078
920532
908823
390047
595049
909736
217086
353462
091515
851962
549133
111111
115405
880343
413844
340906
524533
498504
038456
290647
435429
508976
797389
878372
724735
234422
287150
815039
324083
903161
888888
914606
552872
050017
349062
083687
313747
386097
004673
490521
379409
653488
083281
593860
089524
668283
898621
888875
000000
035927
301543
372851
542186
263701
363908
411115
003431
300771
143185
593811
894130
403275
128825
069886
729841
290527
418062
489115
969879
131897
070720
497180
997269
160434
339764
800056
583622
444287
727654
613747
321656
370842
977013
786872
643774
983869
275771
504305
897084
291021
333907
333333
884373
413249
799921
325352
372591
236069
527725
260976
746230
341056
419875
209277
891347
734722
240705
748728
627843
002331
289835
308540
047676
589157
555555
804872
597012
999999
818926
310897
085503
486774
082438
725413
236851
890441
470796
812577
859004
394422
583225
159166
911040
013512
995465
309199
861527
212034
111111
690944
682663
252071
999999
873816
495833
413428
173335
457583
716085
823997
763883
222222
119503
434074
835728
507482
890687
434478
203693
674466
528285
666666
529172
852814
024596
135127
998929
421473
402348
493066
521109
252064
630658
842333
843539
321082
114393
335520
440872
953027
976468
939458
045632
419559
506226
090330
246443
854016
042776
908039
615596
083074
254291
333333
284021
961186
282583
233550
819176
333333
433666
294001
444444
561429
295859
655927
959851
020231
430885
940663
515816
733325
447678
005043
582465
973861
495620
196561
020862
666666
705963
202573
263503
913566
888888
484369
814453
925008
125241
362165
928223
743983
555555
284142
586881
389874
904658
784033
148081
633593
429202
888888
308985
304687
482318
328082
333333
822073
250498
304521
338419
957523
444643
004145
222222
207067
209366
376515
458467
666666
522446
755075
862038
851445
052710
213283
224939
892932
444444
021122
348885
528935
318441
999999
095073
666666
802730
184824
311202
247982
398894
337875
325921
108932
823869
083729
369642
303986
653372
492192
444444
649382
043098
601840
501871
857644
262970
999999
377057
764576
908694
675342
323823
234898
358628
878660
879577
888881
081138
549410
154414
452842
588929
863052
009906
372611
027941
494754
819962
229828
902598
256257
444444
500070
286746
979457
631651
917495
365636
111111
873018
999999
895894
478901
439174
289655
000000
211700
222222
909043
539595
402812
948912
855286
138381
540615
212066
888472
687156
526082
030041
378342
472592
123986
457183
109026
555555
898632
239630
089608
896674
977631
342553
602027
563970
737033
235401
938536
402982
790941
791125
041042
322567
212442
666666
833591
232227
111111
555555
753357
368281
382573
096722
678057
200149
444444
993280
484422
395908
659903
216407
034811
413479
539435
666666
987142
121197
210793
145613
980040
396541
230892
643283
335923
301442
180638
111111
444444
090655
942923
524038
469827
889879
063226
904427
013508
624463
343875
444444
037863
231635
724383
930241
903549
839747
541028
169538
888888
907185
585568
972995
777777
811545
097083
824290
444444
082787
922726
550805
360523
511679
290086
852328
521767
476603
082128
222222
423437
084651
612848
463493
606809
381430
143481
117434
798584
580546
163236
321376
486099
681937
210944
980598
111111
610076
894600
609886
302221
737139
524579
830664
715666
091486
291632
180273
846345
725845
428178
604300
218375
899787
580561
527784
950801
333333
679759
287829
692669
329465
630425
006525
829045
798489
875847
323024
650263
883579
033550
545962
500041
555555
536559
732073
388941
111111
987296
111111
900498
150943
428675
528396
668486
278066
788585
452206
093501
347438
468970
726995
967957
707055
669173
444872
462780
853263
588430
924213
215625
632821
222132
342015
999999
222222
555555
822634
200363
341857
989090
713357
286519
368731
999999
130347
999999
042907
956378
342471
819050
769497
860730
688041
205186
844625
028541
032676
999999
053765
840680
381073
457183
714092
851549
563714
446062
020438
774923
043855
590066
024256
164929
269517
083476
682971
450798
938877
000000
536541
187702
777777
422468
539881
322936
910264
365338
837592
284827
480942
272786
594352
494702
051844
111111
389252
828083
313591
949979
750125
888407
089177
299197
299967
225237
676400
379239
253450
339771
986772
991833
471640
709201
489524
135813
287784
184675
828515
971942
482068
666666
244307
315945
263446
543784
340920
888888
085485
528732
000000
310754
095203
018842
283941
000000
479823
960661
415196
537663
222025
063407
104523
111111
543643
244987
311955
258207
618457
218645
229208
949541
390937
924273
301343
435063
339695
043842
729598
333333
253819
666666
887570
085006
085097
724862
980421
444444
400507
846027
802845
349984
905173
043503
802972
940765
731524
302175
894683
936201
943857
243668
819829
475408
000281
564403
342091
620471
081040
712338
050831
103235
695795
888888
428662
028498
761045
664987
340750
812473
304026
368723
856781
212826
652323
385067
524202
685960
041055
353074
000000
147584
160627
438795
077381
895761
610552
095635
520500
700274
291121
582063
295041
403035
222222
808872
664407
663068
391340
621663
598434
927448
473473
952488
201046
090452
130836
725816
268139
444444
777777
108646
001768
694042
442945
557060
222222
440589
748092
444444
777777
576246
487622
235841
704209
728127
943055
663965
138869
164162
338496
155764
045984
493471
176422
584481
555555
390570
666632
139746
952386
222222
292536
090274
261533
030591
572049
582385
546029
490862
886889
444444
875842
555555
000000
647116
245382
541560
670610
517821
254915
305246
053743
348144
584493
555555
311047
990321
238639
990811
304327
712787
030648
193457
949156
133445
795033
094464
501920
068984
277294
459706
299515
100732
837054
141226
122821
191906
802377
025535
428937
089971
543151
773922
729082
073538
076071
028625
466422
597428
472453
649775
689976
933481
450887
503572
338193
782135
999999
326786
898207
495094
904856
084652
218260
590377
869732
819268
204640
060545
692559
235077
221377
713025
333333
448325
386568
051595
695903
000000
057003
868852
569107
205106
813305
390631
450384
032411
224182
143154
831090
492985
840876
690477
383676
607981
020740
277035
793240
404421
221476
659368
035453
312715
420805
614538
948776
555555
444444
303635
089077
302579
526911
291251
292452
600734
111111
102589
518850
222222
007034
969336
818526
886976
439552
084448
575741
003133
884323
934067
388903
254651
523613
239831
709976
981665
927867
598442
862881
084477
999506
278053
101818
806142
454693
410007
666666
429799
492099
781686
732661
858524
228416
804283
098413
443518
504246
491963
580486
976399
445237
439462
882296
444444
222222
426836
928227
821466
802099
596336
983466
468419
002242
102473
360622
048005
952449
438652
938298
740686
001234
555555
309509
233423
408211
222222
435474
644200
239444
373574
995265
269737
806902
560028
244135
089445
899087
170944
965467
725742
575040
699583
333333
222222
842029
729472
051637
368662
224825
531848
205415
038327
585735
257282
703067
222222
401887
532931
268306
257624
846923
500155
899892
210432
673585
223205
078595
589776
666666
743167
333333
950387
465834
240540
123954
639884
859946
999776
742322
927408
789431
465452
489477
842122
982967
812066
013531
333333
784852
199062
840809
011818
712715
274827
350927
899364
390807
410741
763384
732067
493089
270921
486520
719359
998626
377223
137026
558545
030825
588841
606662
322863
211637
825073
042533
095580
999999
039089
446595
666666
651182
382083
094337
011647
635034
720624
931477
900815
684095
627050
652405
867954
936442
978570
700574
585071
444444
007408
838353
958527
999999
008456
897532
332977
170331
071727
903531
303439
889245
647176
298283
279006
015685
322861
926445
277307
111111
465042
240379
303658
664269
199415
586690
701146
183629
574260
304148
494742
770572
002663
412990
192142
300128
229689
229043
740253
173465
555555
222222
759951
726345
313031
402679
631238
007586
762185
965875
437820
918082
012200
289531
777777
276899
063975
564674
877116
987544
928046
749306
556645
222222
421961
349013
791471
920838
004436
829846
252605
722643
751815
279084
000000
493845
382102
000000
302908
614069
751647
977086
693017
437666
406928
360709
222222
000000
944874
558954
911065
506287
250875
756773
888888
209077
299637
465575
439025
635090
025629
073091
292737
004118
807625
058577
010597
841479
588534
104056
782770
386607
830349
139342
981965
044273
000000
023678
234142
220018
072732
151300
452233
444444
801021
734822
741624
895430
680743
207763
397016
342192
497175
331860
516641
339130
290692
103583
666666
255658
989431
418570
768914
327499
630478
349768
999999
111111
944075
170529
982193
587950
816207
540313
999999
795153
583325
398667
995467
578970
707018
545468
197907
270017
444370
601271
890807
223074
169026
358243
522324
238674
644233
555555
164282
905454
152403
033535
252663
000000
264804
844851
868653
327533
955745
999999
834846
443439
690289
482808
646063
361825
750612
553430
241661
680740
872096
982636
000000
888888
595740
000000
981873
969439
231587
232314
119141
294201
530361
442452
080367
582824
039230
249850
559893
503100
478717
991150
690597
245073
242387
280172
138463
010932
731457
234487
946687
565945
698318
011704
092921
777777
893836
064201
015683
184453
141352
278845
138546
527435
062206
872148
678527
209168
000499
925423
829523
558531
819433
344653
875037
510503
105332
666666
863931
429709
075830
333333
341652
045400
728653
999999
999999
681949
400451
409847
965592
906180
772975
536981
708707
903649
863077
390895
039682
026547
046692
612357
078789
802565
657171
804351
668557
033425
509426
481589
819023
958952
838862
359422
434461
737091
723032
022203
480810
449346
673840
436643
123196
144678
019949
898722
002136
199032
621555
705956
835580
898039
057441
272674
088320
399569
928897
244712
849083
539265
103843
802565
338895
968077
287824
898571
368547
995133
820932
929535
495633
733814
222222
902725
235533
666666
216143
457235
306929
650181
333333
469943
548988
254555
333333
428521
956976
888888
444444
000000
182531
984665
177145
164653
444444
376902
661462
483869
483907
526222
215617
015772
888888
589933
340811
239035
821589
888888
736116
033698
441653
328817
923918
272976
280589
243670
422968
111111
888888
108691
502631
818067
757576
385262
802872
013005
939395
909459
345645
228001
346873
258026
030674
956335
432541
299174
485978
222222
730259
330557
270803
590085
684631
017235
443427
202481
038437
088726
621129
410677
665526
358383
386745
547935
208142
266174
482811
288752
527427
607033
660342
375940
484949
324022
922997
794903
637617
938103
073866
958281
230477
683335
460574
531087
400169
971048
060197
727630
097360
419332
444444
535446
829893
289560
829430
690857
049377
028974
049478
329896
312186
777777
134549
332942
759797
239333
996163
034887
327622
400134
333333
399826
012221
992873
797371
833920
583834
423255
377931
442980
487045
405051
833787
684432
359863
498465
824095
333333
657039
979670
898041
803664
787563
000000
981783
396285
999999
792458
469713
819417
950445
298365
777777
151919
934579
498047
930155
836623
697366
774562
555555
880141
189383
030231
875050
429666
111111
468420
035726
777777
140965
434530
990265
473623
853289
130540
449572
927065
774030
565856
025272
328022
883417
913444
665891
788268
999999
233363
663902
963505
777777
521628
806015
872325
884862
686651
054803
183894
222222
474033
222222
040646
734671
956930
255969
794692
489730
003085
458366
027391
354852
426841
777777
629843
845276
818498
733837
397146
270963
891560
648989
338929
418074
499464
834521
123684
874872
707162
293622
973970
906903
934973
938209
597385
597769
173536
478064
475527
777627
092289
822771
643278
951539
444444
393884
111111
199138
910464
634101
098826
289554
423046
555555
733465
744613
222222
759323
999999
239559
831175
359163
386532
376251
222222
092942
281732
148760
468180
295557
259322
029343
222171
659632
309625
319765
164849
902485
200571
284586
907767
652540
010521
111111
956971
777777
095079
705525
558550
999576
566320
562629
284835
862461
444444
352805
289643
658036
364054
943739
119092
880066
929292
206016
853040
043702
158087
048415
662821
380022
903725
205753
777777
111111
555235
938568
272915
888888
701872
655226
089446
742633
999999
948718
067878
222222
645582
024365
057675
892631
481565
315646
360135
588633
333333
552387
231490
335152
755963
309955
841185
996636
190983
050762
506473
111111
851036
055852
695819
240211
431101
348458
487273
832752
452740
940920
955428
789935
553935
905840
904821
836740
481615
118453
508907
303664
184090
999999
885163
542650
834948
527991
698833
464972
606358
263395
331477
882432
487977
890503
140502
319222
698835
119912
782355
603557
071167
767086
136475
891991
189790
504926
111111
760381
400086
111111
444444
959075
999999
081835
309069
459723
040822
787343
624625
913825
733932
970670
555555
904265
228985
666666
403085
348665
236730
207506
006462
484633
545703
263739
649362
455282
319493
403042
070641
046083
710341
914225
876202
888888
492912
248847
951788
777777
554237
679574
234146
722485
299915
259349
548417
333333
918531
104926
135692
833085
343077
699232
454270
780715
935461
246806
790761
291573
047463
271825
842066
579073
019215
347985
528578
775476
120849
368642
819246
187136
020251
047421
601543
948566
457377
078665
886770
054491
894820
970446
781324
444444
580626
492420
442072
249297
892023
703678
232785
331476
306894
035915
555555
922063
048812
012483
890778
874317
444444
036669
572202
935699
420063
576922
111111
975391
699739
833275
083338
961377
376079
997764
947471
346008
713016
000000
296429
380376
990540
777777
903405
844473
082663
916539
432576
843923
984487
401492
766937
606411
335727
217552
333333
645531
651786
228095
821498
034132
218723
614825
222222
444444
520270
811798
625173
880728
078676
659078
736227
211913
615060
919430
055060
841971
714047
070559
666666
549260
799345
159910
461684
680081
903481
024152
678534
702851
204745
738468
361632
763831
451723
801952
333333
439539
233911
555555
988627
292323
917883
525111
931565
432235
392158
000000
039979
950677
059371
777777
995560
111111
253667
388068
691486
543338
333333
360662
316225
204783
291302
388385
559863
924521
383597
968574
421420
470531
163763
995983
209940
385446
406878
293083
078279
414440
641432
819857
576481
888888
302493
333333
352501
069797
863785
034193
225373
333333
285641
352866
222458
460762
236012
927173
854498
999999
097622
708039
731903
935597
887153
999999
428466
870115
237396
877728
443861
320182
368478
576575
863872
349788
739498
000000
520836
796524
333333
281382
198724
537354
446615
302817
543939
234443
085709
028084
540017
346685
828505
164140
549487
561234
054820
924072
298835
918591
592708
079465
444021
983357
356533
983071
789153
006080
284457
886063
555555
820876
410365
983847
991047
685032
419964
841536
888888
882649
389951
930982
929540
422048
709572
843951
392060
322023
502458
392152
240255
142179
794595
444444
444444
074183
313646
987473
624939
522986
097766
177165
369651
000000
894923
996883
000000
330122
340307
154211
204403
188564
169635
835104
652037
886521
586340
030487
839742
000000
854613
606329
442276
901744
895171
290371
390887
999645
824627
395003
224040
351949
666666
838332
021510
340027
175726
923920
888888
593318
721036
252975
681687
163782
138136
827686
803647
464170
399331
662637
262570
259524
339677
743427
803316
330433
920620
796290
923405
932185
033164
244362
088743
348253
732065
976964
379811
600767
116621
198257
479673
375038
552446
706969
354080
303118
630578
728131
724681
666666
389017
419925
447974
229233
043685
822703
577326
843433
299981
768172
687075
985586
619574
041123
468538
294465
489586
088817
135033
040437
548922
092859
969287
999999
970642
744356
265962
503683
035437
777777
900386
256911
315270
669749
928975
809561
838687
102937
483248
483757
027395
342699
188566
805889
484257
589614
693033
409842
000000
115635
345234
378387
934825
985099
339546
438664
799480
295683
288122
339882
523215
888323
701461
329148
617627
207946
966217
694562
886030
222222
096012
684789
025286
719545
999999
378238
003427
530628
267887
653932
609658
000000
282011
888888
666666
443940
000000
370987
581738
389064
151715
433683
090976
888888
841811
948989
333333
345993
483941
495573
888888
222222
857363
202243
333333
664281
740956
060472
308275
463569
203071
348243
222402
536587
260661
447983
739019
462503
971520
764294
489263
088846
331361
390101
942728
666666
190026
420763
063762
258993
058235
218885
358523
999999
917278
367547
320065
682612
924872
858445
666666
720486
509425
641520
397656
809678
214077
459725
276645
217904
096939
068907
081370
780870
888041
548207
682930
188534
002601
975835
933233
229801
424295
743968
342702
456032
888888
656025
504947
972519
042266
543265
688879
543090
339524
316298
744043
060942
844681
314013
190407
924884
044451
555555
923283
275042
285713
728636
096887
623428
882467
333333
758481
444444
086507
537699
991766
015570
419032
337434
957546
111111
444444
959035
758077
222222
799841
015539
988804
593970
713908
650556
996440
912095
475341
844530
260290
842711
896641
999999
323779
495634
638438
080633
927493
985567
432166
228441
784880
694140
568842
069223
984555
655597
778513
549137
409102
198480
589696
648644
314376
483482
880565
253801
131769
068545
999135
497360
123940
158812
057887
900480
549407
862165
755157
318671
884938
732130
099662
630246
888888
834817
962072
999999
618820
444444
315097
700915
086885
841816
288627
934358
489329
533169
432781
847025
525911
047882
368731
053832
555555
690280
258476
063548
403483
239928
438568
991888
085362
173567
146976
897414
069740
003561
948021
557270
243251
555555
324661
607565
779699
234412
052323
170493
262935
095619
249361
388112
533687
763213
755433
929899
783228
390128
586455
035776
443046
995245
744218
094788
111111
599165
415632
342155
773856
045015
329169
209827
992637
857027
112892
925289
138771
999598
602016
484223
991284
958367
895295
193886
402684
404076
949173
966929
000000
532536
674237
025136
438820
206491
393636
023866
033129
292021
229083
215148
098252
235548
553277
595567
420405
957433
839831
293963
808077
337822
693576
246940
406575
708909
975762
920228
183690
847855
955431
483688
335491
373868
588226
921385
624044
929329
012077
202541
136971
992722
448095
625332
086039
094970
805403
145588
786852
920983
884671
998872
633485
769140
988610
443757
145170
863278
577511
666666
087881
659622
888888
555555
377583
846868
018391
999999
433537
030996
822983
648059
203508
960926
580875
203836
832131
000000
252847
508540
505623
559510
481262
089981
256901
079622
277041
800835
416224
518579
122897
730467
962982
809980
909386
309301
904972
722467
998292
378826
857759
424436
309881
498483
953471
361760
999999
890691
720903
784335
220956
851497
811861
173217
396969
509442
254559
847884
280375
046876
093554
962524
555555
126893
842118
249280
207295
348579
547731
401164
708099
093970
283168
444444
489617
391287
470476
259479
055529
604405
000000
584362
513204
496828
333333
373832
908847
455465
333333
555555
028087
368075
583257
317632
887752
204004
444444
619486
123795
425935
592745
536187
649857
111111
095091
593937
325729
024361
387416
543597
448420
333333
050055
858492
304618
328934
054083
884824
914075
132568
968970
333333
479664
202561
097085
101658
621791
325661
341685
444444
529449
082336
759842
908772
435961
708696
383011
208033
333333
061083
930788
409624
834214
453485
005700
659107
602582
824430
893276
080655
111111
182870
444444
210545
033620
888888
444873
666666
313597
274602
742022
585282
912930
894941
282021
886459
360178
119517
928028
444444
111111
037835
316563
891685
883786
235426
225252
853836
888888
121993
895032
123624
143763
284206
384424
192257
739422
596216
073663
954450
343461
231436
007415
666666
990641
069622
599969
859465
641247
444444
459946
928822
566067
692331
296877
643634
555555
027929
909089
633629
404221
357618
222222
104626
138477
190343
102663
098096
933441
663293
339269
758975
020863
004275
684940
902583
828210
104225
491689
429914
778931
214614
339675
888541
920572
368331
436966
000000
537473
264887
019084
100667
333333
392461
905805
364516
528872
305234
367871
888888
978681
281080
906977
033828
792611
068698
902542
344660
199665
279689
171235
272685
495746
824676
904643
670013
874109
333333
009082
101825
231946
283861
452515
000651
386849
929342
860064
196909
269472
052855
725852
130628
773814
397965
333333
003086
333333
277605
834815
258632
722589
641428
555555
790484
016524
837083
679010
999999
555555
993048
647937
032143
662121
086249
161455
176261
840183
333333
386766
271253
229965
000000
227500
733237
823833
888888
186960
054920
541024
495681
333333
999823
480803
640897
990795
454449
153262
993434
783719
263822
545429
069066
210437
111111
987623
777777
258939
960432
774807
199434
299647
744666
073796
636085
444444
204741
800811
584046
593777
030433
399397
794286
502063
789974
111111
409775
379646
000000
977051
888883
444444
094337
187839
364108
422645
721082
866045
847175
555555
529458
298606
310109
830984
148341
839033
312216
030993
777777
786448
999999
022455
088633
773842
208795
581524
839917
444444
782074
482424
592563
886759
300048
014509
999999
084004
186542
950686
697453
442308
378163
829949
818321
940558
754460
123622
777777
742821
700934
289651
573887
438266
653786
360632
129417
480593
687747
680283
172746
210643
505282
202323
522373
005471
329727
777777
036094
630846
924209
889784
306295
286227
777777
518332
658584
050437
236072
069588
066674
072368
374057
583191
888888
844584
999999
508507
312025
619522
214073
806917
349257
034435
512441
094567
604681
293214
520064
469587
956273
720463
836521
309530
790527
952486
832673
264232
890475
555555
886478
396563
329584
834225
852470
943951
732927
210222
285115
491878
166129
320153
880678
164163
987345
334390
333333
999999
073450
628265
126657
318951
111111
884737
434007
225382
186341
240013
693556
944936
590607
289960
629342
826720
222222
979920
970892
655885
253275
906423
833139
927602
393361
095497
268862
850880
793696
204378
904683
620307
134167
259594
841586
442370
282801
656110
472790
777777
030463
760734
477510
888888
009262
998525
340064
921820
220846
674612
594488
111111
014977
995855
043666
622936
704389
631042
264496
308569
923125
534807
164462
348028
230958
605799
977866
211643
232635
714229
053785
777777
292486
930559
208921
143600
194683
947104
559803
197672
787006
455186
488685
582068
950823
543748
666666
492125
589826
509884
859371
169253
720724
178122
211646
831042
227036
385355
888888
444444
571118
888888
943932
846034
804270
884742
859551
000000
403707
834876
672567
247779
577873
845010
555555
254846
419769
452972
849425
111111
555555
540453
088563
784641
401482
346941
422629
162775
309705
308556
534663
022988
187800
388002
342668
940125
170421
238682
298970
128611
050928
709857
327447
758245
176007
709669
328046
097341
586070
092895
063869
029575
217465
701348
088961
729642
444444
619293
263034
469161
339531
231089
003841
944097
820932
927030
015123
573724
891623
040865
860977
229432
206446
161088
035866
315722
674940
680440
260841
601774
882065
769987
222222
749362
166483
490761
091583
836004
625152
386359
095466
460383
852903
888888
109828
100453
437423
414298
487008
333333
790942
737883
094890
434337
109900
195279
483520
509690
092467
269539
620142
350933
035973
633006
048962
575489
923633
789531
617438
182701
958779
396626
948867
309014
292136
445525
708619
555555
942433
142922
486663
628687
693146
436027
802357
555555
900766
437285
896891
822918
863967
520141
182623
690653
888888
666666
996032
446570
423292
340837
176992
392884
499148
639233
419897
275419
199735
854891
530448
959785
999999
666666
963888
640471
495640
350970
318782
333333
050622
999033
722486
243645
923803
683145
404271
932021
244070
777777
487042
818017
693142
447257
119529
224944
834506
384346
861943
757966
311051
240965
433919
412774
865571
377602
484965
444444
014136
164931
434532
842329
266854
000000
455835
632947
115648
829881
739577
211990
884583
040470
799054
220653
277876
284825
220986
191972
033405
081460
783021
426245
790915
084343
329645
871978
850565
256739
943629
952573
229893
847645
492161
242257
699461
024809
690271
210009
523471
245413
723026
555555
846542
310824
503404
888888
502582
085082
792523
463846
482750
741006
000000
930470
454483
406441
129655
854788
277687
988907
061322
393275
145100
333333
344267
945009
634526
244407
230424
303285
444837
555555
299517
341037
959877
313687
111111
017153
480097
262114
353387
734488
582983
888888
490683
485430
749575
131985
145507
289028
813386
555555
444444
488800
150983
000000
533462
284647
989884
900170
222222
000000
164452
306279
931604
836878
999999
212327
918927
176828
307088
208514
890731
772417
136524
124883
333333
545630
069371
481539
507117
599125
718385
357622
782529
623576
711857
921576
292676
628397
085421
042722
992814
917602
074535
460149
908979
026113
388987
729548
894503
152408
381932
845400
488673
242235
249001
590833
222842
113136
892145
906345
015081
880062
857545
540487
863667
609852
142147
712809
084815
067585
910655
444444
947347
599189
249028
490085
789252
198793
920628
994917
073097
209165
888888
847776
800574
280070
788531
222222
522033
333333
898705
472669
455780
774163
008245
279433
498975
688042
419851
770724
971715
093781
264965
869309
666666
803915
640366
867071
382729
358197
945809
194591
044235
666666
013811
278739
999999
275114
242829
100462
034225
204061
409864
999999
775082
916672
222485
220121
939285
344922
273701
802783
446457
227321
492001
359666
276571
577486
243641
146477
167275
999999
111111
845321
292467
749683
417589
311782
165625
817245
620471
899852
920061
558973
222222
089871
342360
907369
364682
298283
500912
880112
777777
404865
928765
684035
262463
390293
041795
946469
422253
497798
999999
288097
308671
166065
190101
101548
502478
536070
256737
888888
883844
999844
618247
472228
594645
161927
401536
233482
893521
388341
219342
431378
755436
960638
094412
999999
689098
748800
000000
202033
295667
451070
600002
001933
663837
222222
230169
743444
994754
381915
750743
871415
469135
082294
003265
743223
661914
450744
897003
595884
204431
131975
508448
463072
359869
462195
453729
349595
902185
038445
132727
004741
749651
188332
118684
330296
894399
693979
440295
290747
634251
333333
720637
546035
111111
916501
515485
810834
526926
840237
462345
332305
546494
083427
809482
000000
193490
048581
842528
101944
137825
094821
482425
870994
042181
383653
222222
917633
327906
394967
097240
309429
393857
364126
485365
090478
823502
777777
845816
111111
163424
926773
920946
439312
875102
235882
835871
942113
888888
033626
929503
702679
738543
697272
313545
026771
393570
368007
962178
206788
803517
217541
238925
222222
909811
222222
254505
141246
300957
048526
533919
592427
523489
023702
073611
299941
810684
835216
411572
588667
880620
830748
015964
297114
593918
757397
227308
037371
729366
952842
463886
106282
401822
438167
893074
422848
904383
002952
266442
111111
430445
382467
846890
585021
453943
999999
998609
263620
990706
716531
875270
084546
999999
083818
938811
487657
019253
574535
542771
807404
672688
482387
089222
205188
505606
920472
846379
077197
666666
288894
348298
474070
507767
777777
647421
132940
252890
999999
688434
532846
934532
388172
400525
805604
906593
840361
598246
182602
333333
555555
802220
582831
844860
240944
244251
818448
097783
170854
999586
635843
421871
547845
021030
981081
334606
055815
948472
183306
434862
856208
482538
458411
999999
295532
906985
251443
364447
004527
589687
582138
222222
666666
468788
712140
621694
892662
374429
246783
898388
884636
449243
432969
166076
721933
736125
821536
066384
268659
332512
683416
315776
421532
782520
084547
444444
643368
038849
884981
436892
318481
684268
777878
223931
535148
926671
994322
343643
347522
055422
002037
869849
236042
981486
555555
111111
341676
340725
840990
529603
286382
098591
438600
555555
824192
843642
111111
954396
999999
420237
351912
026518
993841
471511
458054
275705
268158
048442
629567
489065
442571
030923
188963
346026
823001
603735
631894
403721
903866
935187
194587
610621
546077
105309
441285
748998
999999
188891
874982
827201
640018
305485
300911
887745
240817
060473
578221
208422
964631
484554
349490
703495
154096
318956
832888
283031
666666
200516
769038
223252
119617
296008
428942
068519
747462
454955
058896
382703
919910
409541
066964
898943
300537
043975
905300
290526
555555
470322
888888
514594
654810
454977
603863
469121
328067
999593
620030
999999
489424
522612
160436
433373
888888
484023
111111
359333
504691
384674
111111
243728
480948
125103
023997
486985
836048
369217
282970
075343
898025
885167
036191
684136
469669
197666
454707
753069
444444
198382
633697
210532
392803
694208
943874
819863
325581
918525
803614
931231
647827
344435
892683
058726
598003
701811
702441
350042
229334
236568
985081
526656
088442
644765
384841
943816
999999
444444
804912
111111
999999
948314
276884
369535
443433
852472
203005
933652
723266
080874
249915
345520
818258
000000
125684
659413
778667
908335
979970
694296
491010
018410
974866
283522
389976
143687
188270
683848
806071
704412
615579
935472
493282
099108
436421
380473
041613
264705
888888
339060
050215
136652
777777
044757
031069
074333
111111
021539
632621
793081
036072
459132
482935
936912
756887
867453
672870
772195
954640
592802
468448
494883
607253
853035
064614
999999
032945
044541
989043
708401
072035
263944
288951
143571
444444
061825
680662
678515
269231
326778
945155
108634
966004
022001
008554
077460
222222
089085
111111
934067
799517
365479
340445
978421
475493
573720
038451
423979
777777
679661
850721
240930
310489
102132
502906
111111
640135
961435
153895
778429
186639
021844
031557
398562
066767
696639
400038
388537
900021
111111
287321
914051
333333
104994
508322
094780
881873
357667
352347
337831
809231
999407
990132
032352
938126
374579
781638
999999
888888
897804
507560
002268
047165
032171
416085
999999
979225
833847
137837
464887
328926
964463
654518
525449
211425
666666
852100
278728
142405
605598
444444
472426
298899
297253
549119
809523
364773
614901
631514
414736
280973
473034
510995
743826
295672
324551
327844
296296
999999
222222
439952
375836
295485
087945
561237
309703
254787
456636
914874
642133
572048
034581
520773
035302
702270
917030
348746
327928
469135
685642
423541
900668
317860
331371
953695
202073
479944
360496
825547
794072
621776
967436
413511
641739
182031
463372
231843
378475
133667
781531
232953
816885
399238
040322
823566
490548
812622
543602
444444
295665
777777
588321
384565
002020
049430
578424
986414
777777
798508
370487
818446
338983
855032
293388
424121
892744
340632
386823
024825
482534
777777
203514
117089
138504
407338
498902
447396
947619
981062
646749
311072
520124
692905
555555
391983
313737
703511
034821
433128
533736
424793
470296
772619
996414
082835
230142
819086
987591
990122
702560
222222
432043
359911
259654
404162
919722
157417
588431
206922
484548
593700
961179
967221
944286
438115
582375
333333
439993
687220
821787
710422
027022
777777
788480
261460
422137
753641
854858
952457
908661
554361
442023
996142
238124
942891
079408
253127
484588
567582
373688
234961
856668
777777
984000
835479
544626
744166
285782
666666
128882
587207
040405
239332
333333
084694
945520
864242
999741
099626
060828
796327
474433
788593
999999
555555
373487
152606
111111
638662
884148
938257
312224
624476
401055
275497
390577
969036
947636
008441
338514
890552
255838
361577
484422
706829
055930
681344
822887
192940
371238
777777
945164
220535
283704
953781
393187
282671
538863
807657
205355
684249
248042
139122
300236
493060
666666
456585
343658
272808
321640
142922
850636
253373
111111
888888
383421
566981
676546
698103
620443
023869
170085
444444
362542
667064
908832
890925
102399
069003
389786
425177
778146
601442
180047
221512
159974
897671
566432
050063
708064
481522
974876
332469
759444
803564
968706
902660
808402
190487
342971
100472
890671
023675
957523
028029
003083
103928
627587
958837
527516
859843
856246
085092
305612
856018
666666
888888
028522
884015
539308
126973
929562
000000
334177
003095
726835
936086
449092
362574
032566
903213
303697
672896
196427
222222
844447
755265
683038
155816
902655
329554
975022
483640
938424
851418
532240
788840
227456
325131
534969
397476
546039
628946
569414
777777
272472
555555
648305
374981
928221
267239
021989
556407
601092
275256
388310
327539
333333
990565
020026
158556
750430
328537
698166
149581
444444
088036
280018
573077
184402
024907
695851
634962
936450
698095
718511
004646
784463
270341
491807
955357
429233
444444
269431
730297
409637
184946
849626
324581
003384
244432
574241
020929
508919
212737
177247
937129
415876
970465
948911
134569
222222
270711
888888
151951
061978
317495
284239
302063
438903
455623
111111
701225
732936
235331
561392
338005
625677
349761
618460
477356
105128
809257
521491
701329
921451
686083
666666
789687
142336
952880
992488
285850
270029
539301
358187
235722
644616
056026
255098
580399
420367
978435
135210
969065
019866
427984
222222
624850
807072
805491
441495
031645
980974
658564
792413
787819
306122
824537
355597
444444
679499
487722
859332
608768
222968
231946
948144
116755
444444
704951
509095
489600
948315
853251
487382
532288
408622
725667
810973
983353
150610
947820
968591
812981
136587
888888
388877
118568
488235
551969
733770
188337
646027
524541
219423
291686
075939
312345
143535
555555
759693
305593
209550
259521
395525
338519
477923
680627
170923
697653
444444
369316
888888
509904
637866
997534
848026
072643
343627
236111
240665
583958
646832
583576
337207
104737
991663
222222
204953
242625
777777
488427
444444
730263
093055
000000
862064
993884
025036
448130
915537
262544
797441
259673
664957
641919
098602
696314
909980
993646
552583
002948
883809
264542
217447
213506
213916
893662
772631
652447
331687
510076
895328
124923
494479
158849
173891
425101
006531
487707
942757
282475
033563
993663
089654
000000
245428
126722
429077
485861
074965
227490
879388
002801
347072
163506
777777
186835
928337
555555
359602
349961
658341
746886
920272
784446
026758
339516
090125
555555
308271
442822
246351
086881
463840
232742
893255
401925
157869
535460
718674
649797
198535
499688
188102
555555
998688
980476
847089
336972
882442
939045
880501
482742
309807
346922
744807
478179
478323
149433
850940
023466
288685
006546
225399
327435
838493
381717
414085
103731
917458
344912
343965
936356
065453
557615
609443
793411
250237
945312
926973
635081
004639
180798
888888
842947
555555
720493
348096
595941
520085
975874
595011
562873
777777
430513
093532
885218
773435
855119
698907
144307
818071
073841
780965
634694
366403
774039
077221
921923
826413
630422
300747
898260
881935
800368
456395
600324
001743
999999
612582
642129
846690
090779
748279
226395
888888
517931
917073
425690
794607
831885
938547
444444
032089
136686
491542
949023
770185
543471
239584
841457
302626
739686
808418
423807
348115
489567
080157
133841
505459
849167
452423
991450
156428
560883
000000
013228
248013
384281
983063
919887
602927
944421
232672
037764
058491
928172
839606
627226
438005
123142
447245
003588
080048
775067
165527
111111
136376
923010
637814
299587
204014
999999
817497
888913
088029
345879
358851
648117
395937
620656
997532
478472
444444
148399
664667
816783
134516
718044
333333
425906
700934
624443
429030
354266
792221
333333
104945
962691
856078
039650
868485
689822
704939
031522
495772
937826
942811
323680
800944
063564
000329
208930
637096
158772
813712
199937
894318
111111
992772
326470
079946
853921
622846
597485
188501
145965
225777
853221
682916
388342
742474
677044
999999
751355
668825
967976
035252
953288
885011
886177
116062
288861
414939
909876
320317
005096
770239
285753
479089
854914
191211
424670
847567
903496
927349
333333
506779
808407
110933
667033
636884
810086
892973
839395
208019
333333
222222
380843
323484
468406
066864
388463
404402
999539
498924
004383
000000
604405
492742
940941
094920
554985
239721
253815
000000
578968
444567
743599
493639
043948
432356
436129
652990
888888
440232
952061
138348
444444
483651
154573
086772
123532
259852
881487
289173
724206
757045
230161
539118
122651
223930
804778
833332
999999
102214
388871
313056
543195
905139
839692
555555
801399
185638
932583
457644
941270
823940
499832
986287
841755
275961
444444
964904
882091
888888
289063
728933
543769
845967
242889
097618
362862
888121
228754
274581
999999
647840
123779
895736
083611
348521
852022
222222
876879
666666
384817
256366
877075
901833
222222
876731
808712
980472
387661
018953
342848
746053
914981
362647
495941
149725
396445
586143
908861
426836
121372
418670
043243
770129
339500
745788
892719
000000
810331
302145
613026
250867
999999
887018
777777
232682
475167
879513
002748
222222
816798
537592
801883
988470
685572
852533
142526
734447
142112
718722
754512
228072
186296
538953
758845
644966
087813
429801
945547
333333
620478
218322
133041
555555
466941
998085
929441
936120
111111
964844
406831
198611
157619
999999
445623
308563
069798
442069
654868
403120
168387
147193
057420
777777
767377
451065
071200
997665
981525
329875
978771
347365
871049
444444
902978
232925
070496
273332
111111
240858
498971
015281
555555
942310
036637
393554
370788
393973
098065
441629
556087
139078
551077
947434
867801
023078
493164
720092
872736
000000
476801
940634
693992
638638
555555
448465
527866
868375
941984
184621
111111
369977
555555
345933
395118
249282
208388
472091
420630
525854
082824
389870
051673
888888
020810
423218
950826
666666
057013
111111
955678
093124
394382
599292
093972
384671
547331
344123
437993
503184
096186
216301
082584
799476
143866
823726
306592
477836
044064
754957
354168
230185
472686
444444
649553
373146
236005
504995
257682
269622
917308
216976
732057
240571
413497
827036
222222
851913
290636
948721
293567
234607
501069
536916
621283
444444
841987
936730
088615
122645
021999
555555
863412
594774
770578
294175
883997
666666
830057
832397
219512
985603
970260
444444
842640
987049
222222
972437
005572
690641
060964
093592
184841
301455
095337
418441
119293
011528
634063
000000
372801
144012
518255
094063
792005
851015
759433
541611
551343
645225
923483
034966
758754
446973
808003
868405
440806
083063
731843
407261
000000
911370
111111
092565
074722
777777
258346
434824
818547
327669
333367
451621
956639
555555
422477
625937
555555
825908
362988
777777
875945
331551
016588
085961
282322
977397
666666
734816
489649
089900
932146
833778
444444
764234
340862
333333
581863
944636
906236
030765
523437
212397
530688
653983
615305
456361
897750
000000
433430
121014
272244
999999
927200
028097
438794
748292
223017
054671
186834
898410
835524
372887
306036
780467
919554
821625
168659
284272
984612
239590
143952
050065
111111
111111
666998
108580
666666
243801
304668
470008
999999
940251
948835
728774
190354
000000
345091
153755
286632
604872
320422
824452
257564
055415
813336
438082
056425
383937
777777
829883
444444
192476
007113
844920
994439
222222
144141
498643
213467
788981
943563
857112
942464
470468
995479
112505
727471
786647
025447
049048
099876
928622
218812
824354
777777
234238
181060
222222
232093
319914
998998
292438
665978
628376
469934
946927
124129
113062
999999
925585
454851
100664
452007
103885
110387
838672
878029
791805
370964
931861
222222
228168
320680
132612
454097
397634
013923
467640
083523
894392
778582
246849
743202
000000
134235
032497
777777
333333
208462
825623
694126
635962
999999
821867
068485
785769
648702
833642
318435
037053
307856
223029
358998
382546
393429
570880
034894
102445
185463
195077
699484
272911
888888
602658
903840
894996
248696
403682
243465
514189
499174
392245
649515
624571
689628
584367
239416
058420
917566
673994
050230
730888
424957
153966
923663
893388
250509
059905
315685
499431
371791
111111
902369
858446
993227
054805
033592
922947
416303
780554
888888
007515
463043
264837
975114
349269
025573
422913
757470
933015
699574
208986
269739
360685
008949
038475
758621
004422
053010
338405
653503
018441
741212
269687
999999
494342
444444
121591
082575
906695
833946
386581
491112
269082
555555
808662
838072
142943
409171
318755
208182
772924
222222
592650
401653
758166
888888
454167
273877
765668
808765
444444
337936
418973
010387
944368
964405
555555
319455
198657
030583
849442
888888
000000
497776
149503
333333
084066
012764
999999
955947
938838
888888
814948
419551
555555
432777
806139
320028
748848
184965
424333
353688
589348
384675
455535
891481
815778
343576
003546
078749
778010
248388
406145
836632
595131
232127
874467
458533
499685
982963
078672
341474
923285
028961
546051
201503
313677
874967
426424
836852
666666
284141
050117
767046
134860
869674
923169
205996
241927
408320
545170
444444
159187
148697
073224
250572
800078
077690
222222
254721
961560
593896
174296
332335
679983
085342
598201
882726
869818
679603
540439
555555
800247
888962
339911
794888
666666
156834
994080
714536
743593
481783
407733
414350
906849
412609
305426
413537
235881
951541
222612
043429
227075
265745
911466
264931
666666
363288
122892
036440
596931
253346
405535
198108
024811
253737
893272
222222
902306
306627
907849
389670
582193
888888
192767
742585
969501
669497
931483
923627
938833
777777
888888
491604
692282
854091
019380
941384
821979
888888
908622
325352
666666
040555
237541
821823
170883
816013
333333
990786
688015
082182
995892
392804
111111
873965
434332
589633
078417
932339
482262
048684
063188
708345
453398
521183
096815
100320
362728
929025
243487
243781
705624
420975
504029
963565
387055
760776
415661
803686
666666
104051
202401
429698
385461
828641
059617
748542
924945
906981
013908
949231
147004
668517
763385
463757
420142
904542
815672
505959
327513
754132
111111
041898
999999
207875
401167
111111
289033
856371
329566
094415
010992
960536
748903
999999
591683
510471
586977
803762
444444
314971
437945
260592
858271
204513
395462
819556
070578
308922
165656
131932
900503
353864
764255
877438
888888
289344
655708
418582
742783
407022
461800
080456
803786
987238
733416
598559
423011
749842
791329
977647
295610
999658
378428
684519
888888
258194
114732
733545
821273
452646
444444
357247
024436
000000
635658
193442
770726
228641
069263
555555
545644
431005
666666
932894
472532
234926
738045
952013
162505
194404
386529
927080
329879
186605
206062
420686
975411
888888
594946
541797
226576
822620
888888
895687
941276
292882
822203
078722
289439
888888
333333
243427
004760
482680
105021
974386
626334
136475
605500
172578
949410
878585
147515
888888
036805
731184
040658
378902
705541
827537
087631
312374
448972
868563
283591
199169
429934
722561
433866
822442
333333
409374
313429
015047
222222
973725
322425
222910
458466
402360
453481
895988
084875
781499
902613
866522
781214
606568
311911
649663
491959
062528
238612
304731
154096
839573
404576
975945
082086
990846
694203
756581
844577
042531
820947
999999
706741
395973
358690
668964
049897
444444
334022
690565
558236
254779
329026
333333
252964
433574
031745
759872
891842
709949
793050
883394
432947
729207
620684
429643
777777
620114
489964
589081
888888
264701
429942
345173
146033
354403
433576
882777
458640
642927
722689
999999
628371
432427
423180
240371
314631
205070
544767
689808
588922
249612
498626
222331
098444
728593
029513
109451
821636
366152
789302
372685
243993
882762
222222
545141
734509
217874
668682
144190
681981
283928
451810
591063
375220
106065
731761
813111
600220
857842
448467
053181
586651
316157
213446
242911
280753
532163
526737
861722
248967
949566
888888
444444
390839
974835
223938
737696
491128
888888
669845
518073
851287
854905
344318
180953
216118
583696
111111
333333
419003
856940
555555
300588
474924
145174
236527
760062
350607
041413
887823
204305
887952
849028
758273
359480
034806
882636
845528
597875
846606
275889
024158
024338
261689
964737
910796
999988
844848
141862
286834
749970
615315
339157
813567
633454
260571
884983
361992
730591
058279
521004
224888
713940
332577
996680
777777
258723
999999
234657
222222
693276
234542
444444
539701
300736
414586
370093
457377
619379
391495
150967
048609
414511
989832
183979
386511
463117
788590
871677
630129
270022
777777
742963
970532
000808
530439
936008
798881
803833
285886
347645
666666
777777
794180
970434
089612
430537
061579
999537
000000
219317
259279
263533
093303
993526
796596
785659
100644
024076
351871
130741
598038
702409
888888
652823
837505
666666
340561
983785
069622
030033
468422
598193
488838
429141
416475
369054
634232
332255
988461
082711
079106
656983
222222
246544
390127
870137
888888
944737
327643
304860
197103
111111
106329
340840
084976
232471
777777
049865
046772
180225
829250
524918
111111
041436
793065
986752
434428
399041
347969
390104
111111
748490
227387
993434
222222
389577
664623
222222
641727
801952
131687
874650
345686
034406
138982
333333
720897
504286
358661
211485
481719
001592
545581
626055
395267
306679
622971
977714
343477
934910
575155
072077
524878
907004
240249
350360
021186
333333
520108
925582
398581
398803
999999
229071
280133
584335
591070
320649
756336
003163
888888
486675
624518
882595
162867
634453
473250
020097
588912
387075
080685
234850
999999
925107
763254
889703
956295
546122
140007
777777
272337
832347
437426
072960
681643
777777
000000
896972
892891
011127
793823
044475
971368
035871
994840
748298
443203
322117
906675
155275
867366
878992
025907
481629
217199
328415
653675
079822
439076
602842
601372
111111
337484
328634
903713
222222
432424
090595
327546
414483
666666
779073
812556
484627
744034
555555
709650
829277
333333
805928
946479
029425
652468
332778
428570
278931
000000
888888
022595
362803
550990
945137
208966
968149
421933
534851
592691
155361
999999
868626
815005
308228
344158
792602
555555
820833
199191
297702
218997
443003
823369
111111
389380
999157
160889
592106
370225
288910
926671
249824
901538
747505
047511
080182
555555
973579
884845
437860
449662
982983
900442
991485
777777
762666
244373
390957
502666
220131
393823
378081
888888
184936
250840
333333
041008
343571
588367
480522
220224
333333
884847
845323
947681
223846
039246
777777
438882
997086
031998
799372
444444
859621
904510
663193
906932
693065
222222
429044
687842
768731
555555
092106
815223
784868
911861
604755
800182
664065
331415
888888
543916
703716
890954
210323
485665
598347
289687
555555
348896
584626
872587
555555
637278
428636
899143
340443
888888
520665
342093
424565
336962
500305
032849
689002
485892
001564
153231
078362
364560
841254
930956
812726
481481
795680
149670
921086
333333
246943
214175
519345
430712
938688
595541
838576
923185
777777
582118
999999
937999
274206
060584
577960
200047
818117
923888
802290
886836
990624
777777
938539
162447
748900
599528
932259
801153
100246
469125
321026
239572
819554
354695
534967
111111
010814
265953
045693
170064
888778
399991
008625
446563
875173
296066
555555
710638
389856
888888
569673
281680
032033
898447
697936
906362
666666
743652
366629
766095
073421
397130
483721
602053
960877
440489
444444
132815
223915
858581
998817
303686
777777
504004
799551
240393
349320
222222
446961
705272
090197
787254
070451
899858
346125
546427
234820
867324
443388
105117
801507
633557
335891
338163
474421
555555
098066
694462
111111
024290
760609
000000
440124
500426
500573
000000
157646
530191
413931
941127
111111
655354
146988
125925
635841
988478
936344
652128
829466
706880
838294
341520
717494
473867
958932
124652
746836
879334
093231
856615
071498
600883
943049
666666
691975
403275
184884
530673
491819
361209
520229
934974
269650
715587
910226
341884
393231
984489
072547
028668
892062
888888
684774
756091
047042
089897
867099
957823
798751
401155
430676
581880
641933
544426
874227
143014
555555
900618
365477
016758
216219
686585
154937
002442
342632
170766
291020
233152
525891
015690
230737
010018
140063
638425
013281
378461
777777
222222
460662
793387
529632
074809
547873
331834
312835
378557
222222
644450
719555
777777
220041
578626
083889
904671
784561
904029
420727
427747
755327
276484
444444
340382
684219
478586
093466
799560
041561
609955
661899
544619
892157
741858
255584
246719
824064
930753
103823
709026
789605
203456
944176
943126
406065
743847
029288
467578
361632
542908
409275
914067
679510
848067
804069
617687
121033
910828
700510
238145
016902
866174
704311
031997
541306
000000
081877
488875
489513
703171
802050
473355
699826
448046
098941
994650
828220
068116
111111
240863
770389
110043
739647
196740
333333
666584
880732
948427
058020
431390
811846
840640
735407
244861
766090
510200
888888
108094
978570
983642
111111
470254
640080
439076
948047
956002
567989
974883
038566
034469
204126
329737
406361
984906
003531
399227
333333
434225
222222
555555
572293
999999
229477
190136
222222
949132
706500
873073
534988
942739
055314
037987
236095
275028
256183
906622
957407
391940
073652
444444
203225
937527
499725
202227
008199
473434
339545
373472
143848
207665
800629
999999
590936
549532
526850
562082
602072
833587
223244
124765
018513
520663
285538
872985
937345
202347
645648
167533
690752
971964
338076
337977
813733
080402
905562
973190
888888
062223
402691
166654
191082
924604
444444
777777
223472
777777
609660
252380
583793
484282
628745
696935
744096
856607
315807
579492
888888
835235
999999
973862
849008
012987
938291
125447
737673
485029
395400
599243
903822
000000
014911
999999
463306
000000
585024
302713
197445
338803
418583
346632
292654
831823
950227
854021
840560
681561
302409
087613
110583
777777
990675
995397
763491
333333
307905
017872
060191
010808
784583
354515
989444
333333
368485
809036
293225
138677
603443
462279
083514
482965
830325
084866
396242
282062
218522
390064
050443
058712
904866
840852
043864
466144
975305
159455
382682
995658
000000
396496
326918
026467
886554
846561
369606
000000
349267
550897
325356
073479
423214
072724
888888
689965
310321
231138
444444
290594
052838
895803
858593
485885
808707
777777
333333
113023
861320
330963
555555
069927
555555
833946
320529
019776
110311
507520
959659
446453
105010
053102
649778
469055
320153
326613
308914
385019
113187
925336
265145
206757
105088
575912
401639
224461
837923
613096
383907
400641
774241
081949
196641
252510
452714
999999
000000
635826
372841
033274
852360
578462
470500
651087
529045
672987
555555
022452
058818
941827
892670
228431
025667
906483
936742
851485
895072
408614
680421
233341
987436
572516
829731
840087
175970
777777
447573
000000
508823
798601
127281
594924
250464
399331
868039
012978
560749
540867
034269
230516
234041
547326
943186
459645
361418
111111
028413
902378
601349
736526
176977
999999
309560
948927
036621
444444
811457
340588
093002
953302
485964
122031
713265
617131
222222
111111
888888
779856
051945
122828
666666
666666
794474
424373
770376
034539
796016
408720
637672
830878
580975
420965
092539
377856
799763
931241
302781
604131
414906
182617
666666
083937
164842
640036
111111
512765
302527
322980
880574
364776
663990
500094
954898
350735
354647
282920
220163
500736
809909
126625
679480
104952
460784
039688
821513
788396
403896
498967
842081
349487
882002
714236
666666
331428
252703
089525
958125
249881
679881
222222
959820
550067
838625
319515
022682
279689
293532
004491
093926
003874
295605
906971
434817
408016
066872
933005
365137
489689
267959
890132
343397
243112
990003
555935
996442
870546
342648
931322
618861
393384
564056
780446
743817
224865
000000
923879
972620
533971
584533
637938
609666
428816
638018
414560
174043
402525
128143
111111
693662
777777
375275
644756
624707
378945
213959
303336
746747
803021
039968
985929
779862
780287
991209
080968
923577
494442
526901
220919
379008
044675
482941
111111
678865
435973
992232
588264
000000
008902
353864
922812
305315
907467
633976
648805
898622
460057
777777
049965
527681
393829
795633
666666
666666
474851
973306
295001
044777
036642
341093
570309
369021
224051
997643
426448
870971
749056
508081
465703
245405
374758
017363
094450
748428
942277
094887
555555
713639
268411
999999
444444
735814
032949
438673
681507
226082
891499
337662
892169
949961
271924
617083
588984
888888
174981
450549
159735
442166
245052
087261
342883
283877
753296
834683
589820
082532
803895
634991
393875
908065
884243
693768
524405
715528
977342
286298
390995
593023
825637
860534
220362
900553
869933
937437
728294
941054
072523
644116
008621
024302
553222
509211
001284
643387
020020
509884
373875
457813
293855
966539
985990
427887
777777
890522
130475
931147
569273
359487
744650
092711
843403
615767
009458
903487
885627
894513
465347
548402
787491
583128
092622
044825
222222
028340
109076
816138
468970
568435
197977
283521
818887
944670
615580
888888
412086
540801
911585
804168
613046
600433
473139
942330
690534
875976
333333
217268
197490
256236
444444
926555
111111
999999
735527
486751
704677
428043
292487
145874
967047
278768
320529
785086
093429
223392
081776
891631
927006
833235
440007
532876
974526
888888
805167
245793
542901
040723
436049
672492
230620
247042
830050
644687
994275
724367
842373
123926
943045
900485
768910
134986
888888
373732
949786
459974
165320
650522
333333
077462
347975
899015
477144
300486
166935
034369
236461
777777
095022
421324
877874
910418
940921
293445
595322
992888
533059
958920
922578
890385
322543
283682
526661
536217
879890
185420
750238
950582
938222
981728
879013
964809
371476
593481
331166
484973
911186
949703
515479
198917
970562
444444
505831
283433
923047
319092
765805
953531
364518
630587
070516
667986
239502
115072
881893
844450
190406
355920
914245
431143
876577
829902
183758
421902
648155
416031
014786
494503
278431
445050
096535
219233
909586
862126
800675
031727
107563
740466
381070
926635
402881
888888
769313
343097
283005
379242
663524
948440
004245
820247
999999
777777
444791
318956
000000
310468
133589
669644
409952
621827
941635
297431
524251
932082
383011
740495
685811
014929
055646
101060
285025
692141
980630
095603
502631
636382
280960
079852
440282
140412
827098
300293
533886
344563
093165
049615
666666
491881
870886
420837
777777
260254
444444
423888
309269
317866
522358
404988
740226
948839
436099
110407
177970
431169
204092
671109
356886
704920
738740
231816
666666
317287
797522
081675
544731
752465
335914
156716
444444
333333
213254
843496
555555
185240
807477
797677
084787
937140
444444
491824
650839
555555
221467
539483
733838
444444
783571
222222
587192
802365
826907
446965
888888
600512
451523
883431
310864
806686
444961
000000
632020
848815
128105
214103
044480
005497
968236
783995
147393
642575
233533
289024
580828
313409
730465
547565
024450
638702
555555
999999
725931
933025
120798
592840
017886
148535
235681
341526
888978
308992
753235
463738
203482
967338
608477
895682
202892
274435
138671
136861
046651
743047
773597
950804
238622
063977
143422
889877
314023
143008
022423
788876
288935
988466
783177
102837
884649
398501
973352
028745
989968
058077
555555
263877
514559
815848
400375
737082
069944
783680
917941
804715
031423
533431
161741
582852
782869
293489
888888
666666
345139
276440
508451
978980
186887
798003
119593
114373
290314
444444
222222
666666
333333
340904
991130
634637
286571
002427
024782
039843
336594
320212
932427
629030
348193
832388
799992
803562
088459
774053
001389
251608
003157
434939
240725
201282
039902
116943
923143
437836
587760
943526
462225
921179
660337
959961
768178
900144
396083
424832
847168
295011
328476
548843
184642
666666
260396
999999
879592
465923
134843
834426
336092
333333
094743
733627
354128
138542
172764
391515
097784
038900
189557
247638
777777
083452
238927
672952
999999
712729
537483
049361
123626
656361
088849
198103
791653
113529
395168
390493
580743
874869
981535
444444
620828
282941
949061
419414
333333
037909
469037
478870
402466
672161
039567
876636
968456
572092
931311
047443
165569
938725
338432
873932
725284
139098
072079
902585
099969
888888
585621
475668
888888
209520
957361
201827
268678
343024
866347
482609
733424
999999
496203
598276
342068
899420
470673
101464
444444
286623
333333
039450
923003
712262
959969
648379
939162
282904
204849
866288
069337
122574
898516
832566
804921
888888
333333
833771
900889
223226
049236
424084
990518
098037
850229
666666
209334
127186
777777
682629
440609
460276
210955
633346
879477
111111
902513
304843
261142
238186
294957
104962
427090
111111
429875
258255
804685
651044
604028
299266
865873
340045
088189
104562
482518
287936
007544
605485
932945
504675
375515
881778
298544
143230
182849
524427
037185
513577
909426
078037
879346
421555
777777
172998
191755
691195
848489
680189
098062
979828
577742
892683
984882
103251
583148
735589
591579
019847
133286
400106
047483
455375
747983
309762
247841
424246
261712
483482
888888
427963
958546
272659
382033
465238
155035
875604
289102
001036
022907
078501
390338
299868
444444
485717
048588
854643
999999
148237
647877
048117
413816
107630
783446
640077
984473
636436
111111
060009
324074
528281
614626
444444
441099
100619
366963
744482
818289
954073
669607
719425
644879
941748
999446
202874
788522
509887
992408
803132
581519
593165
760609
695359
249612
345833
222222
947381
072080
052043
444444
910773
974090
058635
434089
342822
999999
336044
444444
201587
305518
295338
342783
433508
870515
099827
046456
732938
530256
664720
444444
555018
996995
777777
189835
402119
980973
095981
230663
804036
140486
648226
692682
320712
654355
099477
437945
128881
225880
183465
409322
440523
349633
294022
000000
027567
333417
443672
682085
476545
992549
282267
286026
764147
359843
338370
276994
333333
236439
926877
849487
111111
895471
728750
930662
407864
324086
704834
478632
939255
666666
664785
423975
343695
023834
800367
860247
119673
934587
428956
798586
000234
252441
988020
499736
947936
179596
555555
498724
592978
970484
182861
641528
680626
966847
444444
029291
742027
501776
229525
188935
834845
000000
880264
048355
111111
141530
484658
711642
446121
994023
083844
254758
452211
996789
813485
891758
295087
878800
874067
759520
603032
945346
515305
900036
444831
932263
717897
075395
642647
698414
887408
478342
319936
256957
133214
273901
442718
944861
546679
499256
666666
001638
666059
209595
036441
859087
535430
609327
440854
229634
641041
353392
590047
157463
383723
881503
777777
224038
496813
829323
536217
714443
830422
340983
333333
880670
893074
228363
393673
172071
344811
617892
125236
223126
270088
909082
735586
425665
555555
047670
259816
864817
845961
376389
444444
224463
028027
844620
333333
510627
457811
119035
443789
888888
628675
561527
878877
400633
439603
493969
830233
431443
803908
123430
849193
270478
517622
732420
290316
770023
330070
598719
999999
005082
218155
000401
482374
543065
076486
408438
427828
606557
935952
439721
498323
268951
435873
661820
453412
180552
487462
208879
985261
722647
290371
294219
427821
666666
085723
523993
444444
370667
146088
222222
920784
879661
888888
448077
483470
065553
613530
590268
288854
933321
890631
134864
361502
983643
000000
327041
641232
101423
500957
038035
644032
555555
241645
414844
751469
989349
228547
404948
896003
937887
688522
739654
080853
013932
017401
535236
953019
765535
735322
555555
464503
944379
309877
683489
408966
620424
987828
251392
703406
156423
155830
111111
650632
686452
257481
309507
266586
868586
749458
395512
546152
419565
237212
523882
778533
920041
547026
530195
850662
821952
958302
220281
801323
574543
346521
203298
789979
777777
250819
336481
012762
888888
242512
226912
549432
500073
555555
144878
210831
519048
666666
444577
760063
441602
360093
218596
600816
569570
012580
276796
630984
308342
568514
188897
739498
232207
943256
111111
389647
838046
699458
638381
917383
181470
850654
038245
913940
524781
927536
119840
879098
646268
025176
963522
618967
492978
249997
050597
380823
240897
320005
898211
784649
794063
436387
087056
413943
388962
631510
930335
714071
442011
995775
805782
084574
809984
643163
820734
046945
777777
884721
543457
253526
044933
088813
974368
555555
299905
987870
492075
462425
971983
602701
057922
260532
222222
928827
575936
780085
339947
490503
044942
339159
747072
820746
825072
964434
508099
834883
950104
025143
628319
332307
737450
801620
121175
720277
430491
967073
224642
332035
329226
830030
309522
244275
085725
474750
777777
622647
612724
936672
941411
549436
320130
215968
803845
344681
096845
103151
288967
035227
222222
602696
150217
709717
038488
764823
669933
887227
944033
829871
649815
662447
719903
666666
076485
709179
610363
014228
844120
111111
000000
922181
000000
042978
399985
617524
111111
037063
731336
015085
053666
371785
685846
919662
082613
034595
444444
362499
777777
333333
091134
507933
600811
293796
464798
884005
430737
531805
383704
296645
550861
222222
100038
615565
136125
063347
837614
109861
018956
293799
188572
404934
919482
696647
289773
903849
208846
923652
706480
195179
177773
324217
109085
262985
819921
850621
405014
777777
985446
903698
392861
307906
887037
994166
438285
471639
420946
433273
803317
898469
843932
217861
099075
482580
495466
295435
347623
642293
729792
235603
592366
895908
666666
128846
666666
242835
841176
989646
169094
169426
673641
009013
821523
925090
109428
099920
853529
760317
265601
636560
598466
508045
093636
020323
016928
553447
644883
260610
059823
222405
071647
843321
483726
181270
000821
708163
051401
526577
837936
666666
984983
429863
777777
984776
462781
135383
343538
308635
385336
278975
329674
006956
420192
777777
566843
777777
832636
999999
008209
244666
380776
011627
641641
222222
936389
289357
422931
445343
809457
888888
222623
424926
282283
942435
600044
305765
897272
495015
886983
055185
561183
020128
522274
381555
349346
950470
358863
108018
444444
542850
498486
695870
073510
410485
846557
720293
683572
411772
007023
190657
552266
050602
325392
513775
000000
999999
535629
477659
162415
889874
632425
887952
326238
345535
179266
518746
809488
487215
832914
703881
324537
444444
000000
777360
188931
148569
187503
643511
484515
236085
555555
443592
201853
897412
922874
304626
906483
527972
285051
373052
398075
888888
833065
220652
798805
666666
811711
358952
432042
947924
031685
187497
238514
776721
189522
608991
251732
423082
691225
041095
777777
472267
879257
108239
555555
489604
026076
444444
333333
611358
373052
832805
382721
852072
144452
555555
205093
283413
289035
159692
557033
903977
438739
185437
412026
222222
385182
431541
044825
191872
529846
764777
816263
469939
390658
558631
024749
025980
619297
083829
866389
249822
844008
777777
242983
503787
749897
293782
976858
028881
770555
080330
686232
843044
070244
340496
500135
483839
124252
845655
774549
292106
470799
391085
878596
901449
398831
063682
210601
805122
111975
514418
359976
333333
666666
201635
290033
234632
348971
210303
423084
075973
888888
021899
460671
681975
910849
990092
964913
220748
735280
538681
581646
316974
471583
758834
999999
095274
877688
877712
754905
448830
250033
555555
043088
069097
433229
033855
120268
640268
484720
302676
134510
558947
617933
080571
381549
256154
292828
777777
888888
159409
111111
175673
568173
891574
935204
886658
000000
464669
787327
454982
467673
177754
934963
904362
236462
222222
033218
299232
941899
999999
982095
444444
143589
574050
434126
251026
744676
111111
328532
877177
196728
748004
284376
022135
264800
400026
519445
189433
033680
130665
784931
999999
102644
081613
408970
976624
742976
234831
666666
142550
949282
222222
439525
444444
333333
930386
792595
733751
162138
114952
282846
098525
879630
204577
287063
669964
666666
926285
075706
447569
025505
342379
883273
613603
496935
848014
276970
118506
430934
166786
682803
325822
395133
199460
306092
408385
555555
488946
231847
222222
953880
583672
086887
029386
598987
333333
817852
922996
234844
289816
531663
515093
492062
559102
689823
000000
386766
141109
764382
606976
999999
937449
596968
832446
189782
190277
396711
333333
290876
383426
968540
624199
089591
558596
938217
644965
346141
384999
333881
999999
621016
225551
309541
982585
158803
853689
225353
863635
362646
118284
039477
681907
440183
164523
457436
280256
342769
696636
073035
792820
753848
729621
388181
777777
928916
193457
223193
423681
444444
999999
210447
156567
405461
666666
481030
276406
932890
294398
940465
777777
839469
352442
777777
436523
140501
334279
675895
383876
682936
638871
666666
723198
180269
999999
011022
917662
104912
234561
913857
784016
476655
096189
060877
292006
422142
536070
847860
133604
444444
901371
647945
222878
850087
182225
293801
468403
390942
867830
456892
420666
979921
910465
323572
464825
685856
388454
453602
322543
812788
333333
249644
492642
427565
227551
347864
777777
042733
653734
832164
103778
717983
283742
492666
010081
873733
699640
473692
734338
902884
244475
982358
340513
515408
182449
349905
451057
645192
663900
345532
075445
315320
961867
240568
988256
739382
222759
729832
837001
650101
208387
615108
328810
666666
113177
345163
644645
041177
380742
424002
444444
499632
093111
905637
965719
033433
767894
616927
333333
474776
743571
343956
846756
009787
932431
002963
652855
229667
055427
085077
343749
481590
050759
000000
789531
998869
749123
333333
433044
147265
637742
876362
999999
259935
649990
609958
283618
950200
040750
158062
924086
538243
057787
111111
367638
555555
126730
334141
272384
000000
295840
479445
129054
370315
467831
133063
355689
387510
456923
981085
815724
883689
950422
102001
999999
494644
359193
881826
444444
389063
904181
149009
404694
366973
832834
432779
666666
842527
438042
485433
653597
991373
573482
502082
432475
555555
847837
208565
746584
746310
978967
998276
023926
981573
666666
033622
555555
079908
004155
027575
183919
688937
623549
628958
293048
293975
840778
048572
073237
666666
910371
069647
730528
938006
076607
375898
011979
523681
602631
888888
526977
921247
404976
331245
252097
239950
250986
111111
998445
083031
333333
006742
429427
777777
865263
777938
330531
909046
283705
788586
959876
156924
281875
843372
253907
752817
814011
500215
970520
781967
369702
120064
331915
489558
730647
356510
996667
376300
887947
963826
908936
249372
090814
017845
809489
965933
067074
171140
212789
036069
256524
264045
233420
888888
843844
350594
526174
253485
225689
031852
718966
142688
111111
030944
106484
016164
042247
903056
091092
946433
492321
222222
474442
436573
428861
666666
372484
188729
030652
801958
054383
444444
111111
555555
854995
876218
669493
687073
233883
316993
358321
545734
111111
802504
993037
302876
724572
385683
349258
932563
382059
235055
387093
734540
161662
555555
444444
458081
556069
704653
999786
589043
883498
722697
222222
653263
222222
281056
389226
284197
706983
925886
878285
373507
258558
217316
381184
088716
931027
854526
547426
428700
180542
380918
852232
333333
320145
016329
944837
782047
096551
222222
684992
999999
404009
090747
891072
612625
297457
608373
103122
348832
498158
464130
438538
801121
133462
947942
425847
446091
555555
906659
923304
425992
240965
018263
063847
274554
111111
833007
345131
083982
328465
840989
948468
453035
846463
128433
059176
082563
268741
745332
299657
232020
588097
311244
505635
533562
289600
111111
153958
183173
276478
181602
555555
898685
522964
222222
173087
922252
444444
977664
744234
251745
843518
227941
327064
484656
861062
747878
499064
346802
499668
325092
339388
060766
990063
391068
931530
274610
325848
443835
740002
856480
488373
035838
914234
596338
777777
416428
395744
846922
808014
539947
999999
994575
260780
844333
543082
378484
106212
030038
597463
043907
888888
924633
507319
333333
044146
888546
964933
816068
222222
555555
375775
822063
850837
682392
404424
773173
846565
277855
238401
380331
012407
564391
970406
048036
342934
609261
999999
293278
219612
069731
672956
699286
889425
777777
653866
338952
502881
882935
749172
249377
237660
309962
758927
312631
538376
877463
998957
396381
666666
957762
448544
111111
786204
016513
022696
613766
345002
912732
942083
865496
192098
192503
303887
989666
888888
784633
841352
300975
468471
098109
235805
394233
433549
185092
404745
329043
888888
888888
049947
999999
067667
127921
230166
964076
550331
093526
499317
418165
462395
411667
092649
048930
947880
940531
097332
153836
120539
494873
277064
392006
111111
290469
733042
801850
649261
344584
996229
725923
541876
112943
069475
639406
401507
411841
484242
426583
394154
234971
652359
280736
484741
855571
459627
389987
980041
841475
363439
749611
662743
350846
678074
299996
582845
295549
999999
666666
932913
040337
822713
567742
859408
127466
336397
718311
804392
286076
802418
989966
172751
406906
713999
144605
937691
555555
958563
999727
392548
022889
301553
858061
683521
913835
683853
591121
580035
444444
448299
714456
394363
843611
122559
241982
547203
880598
813545
388485
300993
030681
724088
089847
488605
485657
390952
186087
768874
390661
679123
735618
423681
897421
394006
900772
323377
167405
802236
098544
539441
982626
205727
592071
798381
496488
383273
568520
468445
292308
812375
064824
292436
434225
704695
049726
390993
472021
369359
044812
438923
834922
225241
777777
230586
831817
081311
586929
000000
264087
390691
305484
455634
555555
198885
134478
338263
999999
203180
390574
598029
322897
384926
797772
118650
022880
788384
138553
004138
518648
391835
690366
208835
915167
364544
482862
683036
555555
555555
289006
054141
884017
808577
038669
823193
926471
352982
898262
423990
049433
888888
481447
504902
328384
777777
444444
215478
938229
889986
802002
049513
444444
777777
885884
666666
473007
003978
099543
023301
555555
727887
043164
255674
217395
481968
001619
849707
348865
879204
086823
186787
218587
601208
716187
888888
921584
192024
898260
579251
951640
809135
088623
488082
049462
848410
045894
448875
692441
948003
399975
099977
149755
280002
348295
579691
791614
721884
492321
887332
243935
264631
658504
822532
444444
663473
111111
392905
658977
537493
240961
092571
937797
662984
888888
219088
872151
382932
777777
784553
490967
448050
520047
302990
251902
944968
343446
958436
444444
677981
174078
259315
184350
240383
583365
999999
408993
131047
641074
228048
486442
639217
589281
299844
111111
444444
378475
333576
406228
999999
321492
106361
074050
065010
812623
701138
442453
361952
263431
888888
099876
362102
023730
364323
943962
488965
104913
789862
481713
029473
926172
837887
143496
000000
534482
292604
329205
120180
964976
444444
024939
125858
164422
288663
841035
324456
804077
666666
319549
990335
488947
777777
888492
004607
830646
479598
082295
242285
300797
608982
038632
719226
011189
752582
412295
296225
830517
763637
902686
333333
271744
833159
314338
293227
162423
829607
880147
218873
003898
060525
262026
296859
206914
888888
442126
995695
039802
841328
709681
999999
247524
072067
033831
072968
371926
088861
895924
222222
261261
379721
000000
888888
523841
446889
692039
642109
003537
252975
329021
358876
040936
000000
390277
304237
333333
086083
777777
302432
104606
905576
438437
223609
638072
787610
241866
222222
886861
047756
882405
949265
446880
429291
927543
834432
328832
525091
599461
934036
439453
938647
339691
879002
295148
443917
615621
344467
000000
324871
989542
498988
389061
907247
348740
547728
646247
483835
009316
188435
497841
766805
624821
259571
353582
455776
332963
371186
471301
715896
013442
456920
114040
339079
763228
893803
357024
888888
246036
509726
497141
896627
309458
542207
073333
281209
290164
224280
399182
555555
762715
600952
193835
992936
666666
808859
489553
014667
666666
454582
989427
777777
338161
789537
993981
222222
319084
864588
350578
455742
205937
809969
292384
694011
096067
298660
821637
228656
704386
615572
161423
105395
672273
916227
687981
083127
494302
921676
762886
326611
936047
340836
248021
827903
472438
078966
555555
006606
393751
789471
153771
297363
999999
320545
999999
232654
852873
027112
784627
974494
296631
897140
156946
010067
089727
255307
528825
136465
334720
710422
321627
734770
337138
271578
000932
501151
821548
209838
358072
298136
649362
478333
057047
207447
844943
439272
882023
968638
777777
358506
206702
102892
452618
926463
162816
786984
220375
423789
299959
333333
963082
272880
936778
333333
418823
344832
404104
273466
020606
789784
564369
444444
222222
832453
961295
438998
503895
444783
466636
319824
290263
510329
257235
892694
111111
420148
041231
810998
812527
616283
738202
045137
360453
239973
631076
790893
555555
638920
020855
905652
004768
787883
234431
492854
992824
662793
784922
238578
550003
404837
964962
444444
485977
888888
905425
890915
644643
426928
497542
310627
591704
772342
218488
095785
882737
360999
931062
882695
594566
082483
805187
777777
666666
842608
543513
473348
044263
988097
726472
034722
816531
732646
119867
621903
962017
481731
920915
666666
444444
260433
763447
300892
187011
122546
025032
621980
355443
333333
904418
604144
192833
253049
823645
085991
888888
474162
933863
502633
842051
948945
941140
549627
558802
444444
090023
004583
148644
237522
569384
888859
197563
204033
312752
687888
555555
472765
431052
233276
438695
021741
888888
910800
706632
485281
322487
437402
908573
663858
406765
038946
089946
555555
985150
754388
915069
381079
415973
860989
225771
146220
742516
888888
923141
882345
648586
602837
666666
370947
742037
402831
389938
200856
488246
566747
469286
903831
786693
433450
203677
074822
002677
040959
946456
757865
304523
437983
841837
644302
111111
777777
713862
998446
777777
587456
494085
080885
988321
944111
021537
093067
659187
718666
584635
273087
515220
666666
229544
306631
111111
840685
623560
701255
024282
281833
272126
514454
647920
487447
706593
908677
960904
204117
432061
529032
378911
255505
438864
892630
528772
952905
073465
111111
245517
953882
888425
394864
484063
922289
306805
139655
429851
155001
637863
960452
488960
398718
849959
090132
180741
940481
364571
072685
105602
658831
033952
982139
283589
864327
835682
648617
888888
923715
129046
406871
633423
120952
049194
964447
738588
939647
893937
928447
840272
885528
962973
339566
849693
694523
222222
814584
926288
957288
914347
860652
666666
282584
491872
253731
999999
425429
892078
369157
572595
393489
427727
523521
000000
924901
777777
912665
724042
483689
494367
149880
088552
039426
219322
359146
095162
274351
821427
749076
699740
333333
670568
992620
829421
220773
555355
999999
918829
333333
552631
907571
522337
322567
111111
062636
137854
922783
541867
088103
339551
423950
322207
158434
328487
222991
503391
904978
588042
102932
729345
226928
409871
294067
378031
909694
952882
666666
947073
538887
951504
212779
728788
850840
478609
304077
748066
306920
111111
436156
296631
024184
939827
737926
922805
564923
029772
000000
222222
201611
228239
529243
870663
020202
609642
222222
123902
888675
555555
418675
023021
298688
633565
664099
613920
387406
083730
500373
984765
494067
685941
945903
486874
794439
588547
340912
509881
896645
613886
666666
849150
000781
490590
282571
370557
612702
888888
690615
534283
498559
843877
347041
618205
999999
935987
683724
421039
441572
004663
851324
555555
860464
284582
888888
959782
088675
949534
440669
053133
835605
248937
390697
539461
061783
693777
555555
001017
772923
999999
177275
000000
080426
000000
240226
932853
479820
242535
762025
615099
950478
662372
333333
007602
188415
382882
228527
699801
999999
853761
700317
002312
000000
134035
336039
999688
480475
106147
090992
378180
063267
398442
139132
311535
020384
857641
022107
351282
000000
829410
121685
403877
234589
616681
301427
468612
809612
493587
274581
842370
157597
340839
404240
919256
265542
884510
438731
852800
459467
338285
298043
301091
761211
096765
372659
012451
732329
997541
320433
324548
150968
437946
222222
748664
198169
927531
057178
983420
649214
499271
458357
495591
929336
794604
069645
881917
999999
829467
586275
200366
096975
871924
849417
739695
005021
222222
569689
980400
111111
343735
994606
880775
559697
441850
394874
000000
249118
384601
300402
000000
095955
582020
009082
912525
221977
325065
228866
288979
450810
083151
111111
247875
444444
000593
209932
293044
866685
038836
222222
700657
444444
420141
536101
409341
211673
222222
827491
879022
888888
361002
010833
384071
999879
996833
486422
886002
862065
258635
666666
944841
535815
201517
460644
555555
158944
791629
183383
329428
442860
585071
555799
444444
984180
401662
293046
387222
386340
519586
828631
642949
853040
593976
543033
666501
333333
582586
304986
222222
006333
114904
048679
165910
998831
594072
307578
208833
954270
000000
804348
884945
574006
690825
013015
362515
224851
254649
580903
285542
026236
842031
748121
039452
440802
068261
959885
366522
494998
777777
243772
127382
523097
531278
902850
869648
543587
540222
446421
666666
444444
000000
322636
050515
354901
053583
848848
601497
220716
153614
026587
963814
583531
111111
200430
522281
067513
120698
684232
202732
928424
983722
382265
290448
007847
471174
991186
260112
713402
324049
719122
840981
026560
395386
702029
520631
302928
593997
777777
555555
973084
229036
666666
818339
002931
553888
099382
372606
946882
399361
401844
378863
781675
128186
025408
040520
525377
275540
908166
233710
781861
401987
298436
943469
486692
820567
555555
355822
525081
092333
919985
908508
333333
833730
840024
333333
072645
201162
005231
123189
222222
926228
059664
896928
000000
902111
049871
111111
020435
671463
972616
847645
604360
832526
212235
364896
538621
700717
103866
189575
000000
886114
467821
884380
408022
220417
261782
666666
869742
679073
322307
824506
324250
881467
648601
288083
200427
069299
876022
687586
240522
879732
826740
695272
876620
508987
140286
272732
189641
023195
362069
092859
407881
734116
198613
833281
138607
888888
983423
855947
597580
182941
499821
241871
896923
813958
032097
882087
321073
108982
990086
031762
039849
110647
794746
139353
089552
777777
914556
961772
504017
190562
814271
297525
005865
433145
610662
713895
063671
778133
605369
403380
666666
860473
044754
976593
302713
268117
876918
391418
733817
085747
267908
222839
478096
449919
387890
139469
888888
842466
410372
034562
043095
123966
089007
118675
633145
333333
499907
848449
542177
444966
969354
350539
053260
000000
834041
804281
393862
996867
153035
000788
047138
795741
095756
948579
938811
606733
478042
089983
022989
888888
093937
505234
610965
084334
781393
540782
922875
902484
839428
875421
409337
777777
411600
356592
362445
700175
777777
593857
706316
472526
307086
689663
323832
104292
632683
173085
513567
289876
111600
214945
450817
129220
588079
785537
267897
138827
773076
416712
085341
348482
111111
888888
064416
923569
256591
499029
062841
064432
839690
843075
289096
084486
888368
009571
297853
999999
850532
918261
159489
040447
222222
748876
735505
029181
168319
666666
204944
439553
877392
777777
000000
528442
510631
004967
747007
470295
267921
431437
808677
170984
265857
232828
334136
260782
398181
777777
587307
381915
865329
192285
341787
464747
111111
823542
666666
815727
333329
289246
359755
222222
255888
030482
899583
488433
439769
150286
227615
111111
396464
728464
201079
440280
280076
182349
589900
725435
650823
032003
857437
556732
541372
726702
123644
836267
890547
418521
255869
229403
024482
660091
888888
769985
505801
082688
438655
848649
928228
442270
086989
043066
352252
041445
636587
468831
358911
364628
642702
308117
105086
617335
777777
986522
423881
777777
090992
813982
206813
222222
887823
788071
318655
222222
083047
212169
607621
033612
986617
109811
095987
000000
463821
729822
802080
889961
662507
510880
809325
343346
111111
840647
084346
233234
549461
326996
890637
893915
772812
088783
892185
533876
142991
018094
486847
808574
913545
161126
819886
389913
923667
555555
228859
739922
111111
762171
135183
555555
589442
583527
310449
431429
886680
076824
666666
555555
802690
303641
624151
630242
091991
015571
874643
704831
638647
666666
884689
790901
903820
996165
985877
359152
053553
447932
293285
908064
728023
383593
082063
958886
631085
675372
031429
193806
430662
738925
888888
444444
578220
666666
502887
035727
075938
397577
254456
790522
897428
888888
543247
929149
000000
660901
825502
342593
705743
412605
000000
749165
830181
754182
751233
014641
888469
221428
949823
391641
931551
348875
748860
682990
663796
184169
111111
381437
355446
624705
231331
434540
080337
341092
676374
587841
043977
506568
080062
832561
948565
038187
754740
748071
554044
935643
777777
534976
352633
063170
301640
555555
531266
422143
469081
429667
033677
862926
867926
313837
444072
684637
369016
506726
689838
990561
213026
076503
189421
888888
484739
763684
355991
367006
999999
270815
661025
913888
753475
775043
078412
056506
980425
206388
003417
643623
236042
765506
242072
699309
777777
093050
328435
946062
446617
920853
690031
888888
731606
730669
216815
044063
390487
030903
255703
728587
997199
279521
371226
284849
861476
999999
402092
543589
221496
000000
488033
021893
000000
112247
392457
018941
222222
395217
888888
803463
436911
191443
439379
232125
982681
006530
958811
973745
955496
812087
539262
777777
371916
829410
629942
800445
320071
234043
838144
840526
825147
010668
268122
982814
454053
442551
400515
756645
662885
925424
241863
845440
038032
069431
994242
903561
003678
965876
777777
534546
299816
743727
757123
385431
195562
002581
698250
618237
194577
144569
907879
400445
898845
777777
084269
009496
240534
449031
324653
368640
124061
959861
120790
555555
883591
423932
221355
423647
426566
444444
378627
355844
743621
410155
580996
823925
520540
333333
016142
063042
999999
408884
058047
888888
222222
349947
228915
897805
229628
625937
222222
184449
619545
921663
994227
186235
209570
256337
999999
956668
853552
644323
047079
338014
583339
048415
013271
496580
235193
885534
308756
754107
534921
032845
248682
805470
555555
595471
941965
988041
229217
970347
448007
989247
915987
026185
596778
000000
739481
555555
221586
563091
419631
159298
543765
739501
460000
945981
444444
183734
893767
793733
152521
782662
603442
984912
943143
684693
695812
868528
160800
990956
640645
344056
500623
777777
802401
600891
307183
960852
335276
555555
476866
374497
695850
477037
228948
097401
389481
982862
402941
370836
410564
333333
583613
164564
000000
666666
049680
428422
843826
428122
909993
451823
341039
744153
373435
278180
126969
334378
398061
789284
608900
990784
292921
925586
721640
474095
000000
296142
594344
918665
916221
333333
568902
832503
881596
301237
531559
987828
279879
492502
995559
391956
534476
941348
697231
924216
954740
003558
782448
190889
093030
222222
422977
299985
025622
393221
138257
016224
796062
291169
078460
489172
346616
934307
380527
666666
606409
510866
470424
222222
444444
586045
519625
986014
321503
838887
202343
953762
600861
015049
950846
864954
166570
493984
198057
111111
436875
203066
803729
227731
779816
303685
111111
974456
238035
912913
689401
067623
242381
562705
314679
785574
070147
905142
581177
615147
091181
711755
844458
480558
351097
925696
124986
792007
222222
724387
018403
328853
321743
000971
319399
242522
084913
849473
335812
270393
672838
089129
556537
555555
607481
396994
346215
213914
929066
902086
222516
944581
200483
861785
300519
610177
899888
077176
655495
069767
334132
700421
038627
658247
770301
831498
019561
201865
820586
321453
111111
333333
044928
609289
499205
943767
428068
420193
434512
112796
276215
589038
347387
600656
752062
659699
093617
887119
200613
963975
143209
017468
040286
134773
040687
780932
863723
365249
236693
021025
990388
952442
000000
933545
962442
289811
059848
164461
631401
896981
232281
902826
598675
212869
999999
000000
043478
011521
888520
392273
261761
208967
748086
870847
914495
886133
852889
295435
832944
989481
282518
299692
452249
291918
954338
323550
258812
585837
163786
195689
519973
800775
424136
134230
549341
132855
863764
777777
664927
172591
175252
474898
916047
370777
503578
282196
858444
718736
535050
579307
397415
440071
000000
485652
985977
454367
812913
333333
687865
490374
057615
504605
329473
522911
805433
222222
356707
942190
016989
927224
089482
333333
602063
428933
540438
940498
777777
832406
485667
000000
777777
814267
422751
854268
716915
647546
101915
448040
433444
330966
882644
048635
293142
882759
237047
983775
933539
295082
744979
741159
502910
908001
749642
707666
309913
362529
078435
989837
905988
103474
502763
083476
475540
081645
321368
524833
879061
398026
025647
200623
666666
273544
576146
666666
333333
964993
401836
364823
398332
328693
888888
898303
185059
777777
888888
463761
588927
034896
474825
203837
670491
818631
396526
484952
732540
434454
555555
866633
640211
134209
495324
194370
399044
623730
482913
098827
324327
040606
395036
179471
699052
085473
475749
162353
998956
248444
770949
529426
368835
948627
105425
888888
890261
335427
027281
801116
823572
339595
995522
736143
984604
198036
869241
996843
953034
199496
681810
091071
535061
791540
710418
892841
043074
600074
319263
999517
281322
722367
569042
290815
521712
819648
768832
024806
914944
648338
937585
969629
026866
450121
141936
791466
666666
888888
232842
272941
053298
127741
354433
829997
287655
152528
648759
829038
254948
011992
389042
555555
841848
547151
045635
444444
403097
360732
011684
820748
777777
042271
252487
863826
172874
420744
481399
227421
932053
988534
055088
444444
274782
669961
507663
646470
111111
434431
958649
838427
820645
943657
922787
284335
324074
666666
803421
978257
918851
028029
652986
728303
806891
544306
973934
111111
738139
452354
665066
666666
330001
004116
111111
276822
333333
582736
998224
330990
964067
149420
066539
631700
995664
632049
384521
932253
777946
862089
194158
345445
936548
900615
318421
723760
491610
490533
444444
555555
333333
108903
777777
924568
274692
474318
905647
240967
363694
358247
541221
814083
714033
852021
999999
343240
894236
484678
020617
062038
238388
952488
704463
506424
999999
502078
727096
478336
830277
417404
699465
444444
634213
999999
658526
284547
808047
043978
390587
222222
221074
282349
555555
393568
320936
703962
828785
627524
326284
609248
179360
863223
105006
436327
326951
944608
612951
333333
406776
827401
537404
131799
100660
481637
109247
506039
024263
432697
842611
241045
620083
877261
348204
999999
875630
466933
342897
403691
847337
888888
502084
164718
777777
209401
848482
555555
947760
943575
146084
882625
118953
420517
774973
302560
187192
126577
906278
000433
222222
732673
523061
893800
403939
904625
144518
333333
842208
494954
010665
170553
544021
878240
819599
964947
933920
010394
678776
844274
047955
003088
111111
802032
564900
534837
476866
999021
581548
283271
400224
217727
632383
491413
241596
974286
892307
111111
303269
393657
084712
307656
420242
777777
825769
820095
525127
180074
122575
020773
264476
945757
777777
693623
179786
512938
840497
134641
409886
271506
910152
718260
253129
060755
863016
570502
638563
726359
443689
594698
555555
778907
080980
249762
235842
690906
057503
263156
625980
337833
938146
339847
111111
862126
858488
708907
592831
945632
690819
222222
998422
926729
918171
076291
737922
680847
069508
524072
746539
830645
527275
009123
256877
288820
918636
253440
176770
154912
111698
867166
432916
749122
803837
100641
098287
135225
129982
183995
230122
989513
425860
777777
259137
959029
050125
314291
388620
044889
292366
198465
412037
972893
686562
793718
934508
066687
101505
941451
633216
853383
600425
006560
682877
989420
200406
401462
304446
275101
588249
603373
857938
416769
719673
111111
822008
435289
208541
220017
613580
319926
748709
432009
948772
036713
904967
322535
997390
518268
999085
777777
674517
045264
484508
387464
142582
000000
344042
824504
111111
780642
189969
928274
802377
842936
982722
859435
722661
896525
568986
063975
999999
111111
632382
918628
560532
968641
046940
999999
000642
902434
578485
135623
902844
047446
842956
333333
556398
592742
338631
062448
981812
000000
406014
546029
488652
222222
300806
148405
533196
426663
494496
100931
426423
484367
283685
391948
225007
410873
985817
666666
295452
200471
662567
740356
249586
818639
200212
930600
345036
639484
335915
991424
709693
899543
175037
943821
221970
404920
131655
458266
728204
874720
920026
744743
816244
891484
906485
673214
435965
416995
892003
012819
444444
983503
836406
819685
900403
480885
923221
853670
666666
999999
830585
290603
324519
149400
448387
226636
042702
222222
738965
444444
209395
154640
888888
187006
122109
929115
000000
111111
047949
814328
009743
203693
592158
065863
748687
769729
039783
093976
204375
161619
727747
831314
908245
859188
047061
923841
475662
481908
831267
111111
121058
333333
432692
018286
657781
535540
005424
390115
313895
984353
777777
258961
090321
731662
079508
412029
111111
177440
434345
060639
165599
609229
223225
547065
318750
131437
942989
151030
597698
929934
305941
646864
968895
310942
591644
318241
037479
406529
984886
734855
888888
064982
818583
408748
161393
900539
005394
291127
003775
020467
005568
237582
798989
263832
333333
726720
719724
810465
000000
444444
175170
985058
766146
988982
321345
662290
086245
333506
633683
862982
748129
799216
384439
197663
133434
727757
598416
095841
685416
487773
901856
075177
992668
999999
857404
456272
611029
738227
387501
294881
561554
972497
506007
387260
322487
422039
715685
324923
140453
103425
294020
422687
287507
799536
328726
111201
289853
089368
227326
483935
059207
222222
928855
432024
241178
974913
294825
126864
440810
156953
470911
444444
861922
308662
945558
994088
880331
280369
222221
847656
350282
703067
399930
009007
223567
613174
052286
252922
583148
262299
604293
377025
934556
777777
002540
420423
729347
063667
718396
814202
836631
663022
835722
932106
051419
523505
653822
654172
659603
384869
999999
863058
634631
333333
893977
125539
265452
599491
982812
847836
418660
094044
813611
523847
414494
111111
698921
802182
864846
460220
802252
102053
198479
292261
061649
555555
004899
587037
889674
908022
498932
144252
211109
627575
084634
975682
222222
459888
988427
348146
134462
104688
403163
989848
769464
239309
605091
967571
111111
309101
908203
095478
722572
503265
279641
828528
777777
009811
579075
749375
910531
064649
527373
993141
320077
444444
043657
178479
164210
315647
353869
823505
962066
803023
443938
246640
647665
751283
856773
503943
203365
111111
583397
031481
264652
070725
338103
683982
777777
333333
162644
793084
988924
090260
914634
352540
762588
794165
957873
252065
893858
690488
820933
222222
929007
341012
990444
114472
448586
318573
548997
857197
349635
486543
933585
111111
181563
280885
609836
888888
913032
239797
168319
140487
821909
483519
999999
293695
207177
384811
528657
628680
000000
748558
090143
110438
003586
714741
733543
891885
822548
111111
222222
879362
662986
452555
333333
622727
364348
974574
986970
173154
929801
615901
876469
356587
666666
868879
043517
371952
883420
245882
474501
842610
149567
708023
830483
412245
373947
283543
038321
626178
444673
444444
331653
944493
870021
218450
339660
111111
489766
527648
243671
092026
798671
193277
094242
081690
973081
435709
402574
125603
445206
563261
146605
490877
849862
282172
199072
391947
523746
790951
989253
179891
777777
061373
608565
858531
849283
808100
522501
888888
102755
630331
521826
966536
547358
179563
421523
381946
111111
666666
629463
493018
971146
228920
201930
256141
823677
046371
222222
666666
879489
013020
531940
279777
187928
798766
402423
101629
400695
733657
287771
242890
393522
524862
268963
623064
899606
882153
164474
671001
668717
853156
111111
888888
996939
943546
202835
966081
483847
448091
552425
733637
157634
971401
197330
360890
405023
211835
001326
667056
604452
585926
330046
444444
082912
232769
047276
593039
030808
231864
965095
493749
268161
273607
142511
424659
102336
413273
428451
182682
660553
352619
886943
993429
001264
525745
104526
210745
018288
060435
777777
859486
796612
670851
573185
855438
234377
333333
932298
567177
849479
894228
810081
589206
620257
299695
989337
850037
770535
983541
978742
100325
444444
311394
946657
551988
555555
398864
746808
100488
236524
907024
999999
302120
190636
557185
067257
568127
444444
038540
002434
929872
432581
000000
104960
133797
948685
030330
892543
675641
112732
239245
407222
744135
138982
222222
292335
629728
853188
900501
745842
131387
304296
883516
849401
810678
410439
702548
588407
925073
423825
658572
934647
252097
429861
079057
888645
888888
300331
894801
989795
849349
912515
502867
309973
918533
772050
382386
327684
916264
333333
196136
424680
009547
424079
176533
489292
111111
460372
999999
777777
890825
249263
532315
946888
252918
439174
961460
333333
444896
005166
305261
793173
354289
228370
423486
777777
204369
084070
330895
193925
429071
398274
835665
208737
925617
835829
726350
357273
308089
843787
694990
761106
338431
242834
507418
005977
001925
865959
230133
413398
500769
349626
443626
060957
637638
083013
038000
690573
435013
988542
084053
018515
414752
839828
724057
256147
302735
731960
800465
536697
391176
754131
352433
732662
464426
448417
992161
747143
947925
198309
503664
222873
154031
310769
963704
777777
396826
222222
421932
528472
538222
884912
540064
555555
658069
220270
485648
222222
091352
038497
579041
363417
333333
693685
272563
666666
588342
212673
456315
633952
290467
520030
098733
081458
123933
325653
480227
089425
478875
784452
748341
551924
874043
134226
326416
207040
526401
291978
445114
891519
783085
534055
173045
942539
313275
839075
682794
711593
857950
544485
105258
061697
758001
243681
342325
896986
618927
832791
169883
479613
313352
075043
602592
888888
272128
333333
974632
352001
163810
096565
031642
198085
098018
027709
309383
305487
648360
224011
500237
819002
852801
072676
444444
632067
007500
648236
064045
935019
914845
277691
992157
249285
888888
333333
746846
488195
462947
308080
333333
287943
248185
685479
461227
062347
769648
426743
248433
385165
997532
754663
257004
227816
333201
938284
555555
812167
544440
395022
083468
888888
929226
570461
431569
999999
735376
403234
379871
497101
388447
846716
930678
885307
309261
053723
848059
272066
174557
726955
198062
343479
036028
555555
222222
428965
721930
555555
825789
550080
109479
444444
112871
459935
284049
000000
975663
442670
408227
270838
678188
200897
453741
420551
203915
290878
078527
555555
968712
386932
505481
564013
091745
295734
119079
059639
693045
203093
088235
852552
791479
294363
146447
284081
478833
029780
216436
222338
898494
722022
318846
313205
529208
182868
330058
759805
474710
386901
033686
202938
041620
753910
147151
347433
126588
704855
444444
666666
394307
628236
149069
814239
066541
672967
231525
711541
394525
916845
238227
820933
069499
182231
461542
602483
654403
877184
086345
834445
095639
240030
429413
257642
970289
600890
469614
643242
288627
276687
481853
983161
105186
281972
850590
245636
788121
058121
666666
614577
428331
127813
222222
671525
056283
993322
999999
404954
890855
378205
677507
965576
225584
260909
224671
890415
942925
832748
808205
568879
016406
959934
288081
059025
988551
893289
434884
922949
505847
678823
758062
444444
961526
632809
480481
563103
593807
524718
766854
417284
996906
075001
347723
202972
256388
708980
314701
046825
500918
232697
170204
105932
484568
803637
845393
524252
706333
777777
311015
333540
285686
893548
299046
324499
539972
325975
074843
633442
661469
574813
848524
049057
389629
815594
812429
522826
037001
707583
597841
307380
893546
324357
894752
485182
297110
065182
383892
488042
322796
281673
240700
119493
000265
932648
582532
993493
724378
333333
596435
423460
830068
333333
430875
073872
399613
984481
656191
488587
988341
999999
815073
269428
733486
548962
990653
722777
804098
552517
200648
700356
241947
275959
523653
999999
727085
993470
919317
643679
989591
501907
531487
192487
189655
539417
234832
119546
783895
843965
054580
461589
333528
555555
332574
594599
790067
805517
494095
405825
999999
747315
487484
310533
141741
120603
444444
777777
239701
919403
333333
087585
909643
823839
000000
430584
005476
311033
529887
929813
287070
548569
983349
931437
212624
903699
632610
103119
798527
306096
910880
341697
521007
972066
111111
000000
994026
045618
139538
570266
886933
098432
324668
903254
983854
082720
930844
613038
433403
008930
047567
510813
117956
235569
690686
944769
303808
228625
748874
954339
398521
421489
766023
468262
482415
283374
750620
002864
847424
639366
286661
331902
469462
222222
000000
312336
723988
365562
645027
623556
225404
473613
321547
493869
898328
967447
924684
444444
428397
319521
089575
333267
031785
776065
495392
506112
214418
619144
973260
715488
686723
086708
022832
833667
091712
268076
336991
276800
544105
423138
888888
223641
356948
777777
298051
283486
333333
604069
715701
777777
799996
456631
292793
532606
324503
000000
392772
432173
807737
700829
704685
906113
812067
198385
399327
189083
888888
552949
928030
749945
407368
995336
528525
777777
173525
115246
760013
443746
955175
048632
187832
912132
911342
324669
713362
890047
888888
120437
111111
272592
075589
133475
107316
608047
109088
436702
322981
497074
251077
305438
028237
777777
238298
821393
273521
141805
360200
069639
867987
154821
043105
666666
581320
111111
694831
895929
244974
162242
256263
135325
202437
222222
254845
820938
942371
423405
390486
819402
857704
435123
832458
842850
525586
352743
430913
223917
443536
191115
080141
089066
986896
292972
575258
071451
892433
845261
825397
748885
796316
998373
488880
881052
693092
238305
149869
612386
121090
317592
887883
142291
107211
555555
069656
485956
443657
029222
095874
149456
602532
836307
218893
906683
998384
945826
296370
311561
505867
888888
319880
835388
321942
258898
763665
323233
204986
995496
984953
646026
000375
520553
179142
662737
850270
993592
893991
294113
483943
068556
833139
792240
227467
426874
096726
134761
026465
904686
444586
442126
214880
622544
830822
980136
290985
221887
874142
526685
415016
469580
983086
222222
888888
124821
480797
693547
682557
095057
445641
512150
078391
218190
065525
398153
347894
777777
243902
771367
621494
330917
647509
857164
522399
992482
209441
884571
480967
068472
831456
497989
058776
686482
627736
462574
447445
222222
999999
078280
840101
435703
000000
983359
301975
553331
046579
390517
617920
072022
144823
901990
451763
530529
111111
179377
998950
855966
983155
009027
081260
332274
724889
752761
515955
923609
439482
000000
538763
506382
218430
894042
055547
440480
232020
222222
286575
446050
305181
304547
537668
474885
963623
328021
988097
284872
855885
800464
640278
694640
219923
558874
548692
400623
329291
083370
473527
025590
222222
624022
740961
484203
112767
307013
973615
009670
843836
193645
446177
819830
088847
487403
985935
759533
224407
040200
392878
294836
372525
666666
205775
944843
344625
111111
385543
311378
332796
871529
606680
394028
804915
948197
713367
111111
340074
222015
366636
138565
958611
090639
712599
399192
487327
430498
000000
770223
131789
396656
773681
323435
333333
767087
099677
827095
376929
262634
334404
713021
888888
922003
516165
666666
236586
426144
833907
020019
462056
641887
401584
902453
526123
095314
613214
968450
120350
723293
253033
278250
922022
000931
301936
245821
248030
078056
406403
542403
731035
627979
222222
489365
847905
425629
444444
367636
386362
000000
994813
260067
946316
364569
366138
000000
442023
082873
090022
333333
871832
966903
397921
120443
955899
399805
111111
658968
229681
902101
555555
493991
342425
777777
612513
714902
841993
702936
300395
808013
184062
888888
340402
333333
357840
331251
024737
555555
139528
291160
104809
269796
014586
638004
993611
072323
101889
880828
290795
389955
549950
582846
778690
982417
959122
213928
179562
493374
473636
288919
190951
823886
533793
590068
644230
825772
202055
323583
983217
589863
892906
543612
546600
475225
188047
232920
061721
472885
422829
769099
113553
999999
078594
384661
091676
077618
283561
205543
607956
756207
726084
474241
884543
720073
294078
394075
260814
888302
560236
079907
579708
324232
968707
355095
259477
330241
888888
853648
713966
228628
888589
104243
448323
358048
504450
666666
290983
399015
968224
488237
782024
999999
422021
725388
424436
040291
555555
674077
888811
082869
303081
111111
666666
911620
204550
009857
317095
559956
916580
322678
474678
353826
346274
346405
534101
360520
952525
878482
101522
084843
242707
759847
410241
344713
002046
488252
028340
246842
246533
242904
999999
094185
773948
666666
290060
962874
149496
930839
529695
769945
601884
777777
848156
840217
412631
057195
439675
842863
255456
908344
940879
405918
666666
840506
059573
023927
189217
540002
333333
335537
497883
526818
788922
294660
080195
727071
265773
104808
728357
508026
396188
182572
866499
377857
958428
481825
356226
377857
445425
462948
222222
412926
805008
585123
999999
088581
226692
135828
464244
434643
913931
716950
975472
555466
555555
849377
999999
015391
706837
752780
625876
606362
187414
245128
163463
342565
088054
384576
002198
444444
046118
284981
829589
828037
122006
845050
888888
188717
280176
720052
323564
690276
328338
040486
143683
108419
632355
900926
390943
286444
166873
000000
828895
202321
943628
830560
093418
474660
549499
029438
758057
662761
074482
797872
444444
909936
740210
666666
163265
006683
692411
459205
849697
548866
209567
862941
018285
663687
314013
892076
084161
519064
153303
584668
134075
111111
753006
600509
967372
277540
783606
907882
889957
884179
514536
853623
222222
989177
290598
703587
299923
476437
506782
413891
074625
880522
852980
889434
660896
844325
091881
000285
321187
323888
180925
945916
430472
001757
991000
204576
208242
367867
900944
217819
000000
329933
598567
808862
344422
444444
631224
898690
349695
279911
904843
202265
201663
499410
344312
109876
394623
853865
652850
674448
923879
351522
942623
690543
119660
725643
888888
908777
570674
646202
894682
704071
183452
875953
032741
162026
742904
782033
911117
242871
900364
583888
222222
312978
701704
932589
671941
444444
592929
666666
155047
349782
974723
498828
220481
118137
159401
280879
000000
752692
630579
829646
556414
879169
654444
428972
208490
764234
812347
054538
588266
105544
373617
531273
162306
666666
055389
083422
303548
963266
489047
944455
050875
780522
128324
885129
262562
497935
252242
947223
340448
245915
012176
590987
459575
834492
137760
499791
045836
666666
903754
449515
555555
190479
739480
894831
709876
891643
484862
222222
446848
796226
141329
834951
886447
709659
372568
183688
923406
522191
622554
323423
665225
288507
380776
666666
432483
211005
319420
645776
004756
182157
999999
522592
362379
326148
044426
954220
239503
117602
957261
173595
888376
444444
126277
600971
920412
368104
380242
209555
767111
258864
710840
959879
046571
479477
304677
270778
593804
787885
553979
999999
105525
896143
333333
318420
198386
802202
444444
704035
022098
099373
799975
972605
880531
290739
476672
224611
886668
706162
563105
325331
614770
997844
777777
080723
344809
010082
892550
222222
563145
470767
810129
899547
162663
083077
111111
144028
491821
395426
139473
333333
407231
453915
082935
000000
555555
904043
434181
709024
842607
655371
098496
280546
503354
910032
189433
698526
583645
926913
311214
417047
951843
462461
240698
023862
392242
145675
727183
085890
555555
567709
195912
002066
919731
444444
196481
377991
561935
094566
999999
381313
519261
929611
495080
223032
999999
956606
040502
991432
355236
222222
454245
320529
970056
332969
350207
222222
001967
398741
777777
572725
067022
134099
989577
099427
894849
498261
691944
920569
185565
888888
666666
817600
804030
768009
702647
842660
462150
634725
722973
129717
322844
342582
473277
978024
776476
360518
249951
012937
293596
982791
821746
082780
286126
229572
236200
091271
558730
079583
991435
756865
049522
885421
387254
486406
891072
843988
588951
883178
485587
570906
953055
588977
993949
937142
044245
860272
145047
148366
334086
630841
336682
000000
000000
167983
918211
591463
020055
019812
614533
982236
956149
970891
047432
433950
777777
074446
658053
908112
794973
016860
601335
160275
602464
194623
930510
905257
429429
940721
888888
835395
932988
555555
346957
274052
004441
283255
645995
824146
414702
319865
026310
882989
779856
963606
888888
501770
663867
041530
339546
403160
856175
488774
099174
414932
783210
177523
610885
519705
620093
063463
203169
909211
339730
735321
796431
555555
726997
714499
841911
975143
310470
982934
872063
943917
649610
879729
845356
999999
884930
760573
757731
453042
426015
436548
388511
233376
289595
388026
029009
358058
049557
222222
569054
817684
370600
394593
997471
080641
204882
128980
100116
592424
138874
116983
631995
117585
588582
954408
227941
348404
750084
887774
780975
630856
193936
038652
848646
328507
830146
548983
808437
440556
349907
294316
639407
274933
683985
796320
003665
105486
020986
845171
307023
008947
084334
222222
322242
602063
472009
043386
040951
094547
108340
706107
209037
787741
910013
838418
303523
904765
249315
487446
400816
999525
222222
339961
890666
698661
713565
189058
705474
411451
410096
333333
233361
111111
041480
940296
888888
612333
804967
098370
342937
666666
432911
965376
312554
384637
375447
914068
445594
414985
931302
111111
888888
333376
944873
432942
333333
630942
999999
280709
309513
433938
848427
170607
380441
888888
150846
388963
777777
145942
909386
222222
931339
354011
393025
733599
291216
779562
913571
333333
303835
277957
714767
878583
804673
240754
732502
992332
097728
132948
222222
068091
369205
394538
984725
298776
666666
954766
155862
452267
553714
761034
465508
301037
555555
832938
173626
802881
555555
592969
943355
299031
555555
655388
538644
635297
727947
036477
276669
000000
853287
969382
744879
109696
642510
094883
377636
111111
444444
947661
698927
222222
123471
173974
749490
383636
666666
969182
276368
449568
292093
332300
935462
182529
397506
556523
580638
523531
030141
163823
735045
397575
120694
698890
318803
091430
089411
735242
082389
333333
316042
438966
580874
592435
509451
631116
102833
222222
664064
096552
146486
971697
192041
688373
530484
890375
676001
657200
022188
497095
050885
086970
087780
920417
097722
826657
609432
625470
004426
579406
238485
784722
354596
923475
696072
257907
471685
706832
549432
560011
503790
936628
809508
143509
708084
406120
684566
224625
444725
005912
935103
082879
541475
742966
192985
981289
857746
753894
713844
000000
093694
329432
534032
042570
666666
976511
390985
600988
211576
083697
555555
489916
666666
398867
200439
014422
124246
870506
497866
630566
921485
148173
188525
261869
889836
593324
220049
391011
720202
690933
431859
429892
336914
949589
884717
233071
121007
349601
230583
147765
947677
496459
265223
735033
380756
284921
224623
855064
243098
059073
864743
090897
757810
218110
670436
444444
928666
037050
318581
305956
348952
979226
594580
555555
308464
485049
788786
403984
430863
777777
555555
252896
650831
425952
030593
524915
065866
882033
444444
069996
544316
938536
631431
004781
872230
777777
292961
982776
168035
446542
098916
303115
109503
563327
183781
985584
892651
547137
299443
880615
838222
172951
766046
983300
777777
552845
349463
279911
600666
527893
488883
275515
483876
777777
213188
493831
751061
205171
349735
520686
931131
900649
068942
495147
932002
353231
608251
107634
327273
224097
381173
300976
328460
939567
730742
443127
068373
575069
039465
079361
957778
228234
240390
777777
949546
348833
333333
865024
340201
494972
673962
234952
907687
209917
980429
423465
060627
547580
218071
071787
292997
489966
868027
278567
284286
458952
982093
222168
529834
780560
982341
909578
627669
723944
880306
074446
282581
796157
446076
888888
713483
595343
514053
387030
453493
202835
043761
696707
221505
429745
935372
620052
286631
337912
498340
883024
990901
630701
204923
348077
743063
257543
234849
080895
892816
560965
888888
297349
269608
222222
048836
010845
006488
208964
372300
567833
746734
033363
051900
666666
306953
591567
500495
160051
999999
318902
999999
224811
644429
092056
971636
523072
061030
057202
444074
020682
902457
777777
500618
261468
596636
137488
990709
969912
152986
870068
951630
888888
755660
666666
495503
941800
239086
838581
120988
858389
773482
888888
433763
398474
650741
423971
628979
276720
366097
323956
552258
801349
405951
934205
646841
356644
914041
449773
499924
022216
991009
881408
979701
555893
372213
262545
026084
028328
293670
184523
333673
219206
818855
952085
178926
264533
920867
950036
524097
909316
886773
364231
840249
950127
037571
225872
028865
382947
649405
000894
350826
569311
983825
049634
594967
049276
171958
019510
414837
878624
944532
555555
373138
130934
542725
456670
360646
000000
154642
324123
532803
395468
429755
623223
568764
010092
463642
378035
287940
840443
933295
334144
981512
229532
265260
284473
373962
113285
333333
213622
593848
949671
049107
777777
486912
742826
806828
421117
912942
694116
999577
708622
180962
870881
425432
006946
009169
792187
336081
273627
981110
444444
270821
932868
162649
730433
721148
000000
031940
834703
990073
277627
993260
696742
641382
245614
584585
184897
472572
764574
555555
924207
868860
333333
569097
342426
999999
999777
971343
963503
890426
182759
666666
951057
067222
821913
725785
935845
170640
254885
444444
106306
385353
725073
151473
287951
683095
468876
828720
360577
512745
410981
814192
333333
888888
994423
045838
808877
446203
034541
333333
785491
595537
341913
912458
300862
809586
326468
542405
820566
174305
832699
904894
242810
938477
448510
000186
048576
653462
464871
861125
380873
036796
446328
453490
063044
984895
423934
142063
881517
634581
382023
782926
409115
581605
480862
870977
711643
243581
306313
288934
294718
239027
923434
000000
879669
023357
226062
330176
948587
048553
442207
303823
188145
024029
880680
335168
893868
000000
824668
412357
334590
132481
799239
875473
406247
914443
739192
333333
822657
019571
999999
085244
344208
430581
412382
341157
255867
083817
875786
322666
903769
322370
089914
084042
222222
779701
880267
459265
114541
648579
043635
000000
444444
359383
997641
192806
873082
540179
109018
763919
961575
203174
714837
555555
677205
223944
881501
927309
596424
070368
659147
764079
888310
555555
882454
442675
394829
785805
108227
394592
666666
333333
111111
525553
004378
400038
999999
881660
333333
909451
402540
063386
910000
220447
697475
011079
333333
038625
380892
329437
296857
555555
444444
983473
016616
143621
698790
544771
506715
598703
541028
666666
091805
777777
244458
504316
004652
899483
306471
822454
209623
165837
218495
455987
897197
923040
642661
893487
590070
436820
830081
438164
789913
745366
111111
947204
916432
945048
388906
072339
846241
909425
417034
111111
942907
526681
122998
492792
003434
269397
242666
096607
013051
592631
572391
770752
584034
916461
216752
212945
880088
862942
000000
343469
901888
433817
633055
312626
074340
929773
629685
999999
984046
837663
242579
313502
405885
422406
292240
462251
222222
228146
948700
340065
612737
130860
074383
211676
444444
013526
177076
508956
444444
808491
985551
908289
264530
194043
763226
118531
192613
480025
170136
884062
538101
243979
229881
769665
809094
884736
649238
860970
634580
447251
930521
638943
211633
999999
454307
946592
549042
244974
858338
969587
280036
949021
026930
439860
853929
728384
558088
057625
295334
481521
108851
333333
440619
289235
123333
666666
514382
611455
346575
348449
883638
439144
111111
860421
222222
544996
858996
092398
999999
464166
777777
894217
283241
886588
490081
458667
683885
934385
233957
551373
611425
476571
414908
777777
828620
796436
687964
470734
039330
809485
838241
016013
394896
433479
904449
042997
474423
200850
444444
999999
249903
370627
446026
868234
289044
111111
203896
671647
777777
249037
039024
825867
491832
822921
054086
480307
370167
637962
110161
392571
988445
777777
586652
243784
039483
741375
936082
702885
309042
086164
503389
986475
190006
000899
742706
555555
673979
888888
435881
773930
683514
623109
856737
112644
429321
201633
690557
383897
989148
487272
000000
549843
176165
707411
402176
000000
062137
984900
830077
095647
299632
784364
716885
555555
300427
666666
000000
721482
099196
433691
620254
348965
176413
228223
631585
888888
999999
434893
946581
630668
420203
614885
447900
004905
484501
209905
013097
501631
052215
910576
148521
889718
444444
078826
394653
102145
006305
334629
247285
940693
096022
111111
048440
942993
042347
642943
154248
666666
333333
000000
016631
929794
893261
640150
182417
230888
032340
293021
559585
405591
446429
666666
297516
910525
869250
573481
070695
380263
040947
222222
390403
062057
383112
064472
719339
015874
700934
914060
199659
923403
185280
111111
183429
560502
053561
182223
059468
830333
357871
241135
333333
729521
857474
982974
211040
359821
222222
576637
293671
264522
424364
666666
526452
666666
869036
898527
070348
432980
858938
242449
165674
422579
111111
889879
870772
953045
496620
333333
899315
697439
244808
484953
642145
274264
681894
232973
313035
821874
002979
982823
023676
287844
117657
333333
902675
901973
780528
223137
340182
684812
438699
431514
464885
221830
723927
280813
963754
369891
024657
393942
538425
885185
302704
484835
315910
395576
970883
777777
528539
370272
653933
111111
858634
888888
682603
224346
940000
499576
809855
210945
803018
390455
888888
222222
285530
009141
751607
988121
000000
865539
591337
254396
777777
190580
551217
449548
322935
542247
227534
541230
442578
018037
699583
437692
478962
294354
428172
703369
502371
400453
266228
820017
986022
098981
824584
092655
854347
888888
334668
329992
813867
034483
643484
587498
222222
993222
879998
693919
048368
042069
714061
549019
850601
340892
394547
000000
072776
673531
419265
527981
904685
667472
899021
591101
286506
446557
049179
241629
694653
905727
444444
259671
243106
309315
582864
029942
957742
284960
711046
222222
697999
999999
257051
111111
441205
858985
857523
779865
193611
350615
206565
777777
499588
444281
609937
000000
448637
464923
820311
623933
919505
149807
704583
700784
038052
379342
262617
299505
481166
143875
950255
029955
227209
132220
040071
438428
364672
890970
020977
348272
547993
875066
111111
130491
107525
765535
590512
160976
713952
021928
524003
247531
231943
999999
382563
907651
242771
930331
797722
935844
002972
312206
692193
960982
555555
646690
999999
323971
213929
017892
258400
454766
711695
147267
573407
112167
824333
312628
602562
577557
851646
744469
216204
377829
083439
497191
432545
339208
634228
882854
599203
371179
033219
342653
383270
801763
777777
023861
102498
742761
262303
672982
035287
404603
471777
291140
207839
036863
436088
438376
127665
484250
120347
342961
776502
084581
094843
316939
244642
935585
245838
790673
484572
299530
666666
262462
219446
454075
064756
175587
860196
405624
850555
183602
398171
124672
994431
490121
393505
545109
020539
854963
230547
462285
500926
975419
112873
318836
433221
707566
105632
304920
440850
789283
317860
652862
711854
208154
219927
435583
320862
528475
099883
643225
050315
143333
632443
450449
531574
920637
066024
236748
420086
666666
836771
760479
081498
222222
094882
311636
053151
614572
858217
641704
512774
908493
669393
449885
478070
871482
291729
023536
484272
888888
902534
333333
002442
890546
490405
141964
285307
785191
237432
908545
929991
558366
349506
363471
325213
163531
898034
444444
000000
893559
314499
563176
243134
327626
432553
777777
555555
842847
289605
071869
023436
083681
337288
622597
253845
743759
638986
013005
888888
801637
664576
399535
444444
073887
324225
222222
521645
352061
736784
341311
444444
022415
867937
064287
863589
407710
370444
614913
948639
990813
099293
973098
999999
820493
332548
030296
944535
768570
930576
986624
424912
722071
518321
598067
901962
092197
380803
615569
772258
024789
955086
873372
403973
363067
024423
578404
506677
902902
063707
358332
992192
614528
424379
684297
431375
004952
335464
902227
322041
395662
777777
031437
738987
454376
777777
474006
334347
960601
120165
619132
028166
666666
603634
184065
986596
699676
233768
999999
000000
302805
888888
666666
883571
504862
944956
111111
359062
652849
943943
594853
432036
867666
148722
183566
127298
733215
740514
953620
581034
361437
444444
005991
502688
888888
633955
304261
330024
003572
840335
869249
900922
044056
474275
110468
673144
024623
434476
010873
103082
555555
029843
338245
943016
694809
608873
285788
909085
448209
243946
913645
755535
118242
061721
341672
887603
764271
298320
589583
181493
250431
111111
948045
886438
033696
438372
823076
907481
263542
824701
223715
333333
679077
416042
444444
208056
343836
128687
024473
929220
622872
860598
143568
823685
976088
906936
820664
318256
393997
784222
803308
444131
200345
804471
699962
082353
382935
110083
090675
228447
123442
876965
310672
763808
699047
704976
333627
353117
222222
392387
390591
025346
862582
438012
795049
514775
288518
777777
888633
640661
948573
459124
959103
709062
219011
625983
879970
911977
000000
111111
278431
128731
979547
238119
409274
679787
514927
904885
337203
589824
537581
999999
274439
888888
721901
444444
098323
525846
890811
954460
524567
240939
816032
097469
286047
341636
956565
268632
800871
873949
358336
161942
633739
189952
477803
000000
394666
747043
979755
203861
899042
038093
000000
021833
930982
000000
867379
853823
418653
399734
965387
666666
829579
348532
473057
349151
149788
149641
062408
638564
628472
054716
910842
558868
990475
144673
834011
851772
215822
448369
411005
792750
779926
444444
234680
868687
347290
929120
323344
666666
140419
111111
990173
359396
084832
296514
230617
304706
871642
222222
850225
699979
777777
191422
529649
224323
405017
044161
623386
673368
378344
590176
504913
672047
910850
560712
229888
300836
711506
406943
824777
482617
494697
445941
207663
335880
429719
777777
902627
556632
753882
431443
117618
333361
904681
008446
139733
316667
444444
139851
829525
996262
806729
292765
902190
824526
403278
088697
688620
282688
040955
009711
443420
223910
198153
482579
933033
111111
284294
480998
292053
881951
823964
483824
009172
158882
058678
359692
243751
918510
155496
453203
770436
992843
798899
069479
111111
444444
143359
479695
342331
848862
382852
201941
196036
985665
409677
824412
230135
441574
820198
331365
833288
777777
890268
939500
960829
294652
364007
223228
002991
073152
480667
903071
883228
401017
809762
910322
270268
032030
991244
444444
304433
154109
079849
984815
499901
738577
528041
359632
022946
178039
511039
890770
429843
720088
308681
250372
243397
224277
215911
604123
336295
732966
161802
901766
604638
798133
099855
888722
000000
576545
330090
504816
500963
390933
370520
198638
528476
565683
881593
038253
414947
310398
999999
146037
137024
912131
295598
437801
092560
300667
443866
230855
259900
829563
999999
988661
290354
000000
167171
090436
221697
452996
180699
282086
111111
649477
777777
905762
385996
028834
729079
495125
442300
140042
458843
048081
237541
002423
239992
387881
047868
622267
555555
222222
883686
368306
124986
236832
578553
000000
878571
932832
232843
979507
754623
382864
282634
448843
674053
678981
259534
009803
528388
943419
670062
900882
578483
332080
387032
444444
846608
072071
721947
165947
335835
467783
510685
218936
777777
838339
389946
393335
578090
827362
106577
444444
984121
630772
545027
254565
398166
945467
209687
432626
293840
323727
935448
953612
597224
413809
006485
370791
297245
225553
082705
371035
329811
948425
392380
494163
683463
697319
902762
421837
474306
333333
963865
411465
412481
068171
374870
799886
324823
666666
795550
031935
150429
915847
042001
939478
501537
331011
090638
273237
254586
088527
323418
613425
941376
504866
888888
192207
450047
000000
333333
562988
540672
715862
042438
000000
622112
824546
072878
142636
244996
243500
253045
721579
237532
259569
450254
021281
009834
823985
148631
297534
492866
444677
777777
499568
462935
833980
103685
437738
238223
227553
999999
888635
222222
787897
126405
804778
226322
773552
149311
999999
482620
411413
224473
447621
795754
823986
506043
383226
132229
475092
807882
909077
589467
428829
820241
983585
095708
590642
324467
995908
935965
983163
587241
258286
390044
034870
804794
060871
648068
890971
371867
723308
580136
451202
666666
239912
088944
888888
331961
295914
331983
204220
994166
259477
017748
777777
166038
448143
347021
224372
303553
524178
464492
028078
100176
327907
342677
728871
849575
663037
610444
608683
000000
368659
881861
944066
345239
132633
025539
199421
019153
043809
443137
311816
666666
954615
982807
443701
809111
640783
431833
971976
012780
240911
093515
362219
274144
274879
716271
777777
712945
695034
710662
902502
074710
436710
473672
068196
304951
997815
420295
249749
792115
822625
222222
222222
094980
472361
573537
904741
367382
000000
902666
135326
712845
029729
027673
614648
114965
091327
063261
479939
393686
531508
329561
111111
926609
444444
993144
786281
828075
405058
919988
930384
548258
499669
000000
111111
927707
228761
473857
492826
413832
489019
281210
101685
888888
914823
889932
414502
261249
147572
070007
203221
343913
336288
222222
600561
975944
387468
637832
444444
434222
632688
307959
083969
768687
005228
684192
237163
802916
850785
201022
103073
777777
828607
888888
777777
079902
027119
044443
402038
080068
444444
248048
820027
902714
271694
234422
822592
346033
323506
888888
885813
989534
220561
283453
443577
462163
454463
257042
171047
444444
735653
588864
642269
248334
847178
337696
440948
653125
149606
938421
149486
228032
038901
804808
480287
605748
111111
777777
798061
555555
130511
848303
175747
555555
905492
595023
029407
222222
283645
444444
982833
523006
408199
396076
589824
247475
126812
128722
026962
911274
707402
531922
788701
759513
802358
444444
498591
343132
694145
282681
303595
119657
423549
444444
249872
984222
862829
839121
087575
390726
686402
832761
170576
848815
700165
234073
931362
109345
444444
148267
484865
209278
288849
324626
000000
715898
421455
000000
345507
449674
403863
936463
872826
752547
358426
892938
262221
464208
596769
820462
409894
602269
338424
320486
932535
292593
544381
018765
851230
463976
524628
810973
423023
728076
638439
585676
444444
625826
922336
468418
191975
567950
342246
377168
088585
135082
016529
700993
220827
335481
111567
824806
777777
152794
046874
704442
095990
525802
249191
333333
406399
262986
853142
000000
325042
000000
110624
111111
934043
480987
090644
153621
484965
433961
350391
689645
666666
939903
626479
369527
222222
111111
433722
050779
005560
192333
588689
692822
279726
073425
555555
270185
708585
789821
824287
909472
249087
092133
898670
555555
385096
555555
369232
912656
156023
898614
443934
237875
972679
374642
998809
055919
259675
973316
838311
583837
323535
412465
788982
882712
657826
323691
324668
327029
178657
518524
980049
022888
000000
493492
063222
290463
803352
625578
768540
994413
882681
821430
444444
528791
320287
887751
888888
001921
402229
777777
270806
497075
285354
621644
333535
544668
238744
577181
813051
065575
032083
791514
593045
029237
792908
170680
354637
722530
363502
480097
855497
474350
813862
894022
490896
444444
584058
842719
979244
000000
497507
430888
483084
087193
072215
379252
988456
623668
029991
189648
224929
988419
349018
794412
777777
070944
019426
538987
407356
030842
935673
381996
863988
047222
018577
178532
877169
949220
265263
686611
356860
888888
419564
524263
084141
918937
929866
181687
221261
111111
233645
860275
236472
888888
666666
293035
244576
634786
614179
130154
082558
908673
895593
636426
227191
948088
390974
903988
407040
999999
295939
247632
808963
830793
110471
813698
444444
209520
809073
999999
566466
054007
908597
608521
262081
888888
919242
987121
792167
145002
153674
813197
091865
225974
779016
666666
217084
429540
111111
287382
888888
111111
538038
790783
800548
537445
425026
336899
723476
064075
109386
066457
297034
826066
911718
691417
146582
926766
766448
153587
297951
824532
777777
360557
870878
293960
203248
621919
030746
226728
851541
443585
262260
914983
594062
477107
520470
750130
582312
213876
684972
923172
289989
930722
543663
835064
349843
999788
333333
460139
766829
974897
386272
992140
853062
389074
555555
966898
292375
049224
529877
094935
948362
327104
999999
840923
234504
024377
867085
676850
111111
892977
641973
366582
063816
136417
790235
497081
027227
128855
925841
925063
270084
870819
000000
399536
943582
913607
210289
938655
157453
981886
252575
089855
222222
499572
124891
666666
993890
628982
488550
474871
639557
444444
852765
292983
860803
793235
666666
999999
705879
540945
658887
063481
888888
076795
688576
884921
469711
302098
670982
688915
028827
265975
372345
888888
111111
777777
777777
444444
202831
032067
888888
410881
220802
010221
974525
185488
239344
620665
094984
871378
130337
925064
408437
344179
322616
109140
734975
704440
063031
061849
305601
790816
000000
018943
937548
306466
510555
683014
222371
444444
425131
272863
444444
928654
999999
777777
274463
634425
888888
222222
324495
581602
586907
729948
333333
962868
331216
078895
038446
264808
375089
574890
823651
428203
794588
658640
666666
450548
104927
333333
089773
737965
828540
842469
740987
531563
628157
194082
523227
555555
847871
888888
842483
971687
192862
146693
988541
927107
034284
955198
739371
863361
471530
039383
949776
278869
240474
018086
968953
484034
925563
449128
549917
082373
999999
111111
465593
494887
428844
892188
714351
928896
838763
837521
048941
000625
210501
722674
423655
798126
888888
044283
328275
806922
000000
820876
810487
756565
909811
200657
510549
555555
183305
043806
312543
657762
352816
035954
938779
301433
302484
888888
540448
666666
102083
233398
943073
469174
773035
539080
480678
327272
934851
484227
228567
336266
472490
918242
111111
463531
360276
028687
030187
191679
484223
740049
085561
187549
363802
225548
415521
822950
664045
422664
789737
000000
137478
842866
271779
377709
598086
356742
289987
222222
423502
499815
083196
919839
683136
669665
000000
359788
320564
805827
444444
888888
240726
093948
805671
333333
036842
028955
862580
048331
406428
943080
225525
370243
999999
130531
703923
847627
465673
421272
045730
634025
094140
906243
743827
666666
346131
323608
219182
000000
324141
129384
311985
221381
793927
994487
742696
785322
250385
940511
983633
441086
888888
428653
423377
478043
099327
222222
461672
375931
304921
593941
029032
441416
434838
858850
491646
123896
436013
810421
894239
972540
538860
333333
424141
556151
019853
333333
409641
233063
999999
222222
567826
734822
284946
939122
747493
890287
312971
498206
427431
048338
526486
905469
843566
709217
777777
477447
170336
222682
222222
137907
734605
343585
623571
978991
555555
333333
103922
222222
539941
892326
793073
398444
167657
530883
010021
700476
408955
288672
569923
216135
163562
393485
464687
993149
012863
930177
692951
450124
226647
683600
574185
989181
253675
007651
135613
110622
128948
637751
203113
602142
383835
489705
353556
382882
866080
355916
264019
666666
819605
792381
800995
996745
433026
444444
909505
992636
489114
427989
023361
352730
817096
926151
388707
974344
054857
848172
598017
238459
722937
828622
132666
852788
881885
444444
687805
111111
726331
855508
959645
619785
652539
051837
684116
845443
298464
845570
588369
273373
282212
222222
278476
739861
652022
994075
555555
343177
211816
098561
760933
431516
080213
414604
305537
481236
406177
591689
598572
889566
777777
164434
388479
226682
925330
939196
284121
142430
451947
218418
250992
231779
011857
539942
304701
222222
820379
436028
321933
440455
304730
303405
944663
992580
205480
509475
708591
929961
333333
063173
999999
000235
221484
666666
560921
499678
111111
286402
056893
911537
444444
535974
060998
888888
260486
935945
248825
939503
578524
095587
653995
999999
804095
943785
463307
632137
832864
511864
625983
629939
949642
555555
728745
333333
102236
823252
095478
204032
444444
974478
493973
214985
296787
186811
733087
805827
922846
222222
536580
111111
312095
564944
585761
960669
191847
340425
869436
848666
085427
374687
028013
948007
593879
613871
409374
284061
098222
109212
894914
439031
392331
263076
097396
075545
686935
459852
864818
034861
594356
460392
491457
398848
970148
983414
519091
332435
666666
783874
276823
604584
608751
838729
792475
633248
705586
444444
421723
730395
923284
458948
987339
584586
004767
333333
279585
007573
382950
231285
786826
000000
627046
822729
917986
978899
100696
333333
313492
145698
999999
785617
434797
160933
818662
347923
111111
402985
651524
838091
603067
864545
303785
159997
185600
316024
181280
723936
323030
824946
499185
666666
235385
603507
819851
003511
974195
096355
269992
495971
409920
818924
630593
605166
002450
745642
900041
111111
863077
341197
299882
662579
768251
230348
848857
130360
555555
860416
364764
384387
956465
198705
325487
381747
823867
447841
895490
442529
520913
870558
242492
832374
425955
309088
230460
047673
346429
666666
838024
444444
602646
228045
991861
227475
378907
028750
423913
997537
208029
970876
694967
643589
966111
566787
048082
113109
748726
073381
048889
666666
663645
454818
069799
068882
555555
304980
647949
153921
444444
196295
925999
419572
760953
230130
850627
380276
758719
753051
803463
374837
580996
125923
431442
186521
584849
046865
881735
153470
438816
840587
666666
581120
352422
688485
192914
712774
893486
091098
443135
370036
201000
693954
399988
836484
635721
004227
409593
932907
111111
317255
872746
378748
012681
731457
588367
795620
990191
835432
033926
444637
073427
628006
065122
717624
517549
335883
097638
042874
864852
928670
931560
238017
290450
713701
008058
393781
990061
220249
888888
093981
111111
061656
999999
772122
345466
086287
020433
479008
342867
365865
135373
401071
266666
801098
323095
819262
487562
999999
041947
036977
500293
219085
000000
929020
222222
787520
941922
527833
788052
059376
340998
586078
479096
994963
357639
243712
987988
883625
801046
444102
558871
480668
540578
744688
000303
819421
598446
970931
077771
047855
339036
532288
028355
000000
059114
984111
102411
407678
636480
404845
188427
009597
659737
818776
732840
000000
666666
242877
646543
070627
557207
430678
999999
227559
989179
319687
748295
861190
252145
949857
443481
481463
821391
808523
156437
233043
354815
574156
280537
715935
418681
717002
812677
827971
774880
481277
111111
397553
963182
149533
840505
883127
350125
209562
911755
222222
111111
963624
598439
193897
490065
128601
888888
179723
777777
999999
850902
799390
695055
495677
478703
704131
675626
777777
490103
683864
847727
134478
620084
222222
363027
333333
932711
002876
399655
286890
111111
212811
183316
460117
000000
236732
000000
122078
600466
884292
326523
444444
659080
999999
492620
808496
200640
333333
339525
589725
749821
181166
335963
889145
197655
484966
940001
362802
503773
652610
888888
931962
061005
293813
344637
748089
392189
892744
003923
888888
333333
080001
734216
690862
555555
919142
013466
168185
845997
699796
747990
468566
799656
348183
777777
256086
444444
944421
844891
101347
360939
245977
099592
723607
019452
340989
930536
520829
400827
727405
404661
328650
327566
021366
510554
299538
767035
737636
459966
242574
807959
296627
023662
331772
782698
728571
428926
513056
288011
777777
287526
139585
206068
124942
235985
313264
530332
907582
103032
020995
285813
888888
152833
559765
722247
495650
393927
930907
221287
604495
793758
999999
219983
841218
503971
474623
111111
024082
564598
791427
442262
273046
861965
263650
001795
883640
885834
828453
777777
094213
069171
825027
652584
368405
745596
462115
992652
392891
214230
232916
300166
450684
541853
292597
957515
183125
222222
086886
000000
985533
083122
085283
208153
088920
918686
075731
954869
338586
868517
226546
999911
048911
830936
591341
860253
083664
724918
939078
555555
947082
006837
658030
879995
886421
994681
486581
675876
025865
440517
033887
108407
251822
891281
820977
818050
990683
402485
000000
798184
447871
499903
438074
104047
959593
926481
440486
956233
541406
755674
333333
538630
413653
389927
833071
333333
580168
706300
461647
999999
444444
974604
999999
614944
029172
799595
777777
606291
546047
105245
971501
587857
416329
438462
842072
382262
318575
193482
861964
400525
264894
903666
891041
241272
034426
681273
087682
236745
285500
474602
777777
302831
096566
133214
739579
712402
732041
929574
585206
462601
658443
638191
062416
846887
015027
893538
045531
888888
111111
488731
180146
096931
994812
898613
298835
273645
079777
959025
555555
026427
805973
996340
044546
156947
222222
950847
888888
126622
334088
344772
006257
407922
399174
190083
980867
633001
246964
369837
282188
846192
237841
888888
083767
333333
883435
117708
279693
492630
917671
191839
255287
343475
399340
664426
582494
155316
855142
292412
441765
928031
568216
581842
241547
208387
292542
222222
370693
348184
267364
883046
549843
857468
039278
935231
305546
744267
832580
111111
328964
771538
303331
728541
000000
669961
948542
898603
542303
922645
297915
469955
432392
308687
998361
222222
409642
179887
345235
563323
151138
555555
838586
427947
204016
788464
181848
648043
180160
398541
444444
223517
982579
382082
999999
896773
291997
802655
885950
979675
796174
330283
232083
971186
308846
052671
091244
900991
999999
055666
931841
472623
183452
099657
727666
017000
234734
098569
033347
828720
774769
333333
502882
525927
920908
925518
874687
846587
353256
079178
803933
907951
018739
439034
999999
553776
212780
951931
000000
089384
332221
291407
608368
823463
179985
697047
846541
830331
909965
292096
602743
263874
878137
222222
020832
940541
805468
099361
018506
805422
418146
889766
074107
249233
879283
693112
922949
121635
628369
402962
689115
829814
894787
351942
087981
035075
320021
968544
488762
999999
943637
950095
137163
595967
148474
444444
931913
849646
042022
000000
690001
786957
996068
555555
548922
213974
835423
839988
881596
307615
806970
777777
652437
923269
006942
803082
687583
150277
835063
767941
841873
855184
999999
940323
948247
893237
490467
082324
017950
000000
915532
483753
719525
320655
449293
934336
488541
938275
000000
987680
772290
946264
746088
280416
045635
650065
296305
869012
913887
640571
032060
666666
910020
861982
207461
666666
319005
825419
343564
900346
101579
666666
987410
875362
226428
881933
446465
434341
753472
144329
155936
303420
133641
827159
807358
361961
222222
859986
449413
215577
430066
483473
205421
302835
802343
313583
721040
542196
658693
212070
594974
831481
087074
774192
704872
743668
323636
885873
555555
322262
340537
040082
087423
676684
778917
459065
599928
731433
660449
334265
176975
838163
924986
913486
666666
923556
932941
854417
313426
385421
442618
529530
441890
744970
008047
889016
349303
297802
737676
231011
010063
349464
740470
024851
783583
397233
888888
339958
017687
551020
971941
888888
999999
547332
830218
139647
421665
333333
400437
304861
555555
033806
996236
193500
372665
888888
301748
222222
819448
929595
468252
576838
003402
197234
666666
380628
256554
607120
802733
941668
223001
404873
347784
401077
408927
834007
492785
601303
756030
626045
954865
591592
499283
257415
549246
182901
390092
473985
093026
749548
523583
749685
980482
940662
181067
747873
473017
149792
460704
920910
028785
498320
534582
906302
205522
564861
641032
912669
880625
409804
694872
111111
878512
178677
074033
460504
294540
989077
374620
068301
384108
408270
652091
941871
234063
287245
150330
337564
104903
357582
736526
333333
434963
392287
951830
777777
555555
063648
037487
423822
590174
311842
790069
831923
930974
804906
222222
026605
584511
450542
649970
391657
498566
843200
203735
320441
183665
510865
337569
902862
462599
278737
666666
813315
245936
433492
162054
867348
240669
254571
222222
294563
420543
750721
718986
021373
084673
093737
693047
424672
534990
203001
628501
286370
698035
904600
827075
988581
292260
250086
893842
514133
347787
050479
264707
914002
030283
402363
138874
882848
502717
201909
333333
819470
551587
202332
666528
925373
888888
971289
493531
973899
681580
888888
290856
209585
555555
244671
760992
033197
523653
999999
094417
923828
579455
142967
786012
038564
498520
993861
408475
063210
368562
150368
401006
777777
827048
070030
995875
325830
515565
823342
838071
086183
038439
108404
392823
138386
998205
032890
803580
262862
035255
902821
035038
813571
984982
300634
000000
222222
008096
080602
859155
854577
884974
032894
082384
381869
398267
132077
013602
795805
053223
156469
531647
044221
333333
102544
238016
741416
954678
403766
427681
256545
399082
062576
539537
222480
062924
466220
213477
918472
497199
354651
009535
366437
285163
514985
298208
859936
405105
173471
083524
882662
950213
431643
873891
434022
111111
685475
604522
859879
420927
187635
649152
042572
000000
111111
249416
527366
920252
282432
416816
476484
362461
082924
982649
414891
048673
690032
696538
703000
496475
909694
898173
490686
666666
395343
409162
201504
821340
913879
111483
994024
555555
343714
843775
443271
666666
984114
075438
409463
224056
785019
257976
840561
679770
384990
825135
444444
088099
684656
284016
288690
111111
734693
790640
381548
363663
028168
580846
000000
694206
060196
333333
444444
733402
999999
735347
973180
538059
390523
122663
449015
422242
777777
910805
333333
734637
391687
858483
188130
962943
937446
972569
016828
316321
573056
002969
088431
378431
300555
381081
204943
263864
969678
774000
195875
539835
938967
408936
810315
278671
228402
080203
798184
777777
114663
862996
075873
434603
033455
418742
230025
177726
178458
859966
272951
974657
693441
768688
464325
450040
834931
902746
576457
143025
877246
796782
970023
010240
250841
017354
850675
731097
489723
480067
598568
493594
888888
333333
685406
308968
494684
300463
867866
777777
640195
741331
465679
000000
272096
309497
788221
211774
823925
276512
824561
481587
202167
711727
290435
180962
399916
846287
143697
902488
777777
321634
287661
697883
493627
281507
633585
145725
609242
249990
244886
124975
850249
000000
197355
933433
324473
111111
488885
920674
709138
072884
920139
821916
979921
984221
691795
023903
381033
241144
262806
940756
504547
017029
832937
341346
000000
817386
981929
828367
732978
671784
959825
043675
848790
507344
019758
096542
310771
111111
363590
444444
048220
204887
730635
434270
583902
444444
641286
448023
972678
912556
149747
809364
065333
111111
759071
589213
036251
888462
516543
551746
756896
452808
190798
326439
644541
494471
544544
470673
197612
740681
127402
796752
444444
080581
020015
226625
954763
950554
883935
581275
316677
298924
375112
932579
683323
498961
666666
590926
880244
927137
843054
422089
819877
960913
780997
540151
680805
777777
398486
901372
829634
376942
050423
838626
354427
238324
999999
323165
294604
265709
423965
047686
378577
777777
459287
957997
053065
289517
845015
934983
829658
953841
438577
743179
485885
282172
450480
924063
844770
768407
789831
276491
023862
306159
342840
822147
334340
388731
288777
398143
931096
603999
269050
424497
053070
112360
292039
208867
270786
388136
197309
231727
333333
128519
934862
472986
654972
850106
725867
754755
993743
666666
081204
508004
111111
192443
666666
154519
423947
433842
282346
303406
461753
601971
223588
230683
570458
918685
111111
746843
764330
666666
444444
675595
424669
058907
240058
284517
156236
494856
786168
531856
677093
664446
810206
993101
093021
109449
444701
867448
083966
103254
272832
606236
820226
278664
430621
215067
786548
203633
561279
312167
255390
031815
880969
940356
777777
852575
102878
432973
283468
999999
938105
640940
901594
374729
820350
480576
433632
732838
458984
788636
642012
839238
542636
238390
204045
009413
833871
523090
272445
983053
644855
581505
218327
000000
199265
182368
492030
107939
439478
260546
888888
028791
535417
222222
544447
430521
703920
573972
440597
918676
345056
299302
009559
824470
111111
302542
178446
555555
620991
377224
508500
930017
914597
044832
259322
833467
999999
983637
000000
874657
777777
770506
089683
627801
328913
222934
282327
228472
020741
453671
021777
868266
453099
429685
339561
143384
225177
638875
516627
984214
945986
020842
799097
888888
797929
764375
969951
999999
713564
800446
944069
414926
271427
023866
128572
166901
267648
037654
328664
943447
495005
444444
134729
735087
590298
308636
753583
777777
943934
409283
530777
327845
932146
555555
641965
777777
226013
315225
196739
087057
585849
042921
133953
555555
881577
374741
666666
544204
595229
955425
166466
552734
300670
090420
195362
888888
842218
983198
984672
000873
344068
424469
080001
698681
348161
280997
180892
240331
313051
145411
926431
553649
816947
847374
121530
819624
458326
045848
833371
307242
642161
249093
673095
333333
984265
599560
208175
853515
259115
060904
016814
898056
438538
049628
555555
080019
902948
399433
643441
599590
369837
559951
724366
410443
998137
590898
978185
802956
308583
383339
329523
444444
802162
132643
208082
242029
558374
234175
748640
209873
335906
639933
884607
430467
212787
798530
507621
888888
299025
420236
727952
111111
479320
569208
724287
947622
251732
781796
447588
946570
999999
880801
329477
111111
122542
868073
310420
852892
432692
283587
555031
396061
786571
454322
761488
888888
032377
304988
165666
369890
111111
922930
413562
438713
222222
931983
349063
486639
333333
009895
109171
056574
057905
145047
650245
975641
877232
009662
114862
025574
870464
396821
100740
538467
761798
294962
961048
025881
018367
999047
120082
333333
333333
823566
832615
970725
661802
475476
881493
396987
922182
520986
350025
494017
898482
999999
637177
360521
549541
283579
394914
929571
956042
287831
634585
648705
551182
982917
497290
130303
829836
914129
265157
273192
009574
584463
467871
580159
300167
539737
777777
666666
146223
547795
287055
029225
685153
132820
048948
444444
999999
803904
222222
901381
666666
981769
100366
439302
878631
450531
439764
999999
340001
064747
348048
984819
075776
401727
488637
085188
185046
672123
296951
766830
417825
965085
906924
488655
999999
897658
398444
221587
363681
090092
222004
555555
812774
400366
060537
333333
689503
999999
291052
327882
606727
979985
310897
888888
893927
533377
685673
875432
624105
529020
282025
249676
869792
666666
373053
750647
571248
943487
858672
410348
111111
305273
062241
888888
666666
284790
333333
829056
880183
110373
746121
367588
871341
030093
432990
221135
195986
834401
463498
858438
040512
672378
705014
409508
666666
868842
235650
882049
888888
239498
125063
588677
811996
300143
810586
680402
049261
306009
138676
837285
329633
111111
608752
122832
739641
406987
891523
869855
862518
426077
404403
382478
400290
333333
782443
563879
591813
232647
241899
585933
734385
321968
009075
585287
090120
578147
259763
720788
881970
738716
427302
448055
268576
447481
069593
976018
340899
031587
671292
129524
206051
254683
404846
349076
088582
461277
608855
767535
549916
666666
486932
999999
458594
219447
218677
098686
893322
319927
692180
202244
099045
843539
716166
482698
829648
406961
998567
491667
438850
948493
451924
680583
395060
189621
299787
555555
549538
904287
472404
333989
078885
090602
843046
934578
902431
272766
777777
231777
334952
439096
342981
799984
942661
419693
965784
970429
934286
724183
303633
504943
450188
041032
343498
777777
043926
687555
939687
664783
447563
837159
423063
088415
989175
312954
785795
847105
460153
283266
703818
260645
182483
444444
243970
117778
718535
478677
237757
660654
435540
828099
844826
291546
144017
000000
344291
379068
737066
287338
589537
203556
489779
439157
498586
423165
389480
084699
027022
869571
362666
086538
258836
999999
485473
916898
890257
992374
735881
301534
873065
468133
888033
433503
347272
900622
216913
783991
462952
682874
960422
275074
777777
239842
318756
183846
950931
832216
555555
848031
510333
830566
099180
264631
328097
932065
997926
734371
791829
588983
001945
722278
624676
377231
090019
021060
922027
782647
382533
660022
422186
422555
683610
396886
974049
677474
953063
330086
235031
797771
498629
431483
651160
903402
731806
820338
944442
991988
036353
832441
029962
810696
208172
160651
197772
269330
337977
834483
900697
589841
195088
610270
546535
773641
999999
443813
234909
392988
096929
384631
934253
246667
441861
189537
850876
262465
060878
633407
034842
105472
296081
713670
133915
833846
379076
094321
058547
155722
010438
596784
791073
342651
777777
111111
783352
172883
869532
675890
173038
229280
485634
249229
507778
777777
345529
277761
474046
909959
820222
429336
610616
830198
045522
862640
888888
569729
402291
397961
164173
300348
272964
394433
333333
683462
138503
870823
230391
073135
323012
892096
988308
256223
737760
216320
826206
433481
666666
714096
879920
429406
495936
123448
602040
104968
081534
080537
654011
487652
003676
832802
000000
041145
901567
760640
962734
900312
066062
929919
413849
812137
306551
930175
495398
555555
273616
524491
072883
222222
625076
213487
000000
709996
920594
904812
132696
086048
333333
999999
285181
075013
630483
833563
592592
023729
909586
450966
262490
813594
040062
014681
555555
599467
218775
590621
883111
103524
526302
221433
848887
518895
307540
080019
020892
789276
293543
785048
180562
459861
279344
444444
024721
330847
999999
894496
919803
901637
509562
548664
555555
887031
947528
532236
330598
690992
422339
725542
884369
542411
901960
852521
685056
777777
500265
777777
304301
453423
039588
647162
998435
176959
304628
445631
131183
908071
895576
291123
666666
025446
033925
783645
569665
055706
902552
822880
704800
237567
013683
051667
925986
499873
766837
190433
462726
584819
788840
849957
858342
999999
782095
092445
977071
570071
534181
040603
423245
310295
573883
037642
000000
933247
653987
135974
754897
444444
022627
382670
433453
998961
111111
748314
840567
799244
303147
130725
999999
806966
342929
444444
263815
946331
749438
804923
986515
291507
333333
002641
116567
739267
511125
524170
930521
610982
233472
213005
229149
020289
906448
519427
380823
455218
324447
040460
540993
780444
507611
555555
894883
104618
857813
513797
664725
183521
492881
879921
823591
193582
544482
777777
152492
523672
242628
625782
002976
433487
303864
564991
961169
882385
852017
831467
999896
730474
887095
200403
326175
118823
485887
666666
463073
793532
714476
536084
888465
236581
481860
999999
270526
838939
018372
620522
427409
307649
232016
743682
205577
350381
222222
929121
091707
090215
802014
724781
978563
043377
723178
175648
897345
799926
555555
213996
887592
114961
111111
780679
950866
596975
666666
983210
220312
298014
024183
750783
708245
211443
138679
489485
392559
754259
474499
228498
610918
793255
442874
130831
247146
288747
333370
108036
652071
372983
494292
799378
864676
945757
442479
634498
406622
688142
078560
970762
333333
233429
009077
774333
750801
000000
834276
571466
333333
841995
692536
429706
809021
496874
612445
227741
412632
248528
999015
034105
986688
949324
184322
969252
717604
428591
296736
003399
867203
000000
383423
844788
027160
848887
747160
319329
777777
056419
835445
080590
983939
933177
928003
640526
320700
222222
038546
323973
198553
120432
777777
538337
900194
111111
446664
654666
222222
602295
932911
111111
042596
547023
783450
353184
805689
381246
959042
777777
438314
922544
099056
263862
636966
658770
386683
749334
803563
062315
727705
005178
197675
098049
888021
932322
666666
845385
444444
605324
690654
394927
921942
777777
114881
333333
330541
340445
222222
430798
444444
618247
317018
279058
310521
111111
897247
523750
111111
749609
098369
641851
839832
029738
150431
448322
803752
666666
412521
362886
969658
888585
959025
880934
402097
182982
444444
622883
312439
344507
344615
406635
402049
111111
050251
085424
139980
930400
810154
689051
510690
439737
777777
840570
951070
851481
837833
086047
333333
897738
937803
742733
402788
159820
977078
520346
444444
809075
790603
242435
497926
532561
083857
988422
968516
539226
171882
726445
542318
633166
345920
053894
618227
464590
321771
679812
230046
000000
812086
476897
444444
603826
888888
293928
458845
031471
725829
198502
885684
834774
279885
384505
390818
037025
049741
524245
979577
385035
666666
804747
719030
725831
002988
124582
852231
240577
938905
000000
883675
621973
662668
225415
119546
848900
300532
089324
139145
709633
248409
284327
022681
628374
192144
491505
868440
777777
642470
696663
244908
588967
872592
419549
238315
295639
184566
442312
367827
331621
421174
488636
259123
398034
896821
710481
340248
555555
269341
741473
420633
231609
999999
548424
331865
555555
835926
379820
777777
900995
079214
496834
922850
381522
024030
509448
858270
222222
352786
037948
933926
582622
989546
879743
859450
302832
282382
057937
848037
474527
368676
708882
408461
879893
190069
666666
693236
692577
089652
528431
555555
369924
102030
348011
471410
420224
059748
983884
243915
055047
853047
303377
349887
666666
208940
336719
273241
119006
441486
666666
222222
555555
768323
898272
774485
919572
509935
617916
436963
777777
004066
919466
847528
209394
327121
020641
431333
090063
454420
242587
555555
688885
432961
800664
801545
056237
913636
147661
022825
338849
895895
454483
202258
930624
344655
061832
409427
895529
305332
820146
820843
777777
382953
221866
898562
865280
299854
555555
555555
088810
645003
666666
949136
059642
348501
446583
024184
366019
456134
552925
465471
161075
343178
899628
009081
394575
285022
057654
454751
820712
222222
319541
824576
675408
024704
905336
255153
509014
332119
145878
547761
080983
840802
090361
924936
324602
342866
666666
555555
418027
555555
094183
729871
352476
002570
222222
903481
666666
022623
204623
095587
736567
404713
918614
089893
977325
777777
806576
391078
340928
348154
954986
750022
326531
034937
808441
000000
139197
274252
263967
528040
246463
154859
835577
355014
124827
397079
447291
599359
688826
103593
333333
111111
856366
834983
019932
497482
492220
446106
382087
459996
288785
039327
079723
938573
436795
039435
555555
759107
111111
302410
912972
086625
058596
417548
507882
634267
909730
986832
088923
493674
602227
243241
251176
456122
425991
573856
722911
319537
277337
219083
434075
930070
945546
444444
333333
709722
789660
887636
757152
846459
828721
912930
703161
352225
204856
379535
842625
914536
498866
279618
557856
787037
839143
666666
894402
749322
454678
759857
302537
026475
545448
122655
456095
778803
580591
886432
111111
658661
576637
466518
642447
348012
871165
802504
478411
000000
790365
622053
343484
118639
523108
967650
040781
775442
469365
207547
765548
844632
526591
910366
039509
292992
140005
444444
578373
180254
055175
100461
234679
213246
222222
964352
272808
845142
391019
938766
539425
187021
992027
379518
680470
506035
327895
777777
167361
825264
982139
782113
352823
443297
220625
120384
804014
254334
428994
508803
459471
680482
545376
366753
333333
624062
645415
381437
683020
855241
912225
666666
318052
838842
477982
602412
966472
088975
267510
891767
821668
380510
539026
291407
984311
333333
202980
397524
062786
000000
000000
994945
633927
030240
571862
706636
299956
034514
049582
903662
122644
259784
333333
804848
000876
424339
338335
988546
423131
230047
248372
531948
285380
768531
002985
788314
037786
045075
674907
298062
093864
741710
189084
491375
111111
304847
473163
412755
158113
802770
946093
405507
782666
035122
648375
090797
746441
143841
259460
972839
135024
111111
086946
304976
224553
555555
100783
530477
888888
263210
980746
512022
888888
559835
473881
938907
893546
036238
380146
996192
132384
502397
299594
093515
238816
974689
324079
732513
222222
331995
985977
999999
280440
231450
738135
333333
043362
294086
269385
873943
391469
374481
776320
359382
291841
444444
179686
567864
392549
599069
936373
296054
560981
371869
999999
194645
951075
313051
538838
000000
777777
238574
864105
489555
585173
032780
799747
364162
075083
990684
804328
950612
209436
312695
183665
643227
891654
848893
222222
086889
293475
111111
940582
441675
990511
052612
935532
999223
555555
178614
481843
439531
492961
708545
186809
764871
133851
000000
620053
840851
480284
777777
331593
703865
082585
888888
049472
293870
577067
555555
222222
294376
303063
880737
237071
838261
737432
573931
033866
948868
014548
522491
240556
777777
201315
148576
172074
434033
939517
559291
238312
375460
400021
115425
965168
454190
922617
592420
084552
039451
219146
392100
049585
521078
999999
328364
432431
360013
977463
212694
222542
624400
972447
222222
749612
640627
494062
338541
319685
829929
320405
595737
827535
338146
000680
444444
708885
000000
070036
308686
890833
049426
896123
830799
109324
110425
192422
222222
029574
329558
232267
222222
202750
126612
280583
055962
544928
099832
725180
777777
939133
888888
903792
002443
108080
333333
666666
127471
810871
580685
068955
872427
666666
602549
202037
492856
749722
333333
500931
992029
818044
332535
686197
571145
097386
597006
111111
644747
482021
679867
402734
297093
903677
978023
928937
546125
138847
744866
307091
703869
349584
258979
333333
072570
537676
854145
067292
117685
888888
845917
544637
955541
703375
000000
603060
777777
761396
321424
000000
666666
888888
433942
222275
421860
955366
222222
819275
637875
480697
661097
678879
771594
201857
161140
776538
668746
480421
191281
499373
379956
603747
415874
940325
464187
864038
022480
206980
888888
302242
773984
646882
823973
874986
992537
732272
165512
610566
987437
921237
030967
923152
777777
413582
308969
531846
819679
666666
333333
299921
786218
425562
814941
000000
626626
149743
947429
770493
666666
449478
555555
939826
202946
214563
242995
888888
698971
630672
649675
992034
888888
713411
393153
921975
863629
824031
306871
440186
421956
236682
842235
206793
874861
084392
768562
239047
666666
636235
642473
612785
623831
060362
333333
978212
604543
831817
888888
059873
076268
001287
328564
565587
801944
462628
666666
503333
999999
063026
116542
338852
073918
458689
203476
725427
223478
346841
367735
101726
004589
627793
222222
096529
017147
815966
792054
222647
824785
222222
870475
138810
041474
655333
082032
017611
563571
874683
298762
257376
025556
219846
059992
298012
697821
081799
313562
320540
444393
777777
440865
404237
474839
584484
816038
982798
363367
277761
931116
843114
007247
029917
333333
318341
908042
992464
814036
732526
680920
921646
830521
266973
483821
093394
661442
019998
617656
264412
353835
935837
222222
855121
149205
454502
944594
111945
358696
795676
332343
372640
339615
093828
078025
964312
279661
296185
222222
413650
264006
640662
475877
108184
523953
221883
648796
999999
234061
958776
000000
409832
240291
573545
054582
048161
211173
803487
112780
829315
039578
924726
535765
904847
100431
029977
109529
217824
338930
408425
111111
322137
048024
379111
862671
924051
333333
476955
319064
433622
963937
047222
205445
662640
756901
801735
750951
465135
333333
433683
333333
380051
643461
444444
385402
302323
328324
489025
821829
016046
803097
370953
164523
906846
843093
098833
835794
006061
013586
969841
609073
900232
683176
241254
999999
022536
521735
344026
918724
273279
516573
444444
400477
145199
474567
174052
856980
959372
881521
227926
815048
770872
163465
745602
509653
383667
533914
355982
611576
983176
181342
302461
098151
392076
905427
430041
927783
637979
241993
998068
555555
896451
848872
333333
099582
898009
673156
484154
566703
427424
458240
307445
873892
288129
200122
918425
238021
708958
764673
994976
999999
433261
449681
206627
432582
785817
628521
009040
895691
929987
340851
889946
677538
626125
078083
967032
461850
555555
255072
964815
413335
272978
485941
424682
888888
982746
393888
098593
202683
910286
494775
508258
090574
023201
202453
187718
000664
146288
272271
444444
680881
999999
288670
240412
164011
732625
777777
888888
098365
242950
141462
400703
385600
328473
736416
335925
220950
828927
991962
237807
316033
022788
204479
742053
085082
682625
332565
194928
152642
726532
228159
285145
060323
888888
297647
203057
777777
106793
833253
333333
910187
842035
608534
888888
142493
180572
762437
089609
622401
325181
254537
333333
267721
433374
689003
888888
432685
808255
196454
303771
222222
690816
720247
705266
333333
091035
531420
784935
385506
219637
968673
539025
385882
622868
124010
295983
050387
843834
555555
931977
813986
715046
681757
666666
203745
320524
628047
906135
679479
494702
563009
028741
777777
262361
585366
991816
324183
438431
039623
412533
516741
993406
287402
775742
725717
000000
666666
284747
809349
111111
919982
777777
403806
756110
094776
888888
534593
768980
240090
807669
401986
822227
211679
025362
289759
744679
403668
902242
192198
210881
176891
881352
972489
888888
357177
309952
966107
777777
236323
811583
997633
998336
333333
404201
334463
551032
092899
513921
513846
809728
824801
508965
924594
924760
880803
488865
999999
813097
869670
356644
969480
232895
857631
644412
333333
703470
307508
514576
011390
000000
504843
600863
968463
825176
502332
070365
434138
431604
540204
406147
444444
834044
000357
351527
363573
126145
148787
135317
222222
208071
946531
081307
539296
919472
899222
953803
443927
947071
468162
480033
666666
775256
882756
690368
267260
666666
492649
097541
295725
498941
222393
848855
897443
088608
730425
442037
795528
444444
987881
084533
337832
840360
538435
250971
390631
838806
304513
837572
449916
243923
329925
329658
208357
597838
984364
249641
733263
470005
391742
849815
230980
248772
117498
000000
898567
738063
222222
087623
260925
472228
352879
522474
084183
969841
357654
227694
999999
429469
351738
733874
222108
853121
421597
335488
444444
819733
392479
964838
968495
145062
222222
012764
830461
099321
243125
314340
641873
755684
886067
012525
209371
555555
505684
731622
161550
804467
309150
978227
429443
435669
850874
189864
759949
508792
864707
241633
501230
694646
173011
666666
467335
352589
343558
951440
253820
328771
239577
444444
980772
332260
897356
678130
418840
082967
666527
263241
299293
033099
999999
365425
010061
180289
330704
344288
222222
259031
240827
098126
480422
444444
382256
888888
650290
964765
168298
080477
303001
991809
477841
813466
587453
322231
086766
193867
364767
397541
444444
074674
954039
072481
425296
555555
595386
493707
669584
999999
289457
553418
772670
711558
031438
258031
528346
903856
483586
825755
984960
873225
639387
788039
084564
810122
470803
864047
382574
327060
276996
704723
133734
888888
188922
790492
511098
037370
823569
444444
497040
183166
111111
800465
449009
111111
262448
555555
906246
981542
996031
950067
459716
793286
148575
043730
062680
333333
724043
666666
603023
334078
070522
879037
584415
071509
023886
492668
691274
517012
827563
588910
583966
070177
468625
187505
978149
134312
335143
129443
704990
320513
222222
632081
780712
296028
920842
582082
222222
461986
344604
928142
888888
321871
291312
766685
493282
973045
311340
061074
599257
979388
805667
960255
865891
990975
392728
199485
328837
906320
760050
229621
230549
125052
496474
819306
839323
794669
177772
372062
192794
220033
852485
000000
710895
419245
852476
240240
777777
498442
213888
445426
809146
765560
627987
476337
807880
809740
386668
777777
111111
901827
037765
527718
942045
623243
849821
598280
769494
587401
702876
540421
004278
421655
896193
342926
120925
408943
293632
684461
098306
888888
272357
519652
234067
428442
232312
278067
453985
714165
358380
763981
047864
501907
000000
916286
706744
274225
598291
524636
802981
098557
823969
824526
844648
204667
989415
433733
461491
939213
460215
093497
644386
780625
897083
426435
628077
620877
358830
942445
934967
012501
995263
989434
806607
471779
075438
068180
027901
878923
712649
857892
184610
631571
082061
037441
948365
462662
963516
234670
350927
477123
834573
633395
296966
833055
701339
555555
855084
699020
536082
224050
381595
048931
030861
555555
000000
352394
824080
692210
322519
406700
485249
798452
193863
294887
000000
303866
444444
480893
877118
322866
666666
462853
082921
916843
433985
564730
433147
333162
052421
450792
452586
278925
798930
873653
007821
333333
323918
999999
729472
623405
318467
422125
340964
056778
893117
951575
082645
067461
778797
314991
999829
362530
667519
231258
592071
328668
444884
637244
892108
444454
426131
434466
574830
387201
320478
463444
352172
811471
535481
424202
154876
242497
333333
433640
382550
649732
044206
243936
960089
750085
710973
364634
197567
427740
824237
840669
281819
888888
173241
357436
117316
614772
012826
609475
590862
092442
427337
350126
462732
192152
300426
449894
633541
023817
154163
195222
820736
189367
833106
853823
749408
891410
920848
886092
157196
795973
900523
888888
792345
208502
608467
446650
366489
388879
383942
362415
106946
000000
404973
570796
956386
964906
981235
084303
752028
720501
027408
909282
230803
935828
192961
510683
068966
548829
666666
808092
951565
216162
456545
960923
541841
009657
557640
284575
096231
888762
802121
027982
794682
224059
845523
956403
208744
109164
483926
299540
552390
444444
563591
416967
715307
385144
019583
051727
430826
043967
666666
456179
706871
094829
922321
249065
275123
999999
671828
892242
099912
307205
228605
137806
423580
811490
862525
697743
147203
702325
047867
834405
893002
223995
500876
892422
378075
099326
416422
671230
687288
165561
408767
662984
471552
753204
666666
928859
392242
940591
325116
420544
222222
530710
232036
164685
802944
390327
101923
780130
938615
140647
985280
860263
992175
142368
840903
742975
238201
584179
408085
084175
283704
329336
437494
214025
559460
453308
525785
438945
444444
397639
952368
088643
831232
505148
754006
368835
382024
006867
890270
176200
694427
015608
218612
852456
796014
536879
134920
985846
135531
886429
637151
448221
838565
000000
847883
218652
630342
791877
639539
464417
903417
872191
219344
389739
094368
435782
400256
865852
858361
384882
979142
643111
111111
618601
928855
632302
229199
894449
109616
933442
104033
222222
287025
666666
324667
679283
307677
993027
678728
299923
170952
300822
445985
231120
044989
988337
860905
827131
623186
647472
202930
713963
333333
603216
945477
769832
249173
888888
739890
344573
205566
819322
893185
777777
823468
222222
701555
682001
406060
125261
429690
865489
260982
659488
643753
245031
777066
932970
253432
919612
306680
801200
391551
284731
555555
825593
344037
916388
812363
744313
555555
772919
139142
699982
070431
929683
413776
222222
584427
333333
380620
062037
563069
860795
998644
039487
222054
888894
793943
340467
519184
556762
599187
137140
240986
235781
193090
459271
993082
499297
111111
072769
922041
169149
995367
135531
634313
790304
138018
777777
115668
629866
475077
506450
253242
333333
127054
949753
227331
803581
139294
099664
509831
871941
898841
972384
317044
076483
373864
347619
622630
806080
347680
577989
388656
280896
281471
437093
777777
306343
666666
959938
830702
848704
412296
053589
066874
258585
297061
077419
758485
248635
830169
023344
049018
596947
283456
491572
124076
148867
882880
172112
743966
743090
088440
845670
759792
788832
478065
496846
076778
831547
193829
842060
111111
454391
444444
429146
499033
325883
568720
555555
888617
853055
334534
787856
025636
104465
499167
111111
888888
693037
518402
444444
246983
039053
596581
847572
896483
701231
009334
357626
074631
576007
971643
439062
222222
936635
783862
511687
895035
094063
203159
903397
038141
600794
802017
873372
255435
748253
358034
852434
707407
922837
133640
777777
194292
907639
222222
363794
939005
347723
013612
696215
508173
923851
944371
369399
096633
856954
539549
500344
830026
395668
888329
328929
102869
423002
039872
378630
096411
493027
553037
402922
000000
592423
760706
051824
323993
427971
812939
913111
268906
925943
863821
242436
784041
022775
666666
222222
435691
738590
009203
269002
221182
888888
052944
029941
392697
888888
233432
888888
992706
492878
364784
777777
948436
913845
333333
502661
948470
458979
473767
348278
722629
081026
637567
640682
543545
480028
678055
994551
034440
963981
522964
824733
369092
850409
439495
213337
412526
900686
361774
387027
934092
802277
822877
586581
599023
791669
199823
111111
949317
333333
872675
042609
964771
134759
093045
632271
520373
973529
247885
748304
985535
923742
444444
303548
927351
519993
099996
138748
703556
966763
978181
392420
789633
833503
048927
642969
977420
495277
831567
924755
341268
598959
444444
841071
961514
000000
386696
817591
819203
297874
112463
222222
498088
333333
693015
240759
023394
987840
146670
973231
626627
979437
347127
950323
316662
307594
937866
563862
229541
666666
593076
888888
015433
574763
111111
017177
207927
966781
239116
084856
358614
963428
161688
546883
742626
784222
812947
727683
909214
438711
169420
354797
327343
841533
723006
444423
677680
398442
935279
796272
345330
865586
616877
250918
488922
944831
134078
865702
315893
033638
037885
111111
237301
920771
912541
383054
034059
207775
925991
544225
725713
503096
203976
111111
993727
444444
208216
888888
472495
433503
744551
666666
111111
609182
019531
888888
633977
899216
474487
999999
799271
600136
130575
350831
098863
890023
270406
299919
888888
829371
532473
017122
476863
051695
538504
980895
695381
344641
935532
347778
921140
442312
892664
429992
875810
434361
999999
089593
842823
138087
868616
961360
174866
268795
149783
743266
000000
917546
591665
444444
269016
083935
258417
781420
420536
922176
777777
379871
722675
012080
672525
943181
581519
132768
888888
897102
822579
173078
697972
504435
554936
890769
405085
286789
583582
338277
444444
769703
751513
340641
888888
852976
040631
996156
903138
537551
634115
549656
533638
336521
650542
263902
635671
888888
340624
916956
733139
133904
585536
679029
936314
428042
999999
586081
849771
641983
488144
080935
501457
504442
945491
808405
553862
085467
623769
333333
427463
781937
620921
679853
441835
909631
437915
068733
437443
609965
062055
648994
409596
205901
396572
963782
204452
383215
847835
180211
890017
872495
989522
244561
034772
189332
840583
929659
056373
184101
247821
562036
502643
391973
278571
434720
588313
810434
361932
484236
255872
488158
932680
525826
838046
952356
444444
048769
842999
202431
914767
861525
080773
039364
005221
489461
738969
643627
511601
029769
089294
631528
645006
298943
618489
751477
444444
500913
228647
896465
225435
198504
221947
666666
012000
493905
000824
113700
554901
092571
957632
285458
279060
408485
313684
159447
249145
897345
888888
022953
544935
122178
495504
592867
463300
290111
333333
038726
318340
317738
710122
780783
378637
124374
027649
666666
444444
888888
042015
973041
803645
000000
102150
855332
532949
214497
123868
218291
258385
315561
704917
320401
789442
740546
730418
928263
125363
888888
744079
825551
273519
496585
030547
332055
070942
430732
555555
949641
088775
110463
227135
887450
005888
999999
612076
555555
122003
057521
666666
343216
632383
548937
000000
039603
870678
943146
838871
111111
123043
253630
715625
221957
555555
943324
887023
741519
555555
478311
607492
978572
149544
947027
297870
964061
028732
298721
631684
140754
572977
206724
666666
629528
546282
592682
707156
089585
161444
737474
673026
894167
424987
032270
347361
294817
640860
818641
228711
064503
000000
061288
060988
516043
096204
935068
634382
882263
902047
237322
597099
756926
937574
836665
536017
432547
040543
836883
970412
992478
603933
328224
111111
429112
999034
598301
640296
430903
051160
690524
826993
999999
530277
831915
699063
231612
424425
575126
675723
111111
631406
476961
198579
763599
238986
371485
032954
852482
439013
467423
983800
244932
000000
271860
640755
442256
252875
519448
520855
602652
665510
441933
214935
222222
837171
023107
555555
523295
400056
399863
900630
952923
005215
840266
999999
333333
232441
322395
104543
045571
567117
727232
282812
348917
393266
803776
423695
215969
575182
302015
666666
326236
443644
248586
117907
652519
864003
070491
123923
634525
344029
333333
227961
866648
115401
094941
041839
777365
312210
986405
417313
958313
649335
172958
698806
430922
020593
013656
539363
714288
432180
669370
820131
008942
132074
944213
407453
108976
672543
173077
909931
237665
988992
003418
888608
651558
063565
934633
007355
369325
865976
671531
205084
490061
133793
492406
505915
909604
444444
198894
439563
917801
732533
292839
401849
840289
763948
308382
802989
028950
576094
378295
859853
364542
445361
381663
801263
504152
371412
814670
288644
968931
483984
777777
330542
881187
348886
723622
954382
897074
492176
372536
124032
381788
009163
023105
242849
863779
555555
175281
104222
976678
182484
832377
504055
783671
308279
195319
031261
214743
772858
990383
848237
010573
272549
934702
237927
535488
499707
258457
306885
217045
094168
851807
944778
939905
140674
908757
032161
842097
832749
210189
380323
934263
815135
900654
705538
202827
745944
835463
643865
154023
339547
718517
909635
092997
230085
300189
501483
595595
672162
793026
472063
243587
016622
942440
717506
762645
984701
291951
627468
444444
174246
568478
827332
529887
018948
893542
787766
152861
961292
888585
221825
438770
488303
167587
392416
222222
694073
999518
287061
222222
240436
306092
249478
685462
666666
684936
951576
044694
637465
970931
208831
544046
260681
042482
047879
068817
904422
354037
695623
889541
324821
980475
388498
566853
777777
831060
022715
990522
820739
518387
262479
982684
190524
334635
044736
536986
838553
509507
576607
197952
888888
253175
929569
674703
181266
895535
620716
293029
724885
573602
564055
425615
033578
146502
036856
704075
911071
738924
544635
478458
389066
224705
674155
138574
034470
691706
000000
103450
625960
555555
417251
080212
603247
656540
918853
410781
611288
969651
823041
450132
740359
558421
810922
424502
780983
720077
397533
446081
760981
111111
219975
880465
420134
834074
263617
243604
864821
402534
777777
311948
611859
105248
024173
438977
479919
526667
060784
087276
427306
527934
463170
462640
293271
540387
126260
134989
555555
794080
584883
904171
914871
570748
405052
666666
884077
254973
442025
762580
242133
402068
569918
873481
835668
376660
868872
355213
638882
438703
333333
808189
732907
864968
747478
084029
000000
907373
281146
000000
649987
390830
994281
842985
208225
347472
279948
165791
458292
045527
866980
200945
854779
395875
056077
881737
393151
088205
957801
804183
991148
729547
782853
807575
330384
752862
728669
493953
392589
033434
444444
080760
373006
000000
354559
549852
098642
344425
500790
246077
001634
210047
661907
037032
963672
479546
298539
085271
476229
842148
641437
891426
784567
515222
412064
867915
330742
666666
394547
996413
744404
008069
840842
097973
657383
363442
965671
448177
114622
589373
999999
555555
205471
081503
985881
794228
147176
192471
264510
232738
614918
545445
025201
301091
772957
160969
666666
944867
885595
563382
753050
123465
947250
471827
925520
011881
441306
039461
072272
797761
212534
064723
518498
590274
672158
028588
193835
423929
288384
150785
397075
301360
014331
427537
294936
232671
244282
063911
692921
444444
232613
486026
333333
472576
815157
026693
918696
090665
803926
594777
727277
501299
483692
699587
093331
200103
105521
088634
895929
843885
970987
035230
862073
836605
284849
063463
443751
413855
202726
429574
802463
485226
777777
098682
362486
185471
956463
888888
789310
222222
930054
114807
777777
755825
291091
000000
394446
236759
000000
276049
025575
177382
247067
901531
890712
000000
613319
222222
113763
905938
555555
963933
097987
000000
593980
883572
206437
638606
961345
704838
607717
529389
503938
459878
485583
853831
022837
610497
837750
999999
852572
184932
009067
888888
555555
738048
472876
040539
111111
835181
666666
923634
647141
073541
426075
263744
758723
335524
826353
249398
999999
976843
372167
945014
408165
857491
582710
545229
480492
111111
833967
280578
432439
328496
964785
905197
080951
434660
920782
999999
890513
088588
927725
040853
564581
348229
324199
610488
207800
618067
612905
267187
540415
492986
095815
394937
743534
729077
538585
682829
974232
937575
304465
222222
240796
777777
877765
306566
988416
864452
576658
899827
314553
400434
181855
252523
444444
900986
537803
908195
999999
969977
239658
532429
888888
001463
004283
381525
095636
356179
224777
001387
404408
923174
381333
833841
826445
463484
699181
947166
398918
017910
903727
524830
046354
375504
794041
209478
397785
149981
017368
321598
142883
233494
160188
227831
290849
000000
325090
698411
455560
157268
745956
340401
467623
473398
376627
300419
179446
111111
969436
009450
653620
340143
189825
874135
034230
332041
796507
919936
938821
898046
340872
044635
129567
945969
981162
777777
350775
589469
555555
937645
999999
928942
922854
430533
942562
765828
851205
398863
783674
233408
760587
364248
346976
483074
228567
586283
650136
874354
804974
333333
022849
449604
599581
989924
760058
674847
339987
431815
777777
091331
259230
979616
693430
112995
623876
606883
339743
398506
539646
432264
506354
009786
923576
522267
352373
378646
390495
412045
692282
312337
277452
665056
106853
533278
521373
518530
011946
223849
549075
377583
555555
376554
293577
995965
180228
824667
895817
888888
013825
406826
445941
349096
108025
270181
463187
235929
389762
110702
801587
690046
124611
238231
622443
889142
155803
117098
493749
550026
145135
055788
382980
724644
038491
999999
170691
322668
111111
918001
642266
828820
429661
385935
050082
914243
224222
958955
024440
917993
701881
999663
999999
022948
821370
881957
449046
246842
137028
607145
033572
338447
222222
574826
934575
108177
003404
711733
568692
528661
506581
942047
344662
285941
893484
941583
136466
368104
903691
383988
127576
838427
777777
555555
444444
425543
201902
285460
223411
111111
083126
221221
338928
381665
301982
435782
999999
006603
812728
441622
334524
440341
817525
323721
333333
449663
780436
739435
711721
088067
803752
548015
443877
780223
143002
924707
111111
639173
943857
539128
413835
222222
321421
264301
983782
480635
791345
034978
219348
333333
011055
162636
333680
924595
732486
346086
829974
371026
404522
988672
035804
127019
111111
727374
930859
745576
583635
472859
322886
999191
646153
721843
901533
765390
584061
000000
232295
444444
635188
928420
232339
777777
184905
777777
029034
984590
434351
299223
300665
124546
884146
118786
319586
523151
661871
000000
612532
294199
516495
899040
396721
738537
878774
555555
070405
888888
811421
342238
884854
444444
260291
284926
846731
111111
844087
258179
323390
304506
274774
555555
844314
499136
691004
063518
704474
243229
849844
228225
666666
325201
960588
264926
772646
533965
111111
779221
659533
449190
555555
273962
305279
003994
981381
093642
885413
004947
580154
002763
889003
448440
265402
777777
937650
698645
830274
807963
068965
845023
670014
748546
947397
142244
283489
339953
097575
964620
556747
586423
081717
323041
852204
608932
503415
919751
349460
666666
750423
935573
347515
000000
068387
000000
239474
826191
331056
584839
793572
222825
236864
895195
222222
523597
995677
111111
948351
527826
777777
115267
239325
600009
025161
692575
318072
842786
770046
338631
326522
753527
437662
800483
303535
883872
254922
594546
344730
961705
541234
999253
158288
973431
909119
449639
015970
488875
571548
138874
840520
743610
444444
069577
928541
941487
299141
138663
879841
327391
723955
400269
869363
397711
026829
111111
355197
777777
952436
991105
650454
340013
738139
322946
978152
370529
954757
665010
696464
140046
284240
582229
333333
224565
491016
128814
020640
510826
290998
035632
257578
437715
975429
786543
543627
640445
388626
382000
822572
514252
901087
384513
685795
222222
197127
781268
209840
888888
919070
094930
813150
401288
984535
433984
485637
424986
431415
881492
460793
629641
323739
821291
000000
848935
483572
463464
999999
893418
504831
142069
906984
999176
474025
260244
583706
452320
722584
944622
490281
719572
283345
222222
732547
808224
339571
808056
707106
359465
131826
107645
420486
049571
145163
430603
688146
571423
730435
218413
999999
380676
407529
589051
333333
005931
296563
515963
453264
143737
343791
513656
274643
007015
268424
709439
840760
043016
999999
231993
222222
135750
344666
169896
911745
234649
020996
690673
224382
001910
931356
623979
790443
999999
634635
266578
458996
911213
962636
642628
963207
848170
210539
892571
777777
131941
880196
489321
829514
750873
974007
770043
283370
000000
723781
163629
682537
595447
390904
888888
477293
924643
279521
158073
094862
950828
189848
461975
554233
946234
112551
608724
829270
681575
883742
434673
114797
013581
042493
267511
639399
873050
153728
960352
268137
381418
999805
114579
603206
247492
410180
830382
426193
453473
537044
243865
302085
139668
666666
316474
401148
499514
526738
473621
588862
740127
666666
735558
453827
147476
657687
849322
589231
720911
382962
380476
271940
020373
748415
130097
388115
289081
555555
301307
876021
582753
839392
455996
788465
229482
895559
335493
499940
281912
533043
103888
210926
245646
471566
446465
458992
333333
555555
899939
988795
998035
403076
111111
378739
666666
994960
462544
759946
927054
433642
441988
984435
234913
786189
940531
991204
051277
080397
109877
246549
325266
548711
937763
170076
798325
800767
950827
353001
363806
437373
237750
894741
276995
612496
189387
380078
531522
922889
889438
111111
834269
421480
654224
444444
492636
216676
309912
555555
315825
059206
596232
244143
420801
876323
201479
112008
923307
048004
775512
988890
927838
788894
545877
920678
641062
709971
137584
888888
632560
574016
929794
088962
596540
679771
098081
292463
620835
593466
242615
000000
858652
271065
572886
649221
823320
678352
408382
322386
981692
041497
970877
200985
781751
788361
235196
238233
222601
688423
902516
914849
913694
950153
072879
049029
868443
969856
811697
570543
709073
227078
898495
055576
248356
784011
448011
307010
673788
446633
298581
704936
322242
222222
555555
712948
263631
320036
192492
149537
478083
151365
786273
294832
380882
072823
009184
890497
127536
308876
164694
731270
019832
842137
528129
540115
252614
308113
444444
532081
365389
474536
698014
289545
852368
044675
877217
444444
314611
068730
385996
750835
513813
666666
434873
555555
481694
203753
666666
128445
500557
680211
958101
836461
839504
272529
333333
690189
666666
286039
346651
699877
246017
358867
454965
625568
400869
679905
640123
440462
069928
815828
581176
111111
333333
175447
215470
041265
239376
224502
428047
200711
727083
448568
799215
942886
004973
384047
948271
880122
034650
163426
388668
303490
503554
300846
213090
637006
639504
890945
526156
986591
918496
880316
320467
147865
410071
922322
000650
504452
085626
774609
517600
029737
183471
093178
798836
266823
940835
658886
136672
964550
281859
111111
002065
055560
872588
002871
449676
941515
074971
389679
233242
732443
203539
938161
986147
656476
793701
423940
391895
600968
269287
444444
367275
984465
384451
460706
023423
444444
023063
625931
901425
943216
323508
394374
568000
285546
402740
502922
553129
376684
029065
443864
000000
327525
444053
723627
559534
903803
985046
961335
090814
698361
473529
046650
422003
887533
412923
991430
122441
000000
666666
362110
469497
802913
555555
468813
459173
543991
513684
707270
444444
023984
293521
094673
309773
559665
833797
294074
522028
095079
281854
664603
699355
650677
208432
998822
918802
333333
728953
222222
160691
627367
739933
229052
872832
157725
148162
666666
590945
236443
316577
244662
298540
999999
333333
108298
805221
780418
299415
851687
234013
628641
889127
111111
901837
401240
128868
729733
904869
410458
441865
323088
437952
722061
545346
492376
846778
275465
300985
287531
234425
235942
191871
147268
243661
481715
666666
980633
860283
569701
362900
487549
980511
938672
555555
194643
628072
333333
227671
229461
889022
040275
444444
006202
405637
470645
297586
968361
518963
186843
996933
965964
899372
526664
368178
942461
808905
901985
964148
410380
901075
688034
521736
158453
242580
352827
839823
458612
155362
930662
724667
284010
329403
273809
568576
308793
024209
650176
072252
035932
360231
639186
994945
924793
205047
111111
477281
249153
701692
813877
851066
020942
634903
306013
549892
070935
404685
699727
804550
102390
640585
107748
667382
826753
804466
187388
900702
920991
399233
081261
666666
003947
043410
000000
129021
772200
920470
067923
777777
111111
893075
834949
444444
866452
444444
080635
988637
270804
222222
643833
032338
488576
681088
310976
260136
785196
922721
987797
064432
002358
994729
307862
625154
876572
422939
948993
888888
239547
478612
053306
368196
111111
962086
039297
748922
100281
396033
127861
404912
592813
535457
545754
421295
058368
929127
666666
444444
619531
308590
709102
373900
063560
211967
235396
709137
312981
013638
490167
085043
703831
722977
720316
421133
992670
509967
898665
861282
830533
037037
013148
799586
429464
422061
956909
830587
293563
444051
461652
633412
234281
897548
450802
923274
234381
081647
145738
933941
333333
902900
899529
086389
486759
628276
111111
555555
023911
294658
798666
540267
320407
014980
888888
154668
072964
000972
046547
521152
489352
333333
366797
566472
520200
475123
753075
443943
888888
098535
563635
666666
107447
000000
224417
694421
076932
220916
111111
333333
509620
888888
244646
999999
985748
520818
860117
291952
420261
306246
284409
151432
984462
404459
783305
649646
191246
222222
093643
887910
022659
792098
777777
492321
840422
514963
000000
487402
229462
092887
125300
818895
418145
102315
431826
293002
850435
106995
438921
110476
893361
033594
777777
400678
584066
339835
307095
784430
143287
922423
449535
414361
543468
333962
777777
644189
143481
248821
444444
610989
092501
024269
788861
891741
903009
843079
109285
247093
180263
902037
972056
498839
504678
768465
444444
699164
444444
500661
698447
422663
423691
817885
945428
766026
343665
722426
440826
333333
969673
781563
004671
607564
398455
738569
584801
333146
403579
807825
398961
485241
314330
849055
700533
938898
375666
821141
900123
380728
676164
252415
849355
973304
896277
240568
953402
716482
508718
306088
634145
698282
800576
449437
933471
728467
900812
000000
602207
846841
333333
835255
133082
454625
939875
352427
700220
988852
140265
844328
844048
243625
261476
441666
664042
094651
562545
743576
216430
331835
503590
179355
197398
939957
933624
876585
813969
797841
750159
616719
975664
239048
705580
111111
562413
022970
862819
999999
449577
739199
243069
970827
888888
023837
566813
222222
859529
778241
928564
896978
024081
832361
680311
399171
507222
069437
959417
314533
864047
421871
298403
664236
746679
546795
501694
979032
335865
891070
555555
069245
945959
547883
379162
027682
890464
348868
827765
894133
391872
300014
250183
964043
647466
028887
295962
029616
862851
666666
208603
049999
412934
359535
965981
643415
525506
006184
993185
692015
949127
562548
124177
274883
637036
484772
653219
237997
000833
271835
430937
904868
675902
775661
251001
197975
054192
666666
934683
930029
988266
580423
030777
047376
413089
510887
801819
430042
562946
296733
908757
057677
333333
980659
506472
081854
639825
423756
682860
260015
442971
438431
999999
954543
444444
190694
504738
209685
935961
193510
973066
999999
378307
903895
847221
777777
823286
720773
222222
174121
000000
927721
838921
970533
789947
417732
925818
298975
681064
036628
008217
692822
333333
111111
600132
009063
903372
505177
707677
287746
755484
001847
682061
908529
490528
000000
547887
644644
381685
505826
999999
124032
278382
832828
890021
959043
305540
222222
111111
912356
555555
233184
056990
229866
561832
861104
387281
232031
889413
216194
999999
186024
923284
380257
222222
000000
561834
927954
333333
927068
940158
000000
821893
993508
907952
838485
136804
700802
919477
790353
343834
969813
289049
222222
673904
427290
999705
035247
812878
236687
023841
820389
008024
737713
468876
538075
801585
555555
260952
222222
714309
111111
769860
892527
953374
631221
872545
090476
830446
834255
815327
723742
230232
564955
580633
964746
689385
008491
845676
475967
484452
233049
809506
828167
033537
429037
333333
277650
333333
716539
688193
892150
312126
311935
243342
229619
444444
636926
004031
022688
158438
704757
170974
320519
243965
185680
693641
110315
835582
191405
555555
987683
168915
842845
888888
927773
111111
095439
098511
997481
111111
190081
379458
383541
004840
997410
090179
054052
813471
585927
253045
778620
912333
425939
383555
983572
555555
832755
136890
272067
777777
351234
407715
840893
084249
946504
408869
219992
222222
726854
038846
744012
644285
288027
966840
100980
222222
951676
901314
930293
648349
919644
267276
722527
339961
444444
098623
601082
417924
924959
728280
040251
888888
981053
873751
432600
142747
420667
924593
941033
546920
039822
241633
187130
270842
743240
909450
606035
222222
936094
960687
445169
746908
384366
158963
380977
493877
888888
032456
347297
850236
888852
000303
443471
691901
528064
294400
000000
416033
989474
087816
044522
299331
404848
333452
936025
530602
141029
770509
777777
618827
683059
322979
410847
334932
248586
333333
530593
082825
854758
583373
924938
622388
244861
459612
799246
243411
097532
142826
000000
757363
948622
536362
846815
264867
401246
628457
222222
294729
712977
031351
301862
233024
797258
777777
548916
333639
985977
186539
087693
555555
393377
066962
624846
900238
354682
000000
888318
030460
278637
163113
977269
999999
111111
989404
171201
602674
127693
004834
017460
627093
531758
851195
992376
589138
666666
317485
811386
403815
240969
085603
248242
119799
470480
888888
030739
202368
940341
235007
555555
278387
494535
494497
839970
333390
464417
113786
209695
069062
135063
225046
465542
130623
679125
368053
486642
610657
247901
444444
999475
333333
387897
347526
984738
666666
588930
555555
929764
999999
481092
023075
456062
530457
496710
530649
021860
925866
992675
582494
739828
345162
175497
534445
369717
831691
444444
279863
922563
425866
801993
379831
203890
062868
608880
231041
994442
529089
777777
959797
257621
822025
470543
470855
160567
393770
883044
533468
666666
435946
489746
700276
503000
382425
444444
294136
563566
492477
234549
560065
234571
490457
914642
264811
996215
807356
182836
848020
271871
759488
085821
522127
903480
355423
777777
004072
981871
604327
111111
566535
444444
808148
014221
014850
666666
404834
111111
271518
120421
097181
940735
888888
405156
635973
512037
457851
057406
002875
705425
293953
704165
083062
322882
264947
609680
330961
495519
928675
111111
930094
733569
064962
013536
322884
164815
888888
843076
171851
642547
769920
444837
965522
301586
111111
588325
493046
643836
698920
324151
108947
272407
394645
111111
997892
434107
817875
539646
029939
944217
928160
423053
300342
619406
811455
296485
600396
450670
555262
112627
094637
962754
009241
997988
128321
856692
048256
293779
099634
483731
094396
022138
828807
111111
783288
093022
346762
911627
444444
728335
809966
133084
555555
340942
058396
005869
550885
989843
032706
232076
209055
000000
040638
715201
582213
184169
402808
649948
539762
623791
514267
666641
689703
252631
443945
590650
400882
490814
725732
325017
149261
358991
034420
713962
102230
872476
722764
500161
395070
839529
588076
924246
286153
313088
733565
950267
409035
555555
833273
006637
003366
710021
827537
983649
349276
889117
558081
804437
378905
253057
982981
974592
555555
811824
608420
730662
555555
999999
124603
881252
202266
665823
482227
278088
909019
999999
088891
197035
140402
353635
284508
666666
815995
083896
348113
624560
738026
288176
132535
766467
767844
062577
527969
941909
869925
684048
666666
485026
343272
358380
712970
299949
930003
841057
064487
083973
310837
310702
430685
529701
092733
732947
983073
720632
408361
692981
334963
343020
839905
026923
737667
338088
800298
820614
923386
448788
749835
892586
929893
377366
786173
353840
532556
393888
000000
098274
009246
777777
692766
974951
000000
179989
746084
222222
087024
140226
931945
392207
240249
698891
383477
439680
050571
666666
828621
009471
444444
781407
089973
173000
003876
709537
222222
250907
751475
250243
832087
048645
148246
679136
217089
783003
326712
628932
561931
443871
999999
144676
682829
102641
110772
145665
743506
666666
423438
358621
666666
999999
444395
151088
478419
428848
436281
993421
333333
038370
446945
832681
832031
912463
234341
323502
823796
451032
331453
263455
447527
333327
524054
315413
215780
262561
137557
438311
185683
260022
494681
412496
922428
714085
405015
097076
644974
666666
353042
282805
330622
092132
892968
021982
324842
633920
222222
739382
666666
666666
110522
509827
217431
118689
356149
382401
903962
520675
919622
486096
498423
601941
094448
232467
746050
743597
530272
591955
633265
120362
018516
339062
811529
543929
408098
245860
777777
473421
009348
207733
442921
222222
042458
620440
704444
982152
772469
043167
991959
980330
000000
603069
709446
321576
144580
242217
315453
640337
417382
682822
943469
648372
373674
783296
061415
466046
053077
927452
685467
239278
033076
460885
273646
287671
338896
299074
692024
153465
457536
252837
938832
333333
280839
111111
253474
383219
707935
343583
777777
101220
222222
681994
269519
020787
406641
242945
023677
874620
375542
937428
365572
555555
999999
888888
849581
503872
744470
777777
994960
555752
124873
229026
843343
111111
380381
222222
299567
388086
222222
493318
222222
954318
438847
925405
599963
619843
255095
620879
412865
900018
357324
555555
402121
596350
492055
247126
562490
478980
003896
928871
130540
220825
448962
124289
987642
777777
891077
220203
236972
728756
584476
808496
749030
333333
973672
655501
990307
754467
988525
000012
000000
658785
336725
453404
142837
787887
388665
672784
269176
194063
194886
312074
303202
812356
000000
555555
445764
869847
703230
508685
719557
799486
079940
925428
989747
300479
999999
628352
998605
584644
751629
900808
022922
958022
110958
243665
224995
207115
896460
688181
293189
220987
782474
022529
999999
000000
942850
107932
383872
896863
619729
920919
227538
548006
847413
699482
420948
400464
265871
662514
550342
778640
222222
436800
309921
080337
629187
492516
392171
469541
437074
699073
002855
767007
665053
045466
760383
777777
999999
299984
501913
973638
888888
831121
444444
114992
306985
732147
842281
662646
672681
280521
352170
201968
591187
478562
938638
002683
888888
424792
994404
590613
949782
824633
094615
552000
969844
709926
994866
849745
694911
286161
172334
780676
666666
998669
213656
919459
605671
004942
841336
863022
198461
555555
338833
905627
024471
613328
423418
639478
395341
484947
342905
845995
444444
005441
858727
815154
561935
169378
293965
261466
421995
004835
111111
903686
294915
305067
968580
944485
201046
863520
558405
374913
549083
444444
891681
395819
970686
855045
660721
021045
459061
009623
783293
483692
782134
570653
111111
555555
888888
483231
108357
320351
334499
322652
154721
976566
443497
333603
222222
777777
000000
037848
052842
555555
302582
447465
782191
472871
798149
411027
565537
284421
888888
937471
410221
980443
751782
803176
826075
049422
062997
795553
555555
408385
886170
090620
031719
228175
049678
718888
439522
777777
043579
283057
289007
719583
362718
777777
983571
935926
333942
951326
921834
449798
470887
842315
928319
829573
038645
693033
888888
152087
029265
836774
574651
909673
368583
438735
399167
974053
599217
921024
135945
242170
923822
417831
868332
999999
790619
382341
859693
225071
498782
943647
266839
853865
438746
777777
979522
019984
333333
991625
922461
919562
458792
271787
956679
959059
946974
040975
169868
840573
000000
044266
843888
104807
684205
568121
531169
143184
535550
054966
136219
689602
296565
253598
244677
588474
872961
481078
844477
561583
222222
549931
520646
000000
252802
425871
097480
582797
332427
722822
003959
228972
854415
348054
018935
719597
273684
834833
802763
808532
888888
050508
222222
333333
710463
321099
646548
313083
955612
701842
603416
151531
555555
264628
622755
783026
006545
079840
349738
970415
983651
217914
299525
673543
880979
005979
445049
094958
000000
031544
803861
777777
049822
832890
740945
535735
248521
657732
903466
943927
730604
144466
519496
034231
286975
053142
280717
762008
677934
028923
307383
117820
024172
924660
504029
187835
390615
803868
402269
046405
555555
146728
010942
956216
818861
806578
816354
013302
339036
561835
900988
575814
053217
666666
445789
824711
213323
541545
666666
875044
899229
962465
702801
103481
867768
897543
111111
999999
805833
303346
099141
630626
373842
333333
891634
649731
509499
081333
950897
145065
053328
881347
883642
253216
151950
922412
544187
538485
822437
542881
015656
044615
002008
943847
970644
364932
961395
923498
159320
828325
499477
693766
099483
963785
149029
306821
021555
930527
039562
505211
764234
401610
858183
358395
890857
290457
164255
049624
999999
039445
968327
971811
424633
904202
198766
209410
444444
444444
358586
262523
308745
481413
519463
111111
333333
742223
876675
167637
180679
839966
430869
636562
221490
508225
335011
632044
886341
884776
473442
830993
969781
182874
937098
598656
952322
393570
748449
888888
415380
818901
258078
206669
384663
262655
023039
871585
792794
203645
498306
883923
146938
798119
097843
989375
490818
234128
817679
920039
282954
833839
605863
803927
740792
333333
788452
029666
068626
333333
476193
147526
133522
147848
585047
106591
630306
042088
555555
176488
444444
323807
463690
871629
542833
259657
504923
080891
333333
948873
034868
555555
013554
033837
555555
354196
730003
088471
733275
555179
557686
000000
394602
570716
870436
880388
138826
052933
494586
537286
713551
273287
740749
073274
971645
862827
913861
213373
555555
356683
880579
412793
242230
522725
333333
824636
808177
555555
845343
388697
229294
233948
232391
642088
810606
444444
406242
777777
283520
604041
031808
708035
353777
996266
081987
392247
833970
739038
183128
947223
491435
309683
735572
423277
499366
610448
248041
308833
120545
837581
939787
103368
994967
757880
297634
014732
007412
977921
556345
339431
177682
654306
052092
608165
400992
262761
383492
401907
390346
812681
100931
222373
754592
429693
995469
333333
928041
838545
345374
500875
900976
988691
727575
777777
670410
906024
247452
568079
713563
132470
345395
891269
806646
000000
333333
450336
333333
062159
811078
848126
032173
795952
287602
555555
264972
245081
313134
063133
852182
055817
304055
159705
188069
104386
042745
277633
642175
684960
240465
090441
682972
797514
684062
717693
144898
439664
938503
663223
806610
173102
180957
824156
773562
858393
829950
712507
403080
330443
777777
038024
693880
280321
888888
808240
532846
698790
920112
632505
934823
497238
689680
000000
802103
290963
301288
894807
666666
900755
555555
229795
878575
725875
610750
524545
444444
535689
682445
222222
294435
021220
729560
730698
640196
384006
935009
804937
640756
444979
645697
296202
490273
999999
273866
448995
602250
381277
003621
963074
551485
229832
238546
429262
367666
531363
274371
000882
520265
222222
630221
951062
334508
999999
032535
542636
168182
299836
009512
959625
512937
108969
365264
994835
994866
689923
298915
100739
637355
434611
431136
394736
436982
836211
453572
571041
555555
218684
449744
712396
999999
999999
906069
159837
478996
239713
413615
642093
044409
285862
661427
111111
753878
090050
222222
972899
508910
965532
498634
969413
288073
227023
388579
852834
363782
959937
400503
019428
788815
857130
290742
484635
885064
043829
695819
843432
808285
120426
457075
592459
031549
419935
533426
476334
860157
460680
069562
288043
404863
125542
673390
940540
436535
325810
994507
643941
402614
353901
763947
660192
777777
259038
493421
698616
710092
009931
631485
294722
782780
400553
885041
680881
384796
472744
241092
366673
289235
888888
777777
922087
909040
494230
770467
025822
738073
733457
989045
175971
056859
226515
028966
000000
915562
058535
909726
800775
930963
913096
144041
724830
888888
035211
437080
254321
640412
166152
833464
384067
016831
507179
777777
472959
919068
730534
826020
777777
226232
086466
633809
509778
120374
614860
555555
394335
893586
000000
487024
673867
399823
084483
898474
242577
972846
027623
687475
479252
910126
421270
555555
683427
284409
663466
205632
059865
666666
012315
894753
280737
926350
404067
058238
981129
034974
336539
129008
165155
837053
844525
124685
785440
301939
208672
028644
340935
127929
288446
111111
130841
937342
222222
237040
610939
103632
884027
323987
569855
000000
110492
262130
170549
758783
338380
048885
348609
969950
324706
548231
930442
222222
766173
554242
851179
192203
291963
432770
340422
777777
520521
578242
579457
042133
388915
345968
777475
837859
947536
045132
999999
485309
852011
345978
780376
766820
316096
677036
248040
222222
229996
290682
469950
333333
834627
432610
006679
945485
970470
647898
893533
984920
415065
568722
719481
453071
815573
017345
225523
238083
250036
395281
029795
845662
982886
468732
595846
502534
209315
646358
335349
300955
044466
888888
996680
612087
202340
474401
509523
591152
913661
792669
493847
868104
308648
390059
888888
222222
922864
191417
709234
562435
303841
292803
239322
119740
325420
999999
962996
424861
948079
666666
795031
298644
291486
146073
222222
790821
381203
203447
948935
037569
393088
242207
990573
999563
044917
628583
269090
589092
340062
590362
368487
820875
202981
455377
535533
224443
075142
589669
496005
502966
369448
353642
222222
222222
479047
977920
698429
986705
321632
604974
789422
090622
431849
710833
768015
483377
887457
935660
018621
064537
004635
444444
758705
013069
717528
888888
333333
010826
643575
942869
930877
377070
045061
360945
952376
895633
838934
777777
339979
555555
834453
189138
969022
334099
687513
264835
638736
988908
132788
700643
329321
889376
244846
808063
519921
329625
681030
432571
548407
429021
034068
596320
000000
000000
718472
263825
753544
660857
937414
042344
304385
423424
469335
722050
999999
654834
885001
555555
299940
333333
976249
022348
091430
130113
068026
724436
282115
999999
408417
389545
666666
168055
894025
490563
416221
222454
678241
686873
247399
804884
738823
333333
964918
393346
689820
779529
191904
215842
484737
854437
099174
940595
936555
048098
916673
888858
871050
850432
028306
835423
074583
150347
037466
521017
958634
394561
000000
796137
869816
668453
775535
403091
317056
389718
372652
690923
178161
438883
304715
261820
994156
038820
555555
555555
526971
718422
985505
429179
314619
888888
444661
842843
807066
302246
727080
824471
849732
845565
921532
444444
970121
958628
271320
999727
748936
326972
472140
450038
743835
814007
111111
472443
121944
661583
843476
907872
193485
321412
408844
448685
000000
888888
666666
708435
237759
000000
480986
436872
882784
773566
219931
487404
009072
000000
938238
701068
840846
304268
440477
023751
393617
007826
247432
682862
928017
449362
431265
121629
256946
849405
217442
250768
107946
111111
613521
661158
838833
943982
453663
112408
542596
544372
882483
333333
020641
405523
463364
679356
213022
915391
793272
399209
862233
030647
853118
634945
968999
889071
192481
648653
234982
454415
384480
314167
877595
000000
696912
429696
710061
290022
080839
333333
444444
502477
333423
920859
078665
896183
397333
053071
222222
308557
000000
482834
727961
959624
284753
190283
941687
208194
833775
859967
588311
555555
944422
960539
024332
022562
482128
777777
243540
341035
642395
984880
171885
515180
339119
141657
475299
529638
738088
379491
494738
274477
244145
878075
943544
984399
949658
149175
413045
434954
342601
134502
639087
696824
884352
829396
306601
427961
222222
709962
378757
435670
288145
931482
111111
093457
652507
047496
404502
518304
660445
209587
797670
987915
060896
471433
559669
358536
213609
681248
305535
722837
073655
723487
849974
331722
445847
380648
467491
999999
207932
417783
295101
260082
094478
741926
959073
044732
952458
777777
497525
593686
820051
342541
913851
394651
804755
816307
066879
745679
583542
624526
222222
946427
333333
023337
420320
100829
577406
937611
238055
445035
375651
980145
913419
478591
328861
038446
621637
462008
998499
827436
486521
774022
666666
608830
509848
229361
111111
905587
848602
750126
843887
815108
220628
772621
692642
000000
120132
381270
407183
248293
126573
429030
943655
390963
490719
555555
999999
328235
472255
240137
121018
837630
888888
444444
992701
312576
590679
699978
680567
915926
555555
903436
672725
970897
666666
322441
225356
923326
638140
728193
801008
076172
040701
019482
025371
674866
703713
305546
530624
622640
938470
797653
327882
211683
209361
198484
022612
301896
463822
408623
379888
579086
580568
784683
319157
093964
761026
340843
858235
949923
042428
512796
848378
444444
868840
284865
453001
892728
666666
979843
639438
705705
809545
536136
680024
719986
429042
857633
135404
133566
858465
800895
487646
222222
782285
460126
320360
818842
186567
686891
373572
348867
986875
493742
893526
555555
824361
222222
222222
066827
042647
592945
932517
505812
602626
258586
434535
143448
082523
008582
183760
222222
303522
017885
331777
411615
333839
896495
853948
169976
263232
888888
458220
297940
912393
452473
621357
600070
222222
739953
596272
418269
654757
750357
125586
728675
144587
438611
434711
734932
092201
793690
717489
902136
472457
370586
975582
495101
284547
111111
086483
033080
077537
783825
453719
777777
058110
195514
202672
555555
959530
243512
343926
132335
286533
053036
031871
702851
322906
409427
104793
793588
788021
310664
009572
912347
722071
494623
899567
899438
777777
889211
013607
289595
010973
292826
258799
449580
813462
390207
338553
293942
947821
129243
327018
022463
108076
666666
046026
086996
392458
083637
649859
273606
390043
597674
203040
000000
236131
964962
912696
045103
127211
509153
888888
777777
715931
915170
839870
677731
809478
532257
963158
004532
193859
000000
823932
573238
785852
772219
844083
404883
949017
752572
776351
842015
998566
498871
399712
707674
228440
937580
529072
592925
298069
222222
702251
505009
754517
193843
984128
326511
442872
212917
000000
049122
499945
828477
398846
965607
462833
999999
452023
893432
782842
590417
635621
226062
844525
888888
000000
869765
762643
363584
044845
385006
392643
078176
689744
974301
942820
206599
812422
275812
073558
023985
307717
549662
604100
220138
229941
874457
826465
915300
064723
999999
088006
214041
885530
018439
942004
601378
959657
439692
240509
235426
067436
555555
947637
395098
966960
924443
987926
416976
135825
948178
999999
666666
351331
935926
705470
934632
546464
645255
222222
213771
238241
285422
538388
111111
028622
729503
884764
046825
283678
229866
187465
472316
666666
347169
361260
533884
416476
363054
803154
900567
334031
788233
444444
020656
840885
640321
024687
841627
605687
941318
908209
661973
844687
444444
298597
110838
388934
389526
098367
889332
299923
408488
177855
289144
146132
485625
444444
080670
432381
133301
010014
742032
094159
223407
500280
614527
833061
902406
348515
906845
928232
522295
583405
444444
090977
183805
020644
820954
079689
591843
982114
839036
436968
169667
038412
778847
937176
349082
078430
666666
777777
677875
414812
349191
834485
825561
824632
376233
331279
280155
889238
247382
192477
673887
924850
628015
226298
153725
539859
249536
379037
429272
667200
826636
697766
198377
454057
555555
999999
353567
449069
493805
919997
855054
228720
732416
284268
688473
664463
111111
226932
063647
326796
719665
491326
589823
009641
994937
798067
619846
924153
070245
144041
084768
594669
222222
546398
998247
563446
888888
869628
697137
428346
666666
129549
343635
642528
576781
994656
043575
108358
800607
298913
804965
339888
797226
229020
637546
045804
408887
824592
002914
483731
723040
664986
778625
110295
592505
607577
724187
222222
226358
051754
120525
878037
864668
497556
280562
523673
424993
458962
111111
634135
038179
989328
406042
120383
360431
800546
082774
222222
832496
016233
252046
872737
051211
793727
884009
817027
078471
218469
150469
955316
399122
556317
217521
171621
844625
902715
607236
481741
007544
239517
048512
296042
111111
073695
599258
298773
249077
584743
120237
999999
413324
653062
432473
174841
213048
183500
096061
777777
498939
533859
350121
592529
144575
642645
089064
999999
399933
354770
282163
458623
822878
140242
206475
326846
980811
869641
604930
188809
209026
056213
450410
418873
725471
999999
349905
259334
220632
974292
888888
545931
776452
888233
769265
392710
043783
588733
434271
708015
542041
399188
232457
742447
249185
260573
228471
236985
131951
290094
593988
472767
976667
799665
897423
929591
998903
441412
130495
924402
328896
777777
000000
170882
000000
902645
174629
474284
529047
037355
102532
993662
049186
562445
998044
783836
889631
942844
965151
448953
289289
243447
584978
383439
245594
994372
333333
184545
827800
222222
781001
810641
335177
746992
098406
784996
415053
994756
706438
073950
898943
172116
317801
222222
066269
593082
360043
777777
944253
528610
943675
325302
097634
728362
802642
268491
990881
999999
495882
199242
186842
730452
888888
042841
066031
898577
124214
825329
444444
707219
879375
343436
942115
111111
813992
410658
600270
085508
002022
555555
936091
384600
914535
228863
610054
469617
984345
570646
974731
684742
678185
331183
453937
392386
932023
308573
282699
338652
923890
987781
430319
928002
243002
243961
098012
734601
444089
415269
937436
703438
729767
253633
085456
434771
212434
388087
602406
277934
605297
354201
965582
142332
241302
520021
122840
905657
809939
999999
080110
033534
857821
880775
907970
321076
767470
202503
785636
712208
443634
002863
742121
111111
672875
254619
889986
020809
084541
954428
283078
508650
340017
711980
908022
031262
800077
394109
651885
629506
922046
248223
472546
147470
888888
444444
213525
024824
206995
799976
844865
689221
904668
760264
201151
696588
843579
559187
341525
338466
429326
268979
496948
044381
523820
925360
333333
668881
393880
857166
333333
666666
918517
799182
014049
197402
801644
999999
359992
796929
479802
630587
434135
666666
596800
907861
443644
935685
131238
702631
964673
448481
350483
885699
333333
929556
123063
222222
703513
840676
134126
613215
919961
338405
748452
888888
973868
670785
992971
666666
273829
384820
109094
662814
254961
038022
459523
890811
839279
465978
273863
439348
998566
259436
444444
504330
407504
189569
580677
917538
471318
279881
274025
060518
445532
153660
710384
002637
978454
342072
021732
337195
940903
345496
257205
423480
955046
163859
074964
626408
448735
246950
486533
530544
871174
333333
450355
688347
657486
186876
222222
273281
453205
549566
357052
985852
340437
350165
428834
215804
059133
227886
037927
905395
921873
219929
332649
888888
999317
213417
216099
935135
222222
214971
734962
111111
134271
861962
898636
198777
899507
913867
940561
709672
146988
943790
780391
008460
313129
555555
958245
880128
198421
949804
929964
857595
227424
324105
533893
822423
666666
235941
203580
878012
282002
292486
390268
995197
193321
644373
091987
278485
456579
098471
333271
111111
846872
068033
160601
436317
885003
384643
329912
817245
413323
178016
907737
998532
531585
585272
512571
087245
285902
679999
333333
999999
341894
308101
305188
588937
111111
879531
333333
333333
890625
229669
448648
928778
106511
947135
313844
890385
444444
595422
944772
375627
555555
180706
568017
242851
279736
340588
189692
273421
024086
525433
658864
954689
176753
946426
371967
142631
428958
866485
318283
124778
317611
777777
381423
530890
999999
412864
448181
666666
906362
613675
212872
690070
984885
321565
601265
572580
429038
511346
907718
553508
286542
444444
239667
474563
259015
222222
844715
000000
703396
999999
895861
338693
888888
184641
999999
999999
433045
462639
999999
220858
674405
749405
301790
569657
395705
983621
396304
307737
144260
295431
888888
543909
977422
983724
228595
965246
234495
888888
049227
859561
330616
333333
536992
836071
000000
615634
886059
000000
094162
098273
064952
421869
366874
821925
614614
088346
777777
410746
888888
230581
721531
808067
322963
902961
348842
574976
367188
593999
779838
239643
792753
098719
229832
889148
656435
963667
218822
113856
926202
440405
000000
090225
212207
370686
280098
688956
413521
316570
275031
810363
913436
093234
704227
984082
750555
422003
086783
781561
720678
802424
977917
159040
155386
303849
109149
999999
930858
555555
957665
695972
573966
790247
820397
399841
432442
142648
794727
341857
196446
316573
411774
099558
502249
230679
654427
888888
583865
394936
111111
206103
000000
506931
394913
222222
985981
476030
907124
272186
875909
433762
984944
392215
495915
803986
218482
985338
914172
844686
789195
118547
531808
342486
429816
277185
855875
797699
086684
134411
411070
041876
164095
370885
120375
790525
414676
254008
465129
167675
288975
874746
306522
343486
847323
560513
651472
888888
597214
970815
553743
138535
194868
236384
407926
037649
940581
999999
331868
555555
074537
101523
666666
051473
346949
930274
280952
422876
530459
709096
236963
208671
176073
777777
930225
519730
222763
947720
666666
099173
758844
895959
666666
070242
244466
767166
623178
695215
587180
970067
893222
400679
285049
000000
183463
921767
653575
316186
201303
666666
888888
325498
384808
536921
281471
220326
111111
000000
934583
021645
229616
888888
072158
130833
485033
721790
363966
765764
999999
044576
082247
777777
134389
250505
811893
604432
660067
516699
353885
910981
503582
084735
200144
975285
782056
640456
666666
047222
972270
393321
821201
999999
944275
142833
649532
777777
976559
208381
613225
691156
607878
564507
280565
435375
080994
302767
471574
966497
083157
333333
140489
045632
850994
928967
333333
378721
092863
996842
542194
343525
326313
627882
999123
080960
320806
026502
999999
898499
120704
618555
345800
515038
243048
628362
184408
697179
248548
044915
288689
900885
522927
017065
028302
241074
869002
090868
396043
362446
928686
325880
010618
987783
657416
181223
085410
206635
388977
053438
872445
314295
253041
444444
887431
299742
891575
869060
161596
640420
121739
158943
385875
450827
018826
888888
843765
845043
217132
402816
999908
990813
419670
500123
242047
530877
315129
635951
035633
222222
342411
240176
454346
209663
222618
846222
106312
333333
540542
000000
313213
329857
622928
888888
057637
000000
683187
459837
283449
138947
366324
385281
359477
892327
004088
909233
798421
103941
210923
309020
209759
966366
509624
246970
558663
327283
808667
444444
399239
406136
013300
948897
174464
463935
555555
480652
555555
313412
889821
823425
495093
618159
842625
140901
706971
999999
675817
838420
309516
981143
237827
505440
158443
968355
198528
126865
448337
912275
991055
098687
999999
222222
771985
793669
372995
923086
433942
000000
584927
766661
584544
098458
892879
411974
187610
712629
584846
899231
869157
760915
990957
440318
905509
248462
092777
348548
074167
124049
133636
403319
888888
317592
497716
048475
344004
364703
333333
120166
178047
737965
469331
980684
434489
335246
534025
953855
851419
893952
121781
172784
340467
937763
122717
888888
883680
784680
535045
388780
522478
581205
819576
322440
906239
825683
047552
433031
226461
487243
039704
830419
863999
608772
580790
292855
928435
120113
309149
600232
267839
068983
924319
131737
462958
595796
625937
180981
866851
329433
328422
333333
111111
904518
599036
004003
852273
365685
670332
540399
312373
902911
602077
327240
528467
111705
982996
642425
476984
292462
789911
576098
043579
999999
066865
766619
789461
018999
058532
234432
158257
238121
251448
907574
030642
453046
102237
061087
352704
100563
298753
580572
916869
384669
943555
031651
152702
279771
160147
934702
382789
222222
980218
560057
786308
580820
387559
699716
111111
876401
978525
429023
229701
932133
111111
528831
844212
205576
003183
893436
976196
565031
873460
358415
496196
777777
261955
297467
484146
999999
844464
254579
222626
733142
340301
009539
353223
827249
777777
323091
214688
912963
333333
988960
369906
390252
444444
295445
941688
356588
721402
498744
232417
332337
603805
430215
222889
661816
111111
272442
796486
539566
898595
192565
826442
894836
232376
806129
696942
844590
549336
278160
014377
230685
509578
334722
738815
433625
998686
005654
152286
380494
128577
012732
621986
753563
421466
822965
000000
735941
372980
800895
238607
332988
933957
225065
864756
126642
051172
109345
132495
272888
538697
897485
428725
449460
389019
318315
127497
247429
122777
129772
987719
599661
947537
620564
999361
158556
304682
494629
000000
715859
840234
890419
841416
206598
000114
174511
593554
100591
687652
910972
326437
799657
933466
412275
293985
163244
744563
624657
960631
362633
230745
828617
444444
029078
411647
833509
888888
444444
040835
090033
673052
986378
861509
304441
768465
998980
683095
658717
333333
522541
274114
010023
194867
578572
618817
753078
483565
945886
709758
698661
154941
444444
279965
919167
310970
722480
814122
761574
124833
555555
913451
538232
444444
222222
111111
111111
749931
907425
306786
777777
197059
888888
030943
993576
196517
579952
843481
637597
563264
068979
391779
333333
472916
888725
236804
480820
830512
228111
735278
838634
017439
369585
701597
010530
940088
463447
424480
917466
363172
555555
936275
446652
847644
952569
878106
906428
272654
336447
004230
349721
832617
958675
080176
604727
292906
622451
777777
158351
000000
522588
999999
828837
868687
284918
609207
480480
193466
334968
627170
089458
096645
496089
294584
430687
206068
465947
423672
995855
878921
698447
221739
304024
954810
827435
023494
320957
625661
357815
624743
174738
370337
784695
607744
833404
819837
416393
210333
300026
819490
923997
363432
000000
260785
800855
222222
469431
453588
909548
701005
954243
011586
683523
841635
744005
282466
469881
999999
693731
845338
829587
888888
807273
624873
042961
888888
304627
255257
970536
516873
802764
476638
089210
839578
264315
875574
589855
895988
378248
846951
206144
194423
147600
572056
628871
006431
393186
630582
463412
090967
042832
837771
479175
381678
415829
359880
790086
688066
234851
378533
812994
308015
111111
286340
262225
780725
196246
555555
754965
944572
113406
103826
494499
999999
128804
445477
409441
599967
901267
052941
835515
489753
948618
269483
066026
205484
697697
828658
537112
249535
330021
849585
975426
584627
823598
090918
351720
744397
333333
321227
861939
709346
924292
743744
303993
631433
761253
620436
981881
391288
379212
325694
958934
994548
273367
628560
888888
424418
078895
201490
289667
828058
835676
589870
333333
328781
049633
328532
304279
470169
786459
076017
222222
222078
706375
002886
151948
663160
930697
684089
978492
621077
693543
281475
602864
222222
894377
210583
539897
908261
095036
040397
132656
555555
928683
471805
222222
103131
888888
790986
427192
827496
978061
123953
314049
729677
444444
259272
444444
018777
307003
055333
111111
096336
023742
948577
582133
090075
487227
880149
617979
337836
644312
136944
250592
995786
444444
456578
922966
502423
777777
432653
433940
882549
063531
006508
000000
242879
555555
236392
842920
020671
790101
366967
429038
829448
204167
280918
382065
565629
777777
586872
722058
974902
008580
852966
704264
768593
619855
671307
938960
448429
808206
493660
662698
936632
841304
863840
980090
034246
897544
739290
034871
404347
444444
860166
222083
782838
236669
383489
444444
980067
444082
335907
389916
949216
111111
684743
704550
487646
146797
138637
274900
454780
061864
555555
854813
467763
419183
987765
555555
977373
052012
438947
535795
730729
002827
704341
639858
874905
144326
548878
583856
838320
109332
290762
228514
797573
738213
020920
098981
209147
042314
547532
376366
413960
718135
997513
928175
281131
224023
883613
941573
568707
373959
269960
852914
305563
510877
748236
421136
944738
070974
303898
883638
447237
830502
254413
300815
010405
229013
002676
549032
758452
000000
309776
207886
422317
950327
607638
695171
872091
487225
000000
983829
170873
120042
870068
808688
444444
071046
194494
708037
365072
600673
790082
065369
258124
085093
548443
561866
447176
878661
000000
608850
555555
257566
666666
565937
335044
937621
943970
897941
197383
039678
589001
868937
481455
939367
314527
133075
293165
798112
635533
363473
082812
286523
903601
250908
209973
241263
179701
982538
334836
960906
179432
094023
427566
324543
204958
938608
928041
444444
705141
585229
017265
888888
503635
020571
025942
222222
839689
100045
363779
222222
222222
652627
375741
448530
158514
940543
812614
378503
908317
891937
060423
242773
853938
888888
936772
123758
945077
489116
998995
595216
776095
333333
825033
822909
724676
285872
683432
783952
266391
254478
708526
988685
449609
292457
288425
954831
237530
291573
241113
888888
801277
948667
900085
036566
608086
502677
890015
888888
536970
432478
925971
010016
849000
311905
085026
427078
172163
296003
666666
111111
286633
912976
909262
587571
569533
830266
542363
000000
438629
444444
054577
735449
530152
497888
555555
111111
265625
181686
943951
354368
339803
878189
468632
126284
192413
262186
103637
993909
999999
931617
994531
764109
444444
632618
021344
503681
209170
830943
341705
226588
604905
777777
606568
653640
930811
380316
833478
666666
982235
877590
180671
930545
555555
925263
925570
719493
804627
806913
928689
935602
243841
992677
473624
442648
676543
952921
369402
472803
111111
977160
993981
389261
222222
252477
691031
491252
464928
227885
888888
891676
588327
444741
847338
216731
027620
858114
926096
802449
200325
248248
324482
498367
111111
189632
111111
331555
560314
684154
490527
680839
356595
808267
258834
130767
965683
388942
444444
482233
628692
253165
888888
034785
155695
559086
444444
923882
888888
595791
185875
694147
949587
542591
226831
983596
308518
296594
034502
675085
799332
336187
973132
095983
764642
513315
256980
331260
303082
210044
288685
349936
438660
971779
035650
509579
680927
031188
823430
299255
868948
506937
154848
888888
142827
029032
927621
846129
992741
523342
392005
808775
025657
263977
250686
375013
257579
000000
741581
409077
817435
111111
801996
999999
548623
423927
942139
283638
469484
652884
594941
444444
942546
954961
164563
647472
024079
470592
846537
999999
549329
947062
381563
538385
620782
418633
499084
809388
943843
491179
844437
476844
228630
400566
194953
318396
777777
298301
480517
025681
777777
453538
849916
040137
001827
028063
000000
390445
264066
712807
622875
360984
999999
135838
111111
554415
344082
929516
236919
053010
536620
609192
633022
873331
451686
380895
050297
545247
582381
203255
570615
297021
088505
000823
257632
548276
063825
050856
892411
498618
041381
437209
244333
242513
476941
552045
729638
788534
333333
984871
810789
903122
974847
866428
329525
400028
555555
860602
144980
664573
008515
871868
660256
355162
531878
724482
598047
080527
479091
394673
083837
531928
877924
287784
930304
981429
059503
078643
920241
194544
422287
049235
768918
038392
611577
642986
090621
888888
662924
518617
078575
946974
392923
000000
908973
504861
301863
294939
718084
640479
615187
990511
063084
768941
963025
949899
333333
081163
978586
563626
924007
882460
394326
872610
043452
511887
885903
384711
222519
024526
403884
084446
544711
999999
666666
888888
330056
012965
105368
312173
499439
214826
957677
226321
235958
844644
248028
608358
914031
314813
929060
942233
526578
890178
428262
519429
975517
555555
773472
462613
111111
401519
729361
666666
808267
345941
513560
444304
026673
621627
004205
514674
385657
044942
974403
708967
759008
969901
333333
552290
629305
865607
349358
333333
508771
607276
301997
890391
500647
664246
205699
333333
777777
353569
161584
442147
419674
128617
746167
483835
523284
777777
634767
841983
510202
335006
886589
692790
081451
872577
098239
286820
894221
322551
444444
989947
111111
602632
999999
298075
766760
018869
883632
461245
991237
635519
677005
187664
162060
722456
180332
890184
220043
085142
666666
914477
581032
009964
777777
692063
000000
013667
395573
284660
111111
777777
220410
640926
084144
136621
520483
254019
969727
174648
421109
225873
999999
949193
861264
721617
210888
668981
393961
204426
599977
830752
894927
013422
618460
904077
069690
999999
833823
069023
240401
063169
383801
372299
647056
843153
319863
971047
292689
631096
639427
901801
790745
298138
195587
628827
999999
501746
413669
206438
837909
995467
140621
924548
100576
674966
838202
240691
663260
665617
979420
414636
000000
038220
011051
650767
716577
000823
288991
541432
111111
765522
000000
923467
666666
453622
912369
907531
425377
017506
953597
589336
834316
448571
469329
241047
013832
284097
018570
786243
830238
752621
860069
349936
002096
918672
560977
892088
804462
785360
875696
647921
744032
168457
010303
063844
969158
020993
885481
948337
874050
068643
028002
374360
208265
068642
192342
333333
500820
749552
661153
794016
364416
052658
940492
341883
780752
687685
839314
938042
197160
000000
293571
000000
770071
264527
039591
989864
600187
322845
843162
685181
735154
847804
270822
731451
696937
527462
828784
428430
111111
000000
701694
555555
846435
533342
962383
830832
838671
596592
785939
311062
045517
400971
823031
031782
953679
504947
699957
084061
089540
809040
122653
755332
241610
775028
244887
102487
400165
880514
403321
805831
996433
868469
222222
444444
852652
050705
430587
451725
879864
443611
013497
359172
119741
133544
988077
493245
186881
837467
042039
211419
594872
204033
984908
001338
319643
111111
102953
033942
857687
333991
026526
986485
703642
444444
460028
560903
502673
804800
084538
910994
872893
377662
648829
062876
080924
515847
293552
300473
276091
488576
874995
444240
111842
949005
333333
289694
828322
599012
625707
373932
639528
228580
798217
339864
417574
149075
222222
992739
777777
216595
403871
637871
383052
952841
232975
144717
143444
345601
666666
040766
913565
777777
632835
666666
189668
098255
405536
020964
846632
339670
266696
556618
055705
324472
296971
233337
078493
774129
209411
527243
494927
232679
233787
633966
200358
390838
777777
363962
988891
825466
412787
310541
975912
908467
789621
990573
324017
436153
687104
348876
000000
958965
613235
367967
238039
949897
887629
374002
646856
594062
343923
787811
600466
923581
352821
023367
264670
595512
333333
165023
918186
434282
748531
555555
294601
748947
080006
542941
916485
963561
453987
537265
064667
111111
111111
168986
890078
535577
843987
395517
035267
800090
349488
079771
933562
843867
544883
444444
842832
015943
837847
228353
390420
030635
240551
386273
102496
522067
693656
708886
999672
609923
605088
818868
865233
302883
709931
823689
800805
508456
112571
086658
193401
296857
238080
222222
087625
137831
932625
408836
096458
879982
249845
937859
777777
423415
223676
623602
102447
983673
014069
962388
555555
186025
081483
154081
503647
944836
103744
272289
305920
895742
804177
888888
292366
730630
388666
666666
354077
222222
255104
386021
333333
125477
346932
408217
744225
923135
696572
946124
274085
440465
395613
440086
047994
444166
777777
543291
729802
706871
329694
213440
414868
441649
888888
619405
130842
636499
333333
154906
582623
910303
889357
386288
342672
774839
484741
199476
941953
875593
897566
000000
433305
949057
249829
555555
434116
496038
421888
209219
295695
273562
034907
000000
273524
334977
434103
353521
083647
066463
389092
793996
444444
348967
250443
857492
217247
798700
302527
839522
813889
187816
048120
445224
390640
296987
816046
968425
804773
897121
106442
798524
893921
203885
907451
491963
881270
555546
000000
142179
215485
758301
838088
990590
410472
842679
418546
868385
092862
946767
605455
484473
919063
226257
938961
581324
532335
917969
896695
497564
442983
992367
340882
480635
400868
613922
334001
733272
969935
290209
364613
644913
251065
444220
486975
139673
827882
628875
537752
666666
000000
999944
484717
593086
290071
385644
625987
888888
832628
206486
718534
970345
449855
935763
528999
308774
003283
790671
908138
666666
704327
119864
294850
380171
299317
649673
554589
037972
777777
760035
111111
284099
600543
000000
393375
352131
600918
891676
928294
475577
665492
915861
608153
332672
134721
085646
563518
904808
543731
971416
279805
316397
527578
244520
024034
862716
765348
022878
481927
294978
227242
555555
874040
835096
550512
006582
603478
444444
888706
264341
334673
204546
139683
328966
765374
021021
555555
324925
999999
181920
805980
588073
886199
083423
969792
897069
690036
818690
934142
593998
013567
222222
949514
265722
560937
038743
072998
810421
524575
222222
592385
298757
544414
397642
200505
205804
082671
059967
444064
460067
701781
037139
928991
270150
378655
508089
384470
373995
709256
222222
109656
716365
068441
666666
958996
466686
274086
830266
634975
734311
090595
289881
883813
792015
236686
466809
940237
832390
869248
984077
907272
259566
118252
444444
397013
345854
246819
097676
096621
999999
222222
921435
222222
822337
793256
000000
955294
111111
229731
637973
521630
023823
893625
430513
431298
657180
033742
093052
088531
765233
834365
888161
618438
821054
244611
065191
261862
900661
088199
822074
449085
289665
672140
920821
044416
035334
329779
938939
862435
645164
360079
819403
452544
915541
206138
777777
789954
523828
997669
491073
712696
145642
475087
080209
352731
600962
058503
526801
613801
914247
392360
339724
298065
186513
011051
216901
984063
853844
763940
884772
309716
222222
344977
493549
408555
060477
222222
477943
521381
900654
645228
296206
555555
201097
350243
308932
954665
735732
290477
335270
762087
809122
666666
179980
524256
734482
317526
346284
740021
333621
314916
003815
228783
422007
042477
783070
432691
956571
573337
444444
095032
439324
957952
229295
493445
386434
095815
689883
367196
540154
111111
290099
863885
444608
829304
641569
921631
177079
337546
333964
053015
697178
500982
915921
282607
937863
472773
707268
343978
629132
091315
822047
272535
881882
102956
137671
555555
597171
092142
371128
856601
816111
058904
690058
447045
083917
017521
732680
813679
480596
217007
939079
520763
938505
153426
848772
220031
590928
744594
784845
754226
803392
229347
738965
875023
946725
040723
666666
113587
340817
829584
792541
446427
456682
986641
402348
284616
230819
274981
064442
453390
963841
382819
183011
249676
604405
000000
165702
048477
365423
444444
263798
890398
010831
031590
087451
145296
727496
666666
350300
489876
534033
575936
835472
026982
714177
222222
888888
086264
614648
300958
832348
577591
435018
822301
008711
486225
777777
088871
843457
898627
400421
258536
389305
394047
126287
111111
425243
000000
183538
249865
893757
200584
281283
080532
666666
666666
183853
605857
364368
180776
436924
509959
943362
308430
399361
573401
715154
753487
813797
002005
068103
880720
888796
429096
457138
968720
412429
777777
303318
998186
583362
902297
501304
082464
939919
556648
364434
439418
369455
807668
950465
333590
999999
820721
038415
329584
619998
082571
731685
444577
899894
313240
646939
987518
849612
089184
139208
777777
771476
393461
777777
195434
432403
368548
983940
228888
587442
987034
414912
073572
268151
430999
050202
555555
222222
619521
091621
185878
839935
645215
590477
130348
077413
444444
222222
293005
777777
938343
586695
254423
852036
946593
431486
555555
963988
946565
750023
482978
006649
314916
365587
205423
700031
852033
498372
404181
098263
802529
749462
049847
833487
055775
044576
111111
999999
217865
214022
085957
484927
276979
888888
248246
989820
149926
561744
202222
792581
333333
284465
444444
997455
172784
621644
907936
077900
543976
938406
093989
039310
333333
777777
979911
340447
687823
034461
456214
939789
069433
939385
084606
152872
262072
333333
902911
047583
643548
820523
472672
503824
895037
410084
034033
108883
730874
297605
139107
981587
619407
349134
342501
673846
884927
999999
342727
238689
529760
414863
864152
690982
020516
190944
750239
703896
368405
696965
375160
380316
827961
388448
553877
893487
734586
889865
603483
655535
832645
081442
443885
294672
728464
828004
922569
979215
418827
586550
974030
153692
695533
532732
023625
215722
523147
315835
025380
243928
343479
492415
289532
514809
549262
777777
555555
751541
093926
619448
188082
999999
999999
032511
905072
478411
480966
303956
404646
094987
807464
207455
330792
445461
549869
739742
923425
982878
872407
587181
081685
928706
536925
111111
344613
000000
067642
229432
053657
984221
302673
243188
498373
333333
724661
930921
167083
749850
244630
614807
147776
995657
388661
326117
782240
222222
196535
547182
246635
520951
393466
813165
785077
125367
015101
391428
217640
838841
404036
898832
445727
292398
927457
650473
696260
333333
200801
259647
745216
390573
252560
626953
992327
114607
403652
122177
871031
005465
324404
340764
338941
992122
666666
974330
666666
961029
269221
444741
496426
949724
026576
111111
683056
346944
892481
391155
324758
199004
094366
484360
250273
777777
845895
000000
308534
629648
165065
008424
300515
637937
984824
664975
936443
999999
642090
333333
053156
969059
222216
519730
982961
332843
082771
203901
102842
188536
499947
076659
239898
034617
939023
549125
681415
810923
062295
078526
242670
333333
332927
864433
538035
151667
424866
009168
183815
450191
111111
033944
810142
483171
864581
200643
832810
555555
355670
213432
464934
477937
428541
555555
888888
857945
839827
434551
096697
612179
266124
344071
604403
777777
319754
888888
333333
782721
700849
779407
835580
109960
440459
385671
732285
249565
999999
463973
387845
374337
481647
280251
792561
992624
709519
259430
444444
314063
023275
026583
923832
338157
374745
828170
366975
848929
343536
981349
048987
147856
185296
211670
697021
000000
999999
518885
219662
301461
988593
136072
669029
080175
723161
462947
386071
119012
734934
658232
207042
044120
555555
311491
217330
890779
610183
025435
851885
144520
031441
744856
939932
871620
785816
132173
908435
094797
315053
025220
999999
212120
163210
039743
388989
482094
978746
008770
088466
081340
040865
777777
903248
904081
771834
285993
991578
024886
939293
808931
373177
120344
531892
701072
725240
645676
216353
931343
247925
124494
914882
668613
549845
091235
555555
256626
294820
209592
635064
102832
782763
385938
424770
004283
169116
958050
064777
099639
958572
666666
535238
348004
843423
444444
039134
709435
040881
072402
409446
444444
319360
888888
027815
486976
185862
444444
814889
391469
929758
403345
186437
594842
333333
493828
951822
090837
494530
103165
389570
666457
374784
594646
632577
639943
269539
888888
548906
320208
773967
918219
023491
253470
259376
259336
628732
909582
959829
521913
023316
674028
669365
588046
449613
830564
900757
919432
734999
425647
290845
188694
591421
812609
094331
987421
313457
888467
111111
987671
224913
638871
015431
916931
022322
673722
375579
999070
888888
434520
934527
024743
459358
328458
850698
865660
869026
182861
304238
604494
039072
822818
302778
322541
196695
079826
383944
434101
185454
421211
229481
756749
322576
798669
388987
397955
975505
095379
349638
090927
258710
408125
157572
888888
224836
476456
025549
272318
470993
560925
957012
609038
444444
459656
922096
222222
670736
830266
673227
888226
106307
834116
437588
111111
182296
188437
263214
536375
560376
395050
609035
804927
027054
826989
596738
405918
493578
620034
220028
111111
690383
449139
139515
054101
468801
128282
812645
438648
965223
035485
882533
296805
013990
618021
890238
971572
407440
852445
798573
704595
720663
794924
016033
921568
948529
444444
230553
805863
983420
111111
138477
218403
993967
888888
222222
981229
315531
122615
846192
980347
639115
698463
172878
212049
999999
777777
328997
516840
290897
059195
695451
777777
013493
950408
020646
724485
060682
902371
777777
151865
180531
149606
989940
498951
319652
900520
912660
959621
820032
555555
114196
919846
333333
562381
249682
888888
003389
478460
125585
817533
308455
390530
955347
599011
949178
870045
999999
111111
768287
094146
339155
392466
038465
000000
196343
999932
820132
400648
153881
555555
666666
448842
129042
234448
272016
149705
279965
333333
442525
999999
555555
249777
649910
111111
755808
973253
338971
883979
152730
400833
558771
314041
659945
554380
389841
001656
268368
836545
023142
247085
823028
439925
523961
615956
723986
891361
483129
488746
963604
344937
349883
514553
203247
680000
920078
840603
792372
025659
440706
300424
227212
616885
391835
336267
405187
111111
628909
084612
733732
736744
666666
258539
031377
216654
704409
666666
642458
588865
442646
283942
295568
863395
413589
632844
888888
051888
141986
236813
422661
666079
333986
552587
676294
296174
972664
777777
274828
919320
733577
899131
333333
074695
976680
359648
112031
847786
690833
384253
428410
984809
334292
809933
534349
286145
968525
744521
809040
448576
512478
999999
040572
418964
183965
280912
939969
555555
367927
020430
445684
249812
600292
102438
453340
840400
139513
915217
944870
490845
777777
918570
444444
951282
000000
490776
888086
177021
245199
508932
708826
334683
419720
582447
830838
910301
299342
902518
259697
335466
712125
555555
694125
444444
637384
803611
390869
004675
814837
988131
862627
032829
999999
064365
800848
753788
769033
943094
856863
441939
923433
785287
433794
990305
650917
631115
586036
639446
237829
534552
068878
400818
893899
602437
007671
341927
076586
555555
999577
701735
603464
921637
769525
072507
012944
888888
777777
200992
770161
778019
539739
199603
839090
959325
791842
068520
440593
845485
222319
148794
845778
291201
702299
000000
269463
280125
875687
843869
397401
189043
038863
226557
000000
225927
850423
482621
367086
444444
119426
990494
870701
912565
794675
648923
630915
444444
085554
432792
584637
938947
383457
338517
998148
310886
361543
882874
290764
837617
288259
563855
118675
214513
948181
362462
609041
892038
322993
790537
333333
420030
789456
043863
420923
679840
543522
426664
605545
888888
590288
017197
534378
419599
778989
426166
841030
308285
218698
813572
319694
682230
888888
888888
888888
803226
382641
052879
473589
089832
745915
114236
247462
303383
211041
545553
001733
805638
210444
278918
464416
454836
222322
417533
555555
782066
888888
976285
848725
555555
441462
109009
302033
133363
222222
244443
274654
631610
906332
910464
000983
188850
243835
009541
806837
692901
954445
404972
196887
888888
058466
972457
182880
168557
899433
448061
445531
191093
899635
268981
448413
000000
333333
620983
093481
559188
693062
737855
258114
922714
323872
666666
505169
882404
269998
444523
694017
802785
160341
522106
058161
282463
888888
111111
416456
244676
836434
876482
740185
349326
444444
182182
885354
852047
853789
555555
572682
262143
777777
191839
777777
730587
653114
628972
293734
845280
783639
981340
113871
000000
948838
882313
493499
762589
170729
428666
900921
193505
324389
512566
555555
911935
972813
237295
079415
746088
684063
391491
878656
738266
282195
247860
596577
110223
984101
977174
422934
356728
683631
237520
599310
724049
227779
326015
061902
532539
078415
999999
452473
089097
678168
593829
272671
333333
780466
603896
412815
623542
359114
296376
632887
862214
741454
099020
103469
282225
445469
628376
095432
187239
590414
620884
240928
298472
981309
405067
914326
381214
398512
742491
199272
839061
838694
446470
429367
810399
216014
892284
045748
150522
199023
227417
245580
839383
366007
645464
476107
999999
952272
225798
488944
241694
736906
863836
134703
831262
949615
013607
262865
636823
550275
444444
483622
281527
132055
012667
487876
444444
489657
892145
334689
691574
547051
738343
443212
939446
636285
991987
671556
737973
498485
394520
428830
791871
910686
000000
716662
074443
612914
232953
380038
960961
504810
224122
395922
486843
932307
298679
568776
680691
235961
422236
081627
093587
947781
362550
888888
812444
996695
330712
800792
061192
980561
641090
666666
254993
388869
871412
999999
849967
199692
226801
502180
502914
844164
340237
182679
858467
363095
777777
104291
724836
222641
111111
444444
087352
308418
238009
828084
294291
888888
792097
593279
279495
670224
328682
734621
821620
588017
999999
996916
617609
340608
335504
720182
764238
555555
723831
253177
170673
658571
593408
983577
402685
924457
199484
366682
248163
819477
869266
897594
857291
738576
150239
289066
413021
283400
334412
332311
478730
333333
777777
487976
789836
999999
999999
807947
402253
261847
888888
111111
444444
295848
307644
777777
608465
913281
482389
478466
999999
944061
910553
793079
450057
851556
129591
309344
466071
777777
470977
752285
553174
039913
863396
759932
100221
053519
987850
433328
435078
482563
666666
275953
984752
724930
225737
980065
007818
505151
236431
824482
871634
829885
861241
202636
383166
127675
285951
411881
334666
564958
698277
124551
888888
628972
435477
880403
022549
774585
098218
220638
222222
594266
600760
111111
000000
000000
222222
090031
266945
274831
666666
130890
039340
624222
904153
038968
302545
717078
938433
003445
988706
035887
383699
998237
802633
383571
268979
729089
038919
008083
501689
665456
573209
922688
693979
397290
957525
981832
980259
528108
983834
194606
643871
728182
565697
602375
980620
605879
999999
153668
452369
102906
382141
468243
953372
840247
587950
243692
666611
028870
422362
999999
823761
245823
234996
581371
430866
889493
283108
999999
999999
058844
772524
065463
509981
222054
157992
547282
909936
704717
412546
889915
500479
222509
000785
634646
686363
022693
222222
942622
263620
987509
034527
020082
577676
888888
724231
716051
037336
274237
252222
073666
063861
670468
337721
244957
472041
068628
596328
000622
379791
838665
839572
104805
858945
420471
689336
373224
028192
144070
777777
512796
253932
204879
888888
674922
144143
557076
807042
777777
868432
038559
866417
734837
035423
085055
555555
608884
111111
369641
300569
111111
954805
758736
129221
077085
835411
794489
737622
422355
241155
762530
279981
243717
293497
372970
905407
900037
182551
638057
049171
071287
999999
429452
386952
034972
363291
158680
680864
523630
504783
334924
642921
700497
337585
433799
088478
770243
950677
413943
270543
438869
874105
909584
953663
586071
368612
789524
099761
338236
382200
140581
380222
523815
493368
636182
217208
144476
080477
991027
423672
018951
833073
514648
222222
084973
319677
731573
247938
532834
898295
134866
482576
473853
219559
446567
400517
666666
130222
888888
454562
993185
771027
219175
999999
666666
507269
222222
000000
462247
469580
888888
491768
972939
555555
999999
444444
165993
322063
137717
978942
032633
238337
387575
441533
330225
301296
895255
548852
860602
040909
432362
858567
089625
909125
573788
009024
093581
666666
518648
222222
092032
948231
335683
342925
412365
903479
090637
375673
180585
792168
121677
569671
488933
742871
522463
384668
243093
283496
177522
542142
247981
623285
682166
111111
937473
851086
111111
231918
848818
328192
070383
976748
725285
999035
638573
185978
485768
838083
411518
645970
280982
659946
146973
848502
790988
033717
212160
488495
777777
269960
391621
666666
282779
777777
294123
922520
834035
305981
077437
211934
196642
360444
636273
082661
934227
304982
301982
812976
698862
563984
493927
293964
224511
674867
484601
777777
989697
899297
156727
555555
055030
592289
555555
961633
456431
480546
796907
164965
200650
810523
176603
891000
270065
212436
042660
841945
589977
387576
444444
222222
628382
185478
555555
066772
457760
922693
473931
214343
316241
684403
359058
881436
348388
333333
299352
374926
358366
383296
873937
949026
331557
645022
270357
893856
127692
843004
333333
500842
881602
715842
127000
268411
723846
562544
434709
448743
880421
058870
322576
492963
536627
555555
935793
296625
035032
181171
622747
457150
294052
474171
666666
627478
280415
808672
580484
988025
738535
816234
789023
334999
168955
915524
490737
335644
142925
004092
949966
893005
011834
011937
654326
247432
598436
091507
636922
204583
248758
046777
245987
014693
839348
076981
111111
426352
661860
980080
136333
444444
333333
625398
400486
087107
210023
249269
635718
198246
856550
651887
771481
444444
813431
673847
149387
798938
084065
424293
601540
658333
309544
803552
904396
498825
670590
910326
945494
784077
212043
847737
184178
500906
082864
321831
139788
320914
513967
382573
822487
392481
111111
340321
925038
233612
623233
488109
991690
098076
937987
415307
508007
822958
208866
299947
456116
555555
600403
723888
170183
230972
415568
445673
490071
629298
795961
638672
888888
503683
878701
938629
822186
486896
320749
346287
949490
994256
428830
444444
242883
352675
539553
630965
884725
432023
832861
086725
977094
052241
958431
320891
000000
532117
675260
999999
786996
440463
065756
057976
949479
220502
008130
449439
894833
181422
111111
084274
929176
095572
282183
079189
048426
461209
965005
284572
442582
690676
720673
388383
000000
605487
124577
342635
449348
338005
932488
282481
221889
298685
888888
999999
600555
947126
351065
385933
293932
703617
400092
222222
430552
952063
204578
440000
013837
285213
445711
303555
331865
299743
688989
621539
450624
444444
218461
881589
900503
836461
740927
227835
883526
669108
777777
509875
092743
931428
098168
238813
809816
967118
228761
889985
742442
895113
845034
999999
145781
054348
700001
055217
917696
939734
046436
834930
222222
614604
407395
073336
850643
331599
302398
208223
972778
232061
841380
222222
426320
027674
293555
608883
261847
492660
542802
548349
860519
846128
597788
036890
430219
876427
847537
839032
027913
398329
264182
662663
212577
848784
869478
539279
574536
812489
833388
581197
676863
028393
547482
873422
402959
397911
383750
798643
308421
391622
484045
999999
068558
666666
233967
247872
999999
673266
683937
383654
111111
551937
048675
777777
893080
444444
860569
316380
694928
960884
309830
115787
806319
965026
199856
777777
202070
921989
387272
367531
787349
410443
383038
358872
323550
465122
590884
827392
547643
256021
716805
564236
992862
398396
953115
770877
547201
999999
810439
013562
796975
074721
452555
548411
840063
999414
333333
004495
462083
028905
875881
479888
156626
364520
016492
470055
448917
148076
488831
200068
289536
386586
289426
753977
946955
716585
411572
666666
440576
953650
087695
583723
265084
632176
929575
834597
054866
036224
741721
357013
541490
123342
323545
238047
584939
680680
000000
212226
882144
488045
839146
197666
462551
592639
695682
866296
424351
405907
668480
089484
439872
432625
213592
685791
292782
999999
480866
504362
508955
822637
666666
320298
939495
059566
088775
406554
378415
466991
590935
018483
177469
310569
444444
588467
420891
844166
990183
111111
219574
209481
336899
068675
896377
444444
804210
253080
777777
084145
996585
829555
413440
590577
777777
820681
730955
342249
426836
452466
268486
474802
777777
143064
252338
889486
388761
209946
146426
857922
918915
291369
868507
628415
021567
734984
888888
286762
438930
555555
770065
340181
287626
125056
264506
172696
933061
042928
208686
008764
932293
207500
206827
249846
999999
148601
180619
920810
721554
022097
337808
333333
738942
950543
009493
333333
490437
937569
089940
273551
577845
969716
333333
183570
558649
780491
539769
687900
988813
999999
942662
230475
135081
542930
382072
315443
531415
979925
355416
182431
111111
488367
786977
890793
862842
700232
902447
288973
380646
555555
627937
219348
123807
478425
902822
567757
563243
799656
485478
480988
408457
448337
572772
793878
476997
312477
329660
936856
218667
823976
525061
008160
243439
489733
631867
231494
333333
333333
884045
333333
903772
444717
180638
135741
391743
031046
014526
222222
076866
091085
513336
400694
602524
034211
534485
974443
308895
161170
544231
809043
502563
694270
124379
435296
980836
903953
549116
990799
045603
852422
774681
230518
698955
938712
155025
132731
429478
263451
052030
428482
179328
217515
116822
902953
319492
568938
420856
350020
627675
847651
212792
999999
898541
567325
426222
819642
806575
730791
366765
729666
332809
813437
907536
400850
444444
240075
923944
821553
606731
613427
492512
733637
876451
984973
838615
434534
109323
211417
784167
177942
220866
694916
097585
215431
848881
223753
321662
819865
655057
636626
079221
335465
835986
780835
333333
039365
198957
534462
869109
357322
179343
944055
743484
172932
200552
316322
666666
731401
277643
592522
964945
996733
990077
921648
060989
382596
884248
354404
009200
811583
893365
848134
583363
918225
440592
464973
000000
245810
503906
730439
052960
808960
245315
236313
183575
937194
776345
130364
353305
388936
071935
132523
997970
861887
555555
806671
999999
652414
621843
639771
433491
010018
003835
073096
422336
090039
786352
243524
092989
167618
256073
439297
586441
742977
640358
361626
937909
744263
914926
678623
700089
333333
960897
889337
444444
689029
573324
093489
969386
705644
437134
405474
459472
831326
506941
225828
519482
043795
689547
444444
450998
499522
490082
979345
888888
167607
244943
737417
062672
311989
496966
977663
032433
997053
333333
300902
442410
504556
137724
667942
616505
164471
223290
390994
295717
752474
949446
489055
222222
879298
184191
479587
406716
064873
538415
304983
487061
789741
111111
641187
399173
687099
205171
437965
888173
830428
168980
001833
129753
385752
209436
892103
311196
740721
148952
029474
874301
000000
865032
755301
264421
862995
288405
459937
173216
998394
865632
999651
267219
286679
287482
892005
488351
924862
541722
247518
923526
464371
999999
863781
495978
983162
515383
421912
133073
479396
790412
356970
380235
490997
969937
939719
926923
526439
924923
787057
999999
826201
501960
920018
173577
434794
444444
043971
333333
904527
440965
803932
978147
900819
814911
161054
847856
328288
917110
723946
333333
321223
563214
999999
663820
555555
941397
281651
777777
388114
194463
383218
435523
852118
029910
624666
943996
744574
653326
888888
319461
949876
219036
587657
202049
833868
437884
582056
833195
113627
344793
834949
215875
132835
893978
721033
499963
209211
808988
342325
706319
285986
229201
215298
397867
889637
902261
763175
871503
617063
226355
555555
888888
779073
424395
304414
473855
532152
268965
190188
745909
008176
768139
607867
999999
833586
067692
482843
524413
859135
444444
404511
020395
372960
555555
217961
292311
943233
156042
129732
222076
446425
666666
812527
581388
018884
928368
825807
411904
087811
428973
624351
792280
763372
081479
934134
615383
449672
555555
959663
046882
421677
159435
309748
208668
888081
777777
696493
308956
966505
349477
564245
713076
494771
803411
480487
777777
162522
340291
494271
390632
322890
882731
899625
929745
901601
095637
852894
483510
922639
255183
081416
560420
568818
060059
951563
423693
898113
671768
328417
850096
222222
840243
970529
222222
740639
398004
748021
100019
018416
638991
999964
033921
120537
932964
282508
198864
859947
803847
316824
198031
311646
970838
898287
017420
519861
934446
295490
349439
972890
283671
398947
798473
595643
640484
869562
823666
044935
285452
203086
537176
362588
045879
384026
049069
777777
463936
918842
139222
704385
184172
402578
393137
443311
321840
174962
554617
180104
692202
138351
983097
324583
959294
991389
145380
753007
444444
168822
605722
928576
839509
323659
629011
720020
493884
263528
849122
666666
496369
284669
000000
098260
228585
049918
020374
646556
457835
313346
380466
179378
333333
442917
050071
817615
324847
199104
019105
605687
001042
233234
003667
893239
321068
082735
929388
591644
416927
268441
638541
822033
743048
111111
052226
001085
954042
888558
145482
226725
045178
058964
102506
430564
000000
606687
980025
999999
343337
989236
819732
907079
448043
879658
525494
184051
664094
984575
769855
690306
903488
444444
091300
845205
801872
998554
893426
422239
005129
741447
136663
389086
240336
022403
423525
538508
049724
281167
957147
832104
430678
444444
668287
007923
880803
666666
215881
383362
444236
920733
992277
222222
764591
644463
044676
863922
222222
489432
314817
252034
000645
227902
460241
432677
783906
634612
869287
278506
280834
564849
582081
320620
434975
868858
935428
926478
649191
049825
598757
840495
995542
813387
933398
524831
110860
111111
463173
179559
363665
111111
999999
584380
318861
413306
555555
345889
958852
764032
284221
484888
111111
043983
000000
783493
103165
803460
323427
365471
946506
114747
333333
000000
440508
892431
173535
145943
026026
828173
389676
263862
658132
306077
035213
959912
087751
443567
807342
529924
772942
046760
522890
570133
354479
584408
525636
492982
783757
993479
932511
131615
450555
888888
313906
366785
774055
496003
949990
111111
634924
087496
023576
063523
555555
236861
875371
232178
333343
337730
777777
223070
000000
007138
620010
472553
469816
200184
202674
375548
868484
143864
133818
106666
941585
846421
475439
566544
389865
479061
920571
104448
475834
707464
777777
402131
090584
222222
111111
257772
288977
737744
090822
245738
666666
763203
568720
973158
060499
579092
016233
126606
591201
582838
441125
284194
894379
228862
141874
999999
383529
379874
554789
671412
942085
350755
628412
008359
073797
289809
207091
783897
878826
669457
639336
005019
374013
127739
911259
140895
481528
889811
674980
375131
745848
928025
693540
022691
160941
111111
162626
482520
070636
693637
222222
184128
318130
092072
701534
062910
038665
990677
427680
138394
309633
383566
484481
030875
211137
893233
111111
029562
744660
175402
858908
428068
012122
477359
058036
422456
444444
205411
812387
501932
880252
034544
666666
258482
982724
844097
260262
077124
619869
333333
485691
390016
999999
623776
402947
831860
721979
793495
898129
383078
371352
811466
000000
524725
321511
714040
494738
128681
612910
220638
941792
330476
998938
444444
897125
243722
111111
005375
845979
895935
873046
532888
555555
275192
108282
718300
339579
489975
223981
555555
020582
205771
666666
483839
754373
487722
155497
087184
863471
499757
494895
827962
499445
356421
973868
888640
784276
564871
833749
199669
717852
769295
916227
897084
924747
612642
206045
623630
073067
349544
047183
083896
542945
793764
162970
330001
979174
028930
544202
000000
628695
684531
325512
893749
666666
841418
681983
634485
281711
059086
637046
511755
010559
550565
309688
000000
043665
715348
875409
042916
666666
051465
706946
604653
555555
618872
796057
708832
054481
008584
011736
644209
684389
053130
340994
944812
449640
407477
847305
415262
012160
572675
522530
292035
962060
119735
443442
885875
354623
429832
692790
929038
199956
444444
023537
318243
828562
202431
232105
742976
094847
942059
490485
214281
794997
257692
948799
223720
333333
249372
083286
444444
222222
800371
327154
826221
602893
832925
786965
453947
333333
999999
824932
596524
681909
631563
695302
092076
964097
887521
439876
368427
994680
075537
679407
348792
083315
888888
631894
089053
592424
830164
715089
329799
885833
529640
209512
775981
101332
813009
142092
159527
815527
148942
909092
648974
666666
995088
885795
629695
271157
666666
830494
456667
646634
744063
588088
539145
111111
639345
977543
379188
199868
402863
005942
292171
289427
467387
326249
588652
493736
087227
970129
333333
422645
929964
875483
729807
774182
465672
231326
405507
869785
890863
228856
268872
906675
555555
860997
298069
282395
351339
853394
487019
492382
084427
723776
234599
482981
790861
704961
808429
722565
962560
609865
418688
898701
990399
627987
882345
640047
393431
258740
816407
222222
261091
030826
433014
073331
364627
430584
555555
462374
444444
444444
263982
904667
521933
726627
339752
902883
674101
923278
799209
488022
955534
092369
240333
206140
040833
694689
886473
309317
625646
272816
888888
001112
287463
247967
194421
167176
196294
988082
308635
924227
918915
485953
210467
068670
688405
085637
610982
237848
868537
748151
898175
124746
810038
472676
111111
270298
645992
606889
275063
609767
438830
393845
383300
816541
934845
200187
517166
042193
856476
888888
392507
619748
203521
939909
387583
028487
619915
952004
522516
149882
979069
413555
302789
883937
916989
741141
666666
888888
932962
493373
283367
885533
728855
777777
808559
907994
692711
340216
613532
501771
122530
777777
570547
486979
617746
541677
528655
966590
444444
905911
654343
156603
836462
688410
310693
410503
930995
289744
999999
042461
049807
065851
682137
474433
999999
948856
842092
794438
682983
994590
293481
054174
000000
462755
727490
993820
268620
883192
000000
491173
920273
990913
803281
444444
905636
390404
402451
470608
929807
653357
710848
824656
366858
999999
144982
262406
725282
526553
028647
743377
629936
297562
111111
953731
610526
123017
304221
273983
642768
080894
389516
098134
701033
696831
992744
430446
845380
666666
888888
138396
065386
935687
044376
004073
689452
030536
694517
804474
590165
534846
970074
395888
983916
640293
749179
207480
322519
341461
928485
100241
094841
833066
795386
488165
909008
873925
400944
854080
777777
679876
674486
903523
205826
404577
074339
729823
999999
306162
949110
156416
321716
069147
770827
980174
282799
809780
965627
934936
815161
929630
561333
888888
529614
894368
901242
494616
742395
487559
990139
826574
872975
549089
555555
578824
438243
382922
917072
238195
343183
647028
953066
922863
722351
748538
245772
211139
446802
072351
683782
340506
983264
043979
872861
880635
408625
666666
011516
795673
921566
799671
093916
337001
950771
312050
785272
782677
097634
848939
939032
000000
291732
224996
394000
812587
554009
000000
096637
743858
647622
793637
206444
389505
363273
604537
310681
092571
348021
623917
168366
003851
345906
713017
474883
464247
111111
883863
441695
430216
445679
259157
919627
469841
805000
229394
376326
444444
291616
072435
333236
017625
934083
429276
160942
908606
382297
218369
283692
046036
920416
970586
222222
795012
111111
249391
259240
444444
426195
520544
743062
882675
494842
325073
367183
173318
324117
605266
076034
936857
090673
785131
672543
889474
780347
888888
043769
405251
202679
046619
750794
222222
980283
444444
111111
172083
850838
665486
424033
479169
000000
702116
777777
487566
380949
707075
996707
889836
777777
167213
325908
829967
666666
263949
706877
980146
247224
480186
239496
378517
000000
869769
565076
618122
528232
870515
219623
861453
793987
703624
511542
083693
416073
238860
342925
930510
922941
058896
042592
381892
058616
777777
083392
958357
308773
981726
536173
036233
038799
444444
666666
616260
953363
978647
444444
755438
699281
849627
346349
999999
940627
950416
998963
482272
602428
192853
788688
049122
237727
972503
888888
658127
222222
289224
632583
623764
555555
785584
733161
885349
992955
041384
110046
222222
016229
293271
088685
820652
739986
385063
514022
755545
899586
408811
142861
842563
466005
111111
532821
530581
534281
888888
262625
975744
743675
103136
112701
560377
033002
533932
289697
510517
440132
344532
645666
231981
280083
916863
444444
232709
875975
772139
666666
444444
555555
888888
016162
222222
420619
433339
928727
483280
670575
698063
222222
242951
987827
894857
492620
281580
086027
233414
200533
993706
067076
566516
183963
702632
474995
958733
267857
799127
578523
764686
451680
295733
298533
388730
284076
480518
028224
568831
429067
260915
777777
981209
307444
837077
542193
429073
069056
505442
493736
098855
144416
838960
808361
999999
343435
636136
420607
103476
430686
383820
798904
974084
479468
719186
807566
972387
289557
296082
555555
777777
982068
814519
702036
929627
392292
000815
043325
889417
686798
227836
009127
967914
040033
966158
999999
999999
821834
772521
334586
456287
469627
540540
481276
129045
183745
625957
446926
312978
397978
819417
076716
543123
916645
274190
215444
138889
666666
212099
535871
146661
063556
777777
209183
874055
098663
660092
998592
372992
328868
031672
822836
779002
186504
388514
238885
540907
229585
478843
317751
760851
951137
444444
888888
298028
501989
609164
862471
853967
237206
919682
628444
566023
343107
406659
555555
916959
934651
322575
469736
320973
563886
029479
968262
544716
743747
248355
601847
638050
031344
372537
444444
934042
048609
183610
932800
222222
536226
700016
389638
639024
014286
666666
053866
096530
195042
999999
427686
382121
844889
408713
953601
051941
092425
323561
031042
030970
244972
738226
378630
447248
303877
092053
921542
755134
349016
373966
922272
632791
999999
396843
146585
871884
777777
233747
210246
988331
048562
046960
447655
488808
612094
777777
998979
504875
347953
569690
380033
781943
330678
233634
890628
121160
715421
025302
113003
882467
111111
249866
096494
402898
806681
301803
884637
099017
983157
844882
938035
517407
685883
869009
249529
533447
041634
292175
817176
434129
014577
493799
297897
068009
420601
517278
378141
990035
218995
325742
609973
484990
210200
777777
666666
616880
451627
960951
917742
444444
111111
222222
826577
557433
653178
006862
087509
540647
088189
364181
888888
444444
123820
581737
308029
133969
786589
344952
542674
844068
614026
925614
222222
902112
300339
236981
602975
555555
054618
397515
171527
193442
009226
034983
952612
970082
839849
464987
663837
910645
322645
999473
864397
529806
314562
402225
460370
835850
467991
603793
423165
733642
949942
867281
326654
970593
285360
832486
391242
599264
623801
295964
162372
249403
263491
948150
629957
111111
523638
721903
910409
438945
999999
222222
314725
421957
270526
602991
489626
387379
481025
863465
346917
969623
010440
792484
109935
247986
452086
946055
929479
069523
208523
260743
222222
245607
634114
719171
960221
973725
705630
798602
031666
474359
177618
746074
625371
879497
940026
873322
338127
068824
208634
888766
573923
497647
000000
671039
281825
783040
183287
733076
924404
644961
999999
981365
185964
358071
095261
218931
834558
823893
045966
384580
742767
919061
645388
440812
555555
820676
292007
294862
944539
088921
028735
283407
038542
860921
937562
135553
648261
913984
018135
722171
972317
863477
244295
886539
960248
066481
269538
306432
930190
111111
000000
802543
380995
026602
925981
956287
832596
683171
888576
488985
906786
667436
832327
483628
359634
089496
287648
259842
274644
243943
232368
645485
470690
102588
234634
261183
891975
605257
343334
333784
261941
229364
706083
373162
166572
524346
037961
408209
555555
159742
854504
239466
788425
504810
273338
521835
491221
039530
155165
483086
330481
941426
025971
731658
733224
835691
020136
811720
352287
237988
803128
984745
420039
294064
599111
186345
580523
071268
470776
937489
943139
111111
424548
666666
397629
239443
983436
984553
333076
243666
449665
222222
796727
111111
389056
462866
347953
409026
399774
833766
954437
336293
666666
821442
462427
045682
609359
578630
429487
574085
761732
443534
359973
132224
286007
812667
548072
500815
115819
394786
500420
839423
414848
222222
708968
859907
930929
400443
579219
730068
346052
453033
314840
352977
685112
208359
192287
880522
000923
000000
262903
480349
087817
206025
953438
223363
666666
001069
904375
344503
131077
484844
382290
834841
000000
806065
081413
189083
191044
368241
666666
887323
913069
369622
849566
588526
063090
894047
315921
103837
438547
498681
362973
098431
879667
445469
262487
444444
090699
249546
838025
150720
646134
888888
099216
326331
522777
158715
847646
773761
844420
582337
129690
846017
647867
469896
744546
256828
555555
640806
985015
739702
555555
291897
545853
323426
467718
866075
245633
443349
854975
333801
728331
631547
582951
422170
505744
068522
935373
445675
551447
875651
222222
594206
542251
777777
589726
205134
520663
650503
039906
295015
444444
847708
812513
448225
182559
508591
243922
938481
370766
582851
584360
971846
552598
414457
871613
441302
748979
888035
873844
932829
752803
037916
230722
341495
222222
783568
333333
650560
103073
234232
294589
618666
777777
238365
841427
888888
542662
928182
712222
098631
507976
773078
099344
403829
448673
283714
380185
200293
538234
360602
680427
440424
033802
363983
342292
194914
808420
984751
309746
888888
544942
999999
420332
029521
184155
369065
173713
326236
000000
090938
743669
493014
838204
485402
111111
904457
224665
744850
259526
343825
858477
222222
834149
333333
910525
320096
610636
299880
578450
358711
236083
509556
193060
858663
888888
000000
255947
964452
777543
235812
543990
353058
555555
543997
117832
508843
076337
874680
496752
998413
906872
796362
999999
338730
320883
409167
289275
597393
141686
303049
652072
183279
666666
497361
715574
851942
894078
924536
235361
363336
036544
127761
662175
922498
990578
023760
666666
383148
928938
085406
388682
249533
283337
143357
617127
444444
024552
879691
339456
603603
395060
802711
059974
766814
003200
782643
800877
444444
555555
627724
111111
150636
464244
424084
454087
000000
888888
001081
544489
354962
783474
804929
405270
439283
339419
464110
534820
393569
144015
325877
531777
444444
428673
644068
709453
709347
923240
186220
403780
011535
722447
914214
126575
977486
666666
104563
172428
802613
403287
280891
855971
912843
530042
087623
999502
448827
404678
717942
552018
712320
244272
732684
326633
809337
223442
357407
753411
381683
948775
054244
999999
611988
181437
709322
355974
438930
547582
754985
542862
390527
004580
305487
940292
536436
120999
693847
232504
628111
256477
922922
411641
000000
263397
170442
583120
921340
590809
000000
827432
981676
000000
808845
080771
088822
032335
966408
809211
882176
555555
920809
631432
489667
371215
220299
616513
093481
099871
438029
789964
149046
446002
385460
842414
594932
333333
516029
708778
446270
283919
420631
777777
253012
111111
005816
339643
615026
247605
200988
629877
744579
786868
293642
461421
111111
704640
024385
855053
858081
880392
999999
734124
022569
111111
428872
824201
926279
144720
682942
029779
805585
958165
094295
196333
845566
109606
473017
444444
503134
777777
443817
584859
404128
933118
974580
192555
088213
797408
121976
434977
431055
370049
968011
611743
209379
333432
444444
352662
186834
284801
489453
920640
814448
024630
042881
380981
932473
508631
838757
500406
203890
037078
946630
222222
828834
890637
495035
999999
473683
290611
744319
485380
009612
203759
945071
488596
666666
000000
296141
458046
464232
732927
493439
004114
430843
982595
858476
775934
123055
377578
483472
269490
201044
111111
329061
480386
674680
305535
004486
809164
777777
466565
134522
011967
195996
390033
742639
088461
822096
720918
062269
164687
992656
539576
264989
330391
165124
902995
391426
890923
693871
851459
925084
877025
869469
246211
970605
884676
347965
130867
230461
584645
190546
504651
585766
040467
367823
367387
431899
020825
848162
824476
475465
040027
073523
823493
294451
404621
295444
297488
847002
800287
357469
952082
000000
801007
652993
904080
340083
417567
686146
659675
879843
669060
017948
222222
952546
741504
550786
047766
128873
777777
333333
999999
473643
004915
222222
637405
749477
658137
320596
895026
273092
434484
384970
964356
555555
048335
002786
539943
395491
434391
309561
073857
404486
999999
644898
680940
926842
913896
322276
021926
218039
327698
902552
453443
919977
189577
796696
846563
384481
586583
820136
242264
299435
976752
884968
126132
941587
833925
000000
462079
222222
603917
462495
136571
653992
998066
432165
659315
287845
408665
000000
593989
823437
764500
282707
905986
998817
465939
809057
017191
842445
882527
974982
309628
944302
289099
979649
584461
364447
227976
740260
035492
252605
743666
574223
097661
416013
434423
420271
829337
199100
809058
527807
593231
394452
108405
195217
384088
424457
339123
810895
323219
941837
943920
300136
478537
231026
097510
288716
158090
916088
373882
111111
999999
966810
052548
317694
161192
236605
169142
128206
483853
504457
642932
666666
555555
922376
170601
803725
228078
603105
960550
435074
792289
762577
192886
074083
712385
992643
060628
492467
028530
400624
423936
208623
341598
869277
990481
586566
083055
146034
888888
604287
637455
827205
356216
980678
503673
497702
710303
076440
552686
484467
777777
355973
280572
842642
263472
546671
404905
051764
372408
420056
309696
825026
031918
577678
330963
529278
803988
123061
958237
604383
982281
066588
201890
879855
387170
573238
768886
429476
679044
009730
528532
967533
644490
420729
809176
265459
836060
544882
222222
849413
666666
902484
197991
933776
333333
284204
389370
380036
484471
167142
950121
777777
095533
282643
058863
970579
091542
450457
677918
189170
692730
605403
631335
049970
762612
206730
758122
000000
211136
366780
209283
463405
833902
483725
217851
111111
228081
028576
706485
795981
274963
555555
555555
111111
935875
353871
333077
312973
152839
043784
288826
289964
647688
333333
555850
291149
390081
326142
506214
216426
750496
019927
957519
406028
609419
059242
923971
823665
749049
459666
091998
333333
109422
444847
362835
821004
623943
827990
104045
888888
700821
343185
414030
622676
962954
382100
077956
144113
630637
777777
257401
070021
588633
896625
393981
012992
984213
797098
987689
976217
819691
939426
528461
984613
042622
083429
853387
234631
561440
444444
929754
944826
029827
448925
543610
540130
318915
682212
665377
415873
416223
329000
058487
298303
025114
353121
073620
959636
888888
527938
314148
158213
345442
889168
647787
849383
000000
198330
333333
558057
510654
040038
369447
333333
314226
993213
270385
999999
199807
616760
444444
473927
794952
839608
616409
452906
502049
632211
000000
037837
325267
894041
441424
666666
788664
957837
454236
901708
239485
781087
489982
432382
529154
286177
319265
435773
266424
934260
899260
362947
308875
666666
440052
584254
985118
328430
666666
549073
288473
583803
400145
311593
333333
000000
924067
336879
636822
016131
355681
398541
777838
043215
827562
218547
418545
771467
398781
999999
922696
473218
999999
536945
394787
242670
693574
777777
638282
400640
358900
184895
983974
428793
587667
799930
705156
024384
942886
437602
811501
963080
868519
111111
777777
930665
020593
068876
348410
804666
287562
297939
164587
912041
435515
659803
641063
019495
034484
069233
834077
627132
352692
222222
619643
337905
618047
001551
929553
435942
185549
531043
993333
358530
666427
347590
774650
696530
891389
293151
824432
394437
680966
202217
666666
218493
635564
709475
639228
000000
844152
630610
845282
073023
129092
886402
024950
888888
330006
221622
884466
509585
510286
805521
360257
179264
412956
988515
744901
530674
143964
097918
733616
153549
102179
482420
000000
040828
117369
809972
809745
718937
443231
452230
082064
800473
191528
153965
360687
846602
744521
444444
785022
718477
777777
042672
120565
419685
932485
059393
810612
285201
830512
842077
230830
441865
898823
424014
338412
222222
439430
834984
555555
430387
401012
597511
929559
093044
183222
243558
925005
127569
749609
203569
230774
636697
950509
241026
912232
051615
383782
053572
195779
895589
297896
875438
780071
059969
253920
666951
222222
824135
777777
545958
242579
708485
902334
103715
379641
967660
831412
612946
410552
141342
679966
448867
962586
604477
651652
444444
714432
803731
847055
111111
462541
002045
388617
032630
888888
442233
692088
598983
514495
678103
444444
848732
588478
032383
672410
987706
176023
000000
727891
219847
228022
348539
489582
874630
972943
333333
831987
324264
333333
024698
293956
390712
654067
176985
222222
000000
944374
777777
111111
593441
636216
625373
882896
232925
881189
332794
974389
548176
594577
331284
872740
222222
666666
450539
111111
393652
029797
204406
404821
941089
042607
034277
784526
144085
111704
883877
759874
184329
880874
247425
749910
152656
579621
555555
043712
053332
038852
149310
025949
583066
689547
454924
982010
346641
197525
488940
133099
199170
939993
569160
333333
985131
639320
320506
049542
069168
184556
999999
621826
113883
580656
723809
339417
294699
189115
504540
111111
342683
963694
024316
033686
387231
303963
612483
292550
111111
646081
090581
264902
296357
892893
689939
612744
759898
050546
424045
374558
771427
307492
939101
927115
907377
973082
189018
111111
300201
991149
692440
128314
844627
342387
012293
959382
865803
497572
804120
284439
407600
834033
201287
555555
298035
358417
777777
190637
737440
762170
746185
307462
555555
882502
932881
502906
464891
332661
271931
423866
908085
339964
220365
707848
002478
837882
497101
995175
229505
858977
367516
542526
768632
403682
996733
932369
006908
851182
683137
018443
945830
221988
928875
778926
954400
939257
618281
838182
513908
225888
303567
741445
191489
993543
777777
058605
224047
920242
725394
383069
068782
400671
666666
507135
456724
456783
658238
414200
718364
089007
984382
974545
333333
272412
004695
309409
432011
896153
908845
738666
976837
866047
338088
333333
709042
928087
890702
543532
293092
862049
820971
965920
229759
733853
489662
148043
709976
458045
230425
073420
689227
888888
917841
808935
274937
408359
038886
480075
289946
666666
304644
231193
731978
921537
583364
222222
790072
220442
842007
745436
000000
962707
689268
534833
952801
486557
383122
794184
991165
479538
000000
555555
446079
249261
666666
946613
652689
489173
838051
928241
818595
555555
829892
086626
409202
248725
824487
043866
246792
423318
660530
824407
259887
312532
004840
805028
324489
304478
052093
903973
306629
776944
015664
343072
492512
320908
000000
506307
059522
780516
751003
796650
353882
168030
280416
333333
361970
818736
028512
956412
432455
130989
220571
840943
166942
999999
104965
046073
111111
443378
874057
779021
569256
562474
420379
374514
302716
999999
821848
840665
120261
777777
666666
766535
620924
926480
777777
094025
162499
850055
020840
933761
527274
433772
915729
432273
657435
816132
133169
674548
081342
188357
433836
634067
783735
782326
404620
882488
777777
333333
352783
258595
083259
888888
040499
354236
462868
240683
135411
922214
923764
623617
635437
860222
755577
529014
720829
001988
830327
532459
962480
048476
442667
306272
298566
317390
063049
394096
279232
495159
130481
580336
920465
428182
081625
740627
377732
011446
639514
763098
188327
427851
555555
632467
248905
797523
779637
912917
269908
733777
267324
230341
249998
972947
998154
920662
842063
707248
321762
723147
548784
918653
526444
584565
792066
884568
614869
835846
283679
111111
907871
323328
598816
000000
003499
175263
234428
566627
042910
456949
494034
557565
854726
800660
124794
901129
730547
584121
939011
558442
740377
180420
282525
028403
462087
448572
136742
000000
570941
272862
915085
366311
009427
525237
412372
923570
185823
162538
383532
666666
888888
349470
637261
247582
698767
800383
296435
807349
982260
111111
888644
070891
111111
197245
363855
314720
163411
694119
009421
914492
867429
375884
853767
271838
272363
984683
010532
025433
485191
932495
899421
943872
090865
987554
894969
741642
128460
932055
000000
625147
888888
391863
633867
970141
200088
444444
100426
666612
335882
862432
270847
372033
790274
165258
777777
278876
449073
304878
491063
990069
555476
436248
282321
892935
122431
639356
160235
069426
087632
403441
358583
495477
449622
992963
848254
939081
222135
846487
999999
026591
674522
722621
848071
324875
222222
700454
370502
444444
932399
444444
836085
351263
524239
235663
394936
444444
302550
029999
432600
703750
111111
093753
298205
400737
244421
714657
050585
682216
678934
879476
788972
385041
222222
801031
710669
825216
661155
583008
481287
276607
453845
109941
794412
584956
942536
844601
192832
953231
866286
095143
286047
546890
523262
499401
580387
954716
236156
896273
894833
592151
291924
362186
891887
888827
785431
308878
454131
943613
085617
570737
222222
970426
534855
813887
768959
310003
880407
444444
478588
348577
906090
497769
840660
139465
024530
722001
420582
140112
801372
548495
111111
361044
858408
028099
000000
943842
481974
999999
183536
602679
288999
958259
462737
777777
262286
469479
146485
929384
203005
423338
666666
109897
010883
949877
408638
556964
985546
199767
238966
219466
848594
333333
470846
960764
434696
298627
826914
231238
777777
636329
862391
499216
895698
012167
102097
695372
036046
961161
339622
658345
296702
336460
261772
548009
930967
732807
844728
983982
931477
131023
325497
709626
843410
399627
003078
227026
430242
185343
193102
910990
383940
062551
326527
967378
999999
967074
388546
555555
269542
436613
888888
909080
388919
709234
200467
944267
292465
648413
561502
000000
023298
343065
102066
596715
014845
849945
582821
409969
588819
471601
555555
666666
680621
590561
206692
643933
384832
282272
551146
513073
224272
006416
981447
891623
042403
101548
444444
197453
933283
526929
810095
806183
142938
429340
442901
429565
502934
193316
744463
999999
334154
007643
249587
897911
363521
229440
224948
111111
909811
713245
611569
379540
945609
682231
302186
806621
917947
362602
040511
818051
187932
503120
424578
561747
880069
700352
177061
777777
382070
072183
800851
778070
484478
660055
976294
329907
424976
777791
927542
630577
254042
144165
449290
823816
328247
319031
978544
331867
052830
087923
122590
706665
113656
189771
634793
022126
099137
299349
666666
851764
945507
997131
503254
209021
997815
983765
134354
082663
544437
582213
408845
000000
374918
445477
732701
777777
072888
691224
799006
608674
253946
364110
582074
292682
122047
402747
999999
726079
879870
224072
363667
901099
111111
329306
203125
772202
127068
249322
990531
888888
131843
049141
423036
758532
761973
529334
641404
090514
533459
014298
550985
377745
555555
934016
816134
956457
926392
283741
470953
709132
390771
046078
546087
953018
434988
148439
380355
229209
839973
529997
038765
013513
833577
055533
383579
140981
960852
116296
801474
640658
657988
683011
514625
333333
024462
488980
888888
186578
832626
516345
897742
985826
714606
424565
318232
093127
132528
503640
044508
111111
426740
953908
029951
781810
728733
803728
910935
107061
114865
434292
253667
620319
812862
518406
489526
884827
919615
709276
428962
090434
717538
822272
313134
398994
136573
993954
888888
898667
279337
146612
222035
290089
088671
555555
729814
644071
138581
203167
849794
727646
798635
901596
444444
477351
184003
711853
390247
007263
888888
956287
198421
210526
342241
935046
888888
959430
111111
831032
290405
444444
423197
435231
950865
003986
021463
478667
699098
641486
452422
492416
105131
818623
928831
474001
433936
000000
833545
632860
253966
530082
843027
467633
024513
254461
481648
573207
873872
337940
802691
403637
977688
330021
848641
977388
653978
108675
702518
318342
191510
409985
323738
436977
957210
847936
599421
999999
111111
700107
847612
734513
699387
473476
687975
052718
000000
114052
182607
888649
458914
999999
219946
869318
555555
984881
311439
869969
341154
982041
777777
909044
352252
211879
444444
999921
432675
043381
504578
664877
162526
871047
507441
778319
328070
916978
294619
079918
208388
718244
777777
888888
942332
134803
407639
099516
486190
980824
269332
833093
551018
892547
782569
444444
888888
409236
205763
529332
111111
340088
580046
709073
464288
307610
250452
937072
720002
462866
638520
483986
014495
333333
333333
346588
753899
095456
906461
482097
428356
330787
905725
658165
948639
824583
864422
796239
080363
309501
490956
653414
018736
498939
888888
780831
666666
585292
111111
186445
283942
501917
941274
825883
293104
683791
310429
746158
906805
177372
025882
430041
050858
017942
213682
606582
381557
024527
666666
011696
725125
432499
129649
844581
079565
278884
139980
280860
652516
347132
309163
311423
188500
946831
998508
513066
966845
812296
594021
905203
203083
444444
933987
554125
272541
295861
111111
877621
111111
482385
658835
061936
887681
957258
836095
942170
405033
101219
333333
183020
207885
914437
947658
198892
301625
355230
342149
083188
087588
987633
444444
350636
203428
000000
808737
732085
689121
854422
923409
777777
671640
236186
188027
100983
399516
750857
555555
255825
614640
222222
721482
452696
964914
104193
110442
444444
862288
394392
701404
111111
323880
310032
399499
848613
000000
851456
499734
812820
818186
392827
545344
322407
374169
201156
749646
878840
167343
328461
026757
244286
322418
267626
811380
845945
527529
089044
888888
841464
283149
973939
098009
190621
204410
177293
705323
444444
824426
489093
918716
000000
444444
835705
303940
214382
820506
522778
777777
721475
690533
539515
122172
799821
278016
645587
242687
334580
981790
224475
452720
309593
599421
555555
780879
111111
437399
946460
481709
842061
794976
582618
828347
325867
704642
666666
153722
111111
089259
016675
661533
970932
308699
880895
350545
328943
408629
775941
976966
240097
091311
027467
001516
736336
419358
999999
729612
927033
570177
358622
203221
820871
588643
225618
032598
621717
679011
834053
141087
753633
005837
000000
037557
224399
113276
885897
666666
461418
102454
444444
775207
444444
536223
100115
408990
492895
208637
060414
343091
428737
358362
453317
714955
843998
661436
803354
038575
929001
829586
489573
249936
646010
666666
028477
198424
188841
534692
444444
987999
888888
779063
000000
894226
680785
593283
310330
140835
310970
369088
793437
216461
549954
334503
904723
329472
898573
130871
368948
388315
116218
999999
460942
011059
234387
469422
066936
627357
741337
543637
308671
899671
202865
855735
190575
590533
462432
539526
427473
977074
391025
835524
426846
928922
709947
950772
106984
666666
432542
763869
432747
919712
003395
407968
282060
777777
840490
036522
594087
597386
111111
646159
023076
129412
092391
889912
000000
807800
832558
894603
417569
905761
225639
138363
293342
930604
532566
454741
549869
424657
498411
064076
748907
306851
899962
548627
081129
434046
533325
245319
849556
222222
989085
895462
666666
421887
802899
998636
852077
591888
808552
538623
748449
610885
009363
321876
809528
929446
339682
581569
241940
222222
285475
845321
918632
720660
422945
018357
832147
331115
949527
699115
164372
010584
420770
649257
354985
444444
834856
555555
263397
222222
956488
019534
798696
331255
073450
696664
549680
018069
730447
080423
662526
000000
303734
079435
896324
310337
838957
908427
248647
666666
316389
620633
846526
936662
733071
288452
278418
082425
037736
328351
349538
889858
251156
729423
055686
963015
579488
555555
932560
229658
934737
493962
310539
462939
047039
777777
968025
222222
036821
189857
503617
550066
716143
606556
962440
603522
989541
222222
049064
831657
444444
111111
655568
859641
562861
727867
013235
222222
982529
504767
987626
250931
549762
457166
183822
384467
332481
372801
945310
227923
823610
539903
372209
490553
738243
233912
363184
498325
201655
334345
544887
404756
099487
268446
287437
855975
130288
484871
827486
025274
441056
229736
062468
209789
939977
594077
718906
240323
089971
806869
435442
999999
449002
476880
000000
626618
340647
397065
379598
404569
363063
312503
342524
000000
601285
387271
340673
666666
752184
424164
181174
000000
839519
636824
230425
703535
282643
038134
760035
841622
548455
819231
336428
560505
847975
777777
610297
333333
435424
555555
115878
222222
888888
999999
945222
222222
512279
730842
432748
071142
027151
250053
738687
453663
975309
509654
691843
389606
386977
482762
605085
310025
248674
724656
729645
307697
617494
644753
373953
129106
504435
777777
851766
352701
777777
051436
125298
876302
429901
424664
932664
490698
103879
782539
696795
153675
848825
107072
555555
391871
111111
000000
350922
445457
666666
935608
515581
938298
000000
763841
802655
038637
988469
250331
339567
373538
913981
694347
111111
889024
215325
761622
324414
119149
505279
930861
493477
462706
709231
415649
819089
288879
222222
003777
221365
008650
222222
924970
999999
002143
111111
364243
919479
932876
982596
494038
497395
029962
631549
239565
809273
420827
553746
943435
635646
222044
412054
622422
847905
917258
908867
839615
496056
883588
124454
094497
829447
717635
869390
978880
048396
098649
835018
552407
315925
811901
088581
922122
478953
594207
418965
030577
334561
444444
855570
439827
489023
300636
706239
919967
208576
644265
650049
082999
069946
044571
898573
723537
609647
094901
883787
617522
782231
148665
222222
321695
159005
912461
310414
350546
932729
222644
471081
988602
113917
095250
999999
174086
826936
555555
535330
382662
938874
822838
406327
990596
888888
387249
419500
788611
425744
481578
139919
828036
809432
240143
779985
687430
868871
041905
013207
935525
992347
390083
343103
425063
514841
038608
761971
370931
582379
423963
101862
900148
769543
054577
777777
386349
584409
405532
394685
021615
734245
344937
407826
019866
366666
642586
509076
320098
474014
459233
273521
999999
700551
199748
408696
633674
032871
283574
294052
826480
170264
118525
047026
844996
333333
540727
284597
264262
213709
073635
580427
634164
733436
230458
103558
077501
729901
544453
555555
447387
798439
923962
442756
584741
224964
640342
870808
740592
718597
373731
708422
861874
034408
698878
052495
041880
999999
081572
100545
454826
860101
943367
844951
719533
867257
287541
027725
889104
732800
496444
067056
333333
237659
888888
802736
777777
753597
829973
198989
444444
363849
691474
302444
000000
562483
597613
480393
020750
000053
807827
232742
071927
824387
941795
909315
491539
579608
055622
604472
122856
139527
084955
831419
834302
777777
432525
913593
836015
222222
370166
751747
024301
268462
262890
238667
736867
768363
248999
087051
506033
981182
904845
964894
260477
696387
992449
419543
689977
052477
343824
322570
773475
821076
893461
581292
928823
821465
484866
443172
739546
111111
096216
349314
444444
180827
473621
932102
294071
670171
933080
833338
195791
237922
442067
194953
808063
316608
016375
843057
328135
020169
295847
090697
369845
320725
408586
823047
621432
027172
563027
999999
849478
283488
789187
991919
749831
796954
323911
483017
428602
998727
930233
995969
360952
284844
447034
889448
469443
444444
749162
893819
401420
600985
209788
804050
652918
723980
392463
542011
478662
680742
363067
999999
962185
427086
333333
452865
783262
329451
897622
353187
953881
383786
072652
333834
589102
293826
108806
010526
820910
272220
243659
321004
954125
429446
999999
999999
193063
920923
062986
697957
445776
734502
306557
703025
753027
042843
565525
843025
276327
107521
635135
410585
835789
999999
891963
860675
152022
240983
694088
666666
409727
059442
965788
960457
352660
702469
479073
444444
762974
088935
863091
090889
988279
705608
072863
984489
028156
897611
446411
121782
053262
551749
490383
256331
987746
386347
721091
917895
029987
482416
340386
783086
707022
573663
230839
992626
821895
894358
905907
069414
749517
136035
990643
680662
750478
330506
079523
710921
383632
336172
999999
859097
555555
555555
528981
894043
220738
454399
983906
880324
076525
255320
909556
822942
111111
483549
333333
648487
776490
928640
393436
599595
343001
359583
444444
270636
128071
868627
344666
434975
444430
110002
034842
652661
212391
555555
645031
334743
878834
891573
433469
232302
254271
543790
604878
104841
995493
015966
876067
921313
999999
740074
808564
236450
852063
742907
368581
317131
889215
044671
126225
718641
090448
490378
111111
794026
209786
833012
246448
411404
338558
761986
041441
150790
584741
843685
132665
808577
734848
830327
666666
862372
800804
529188
143055
302633
983111
708814
409410
946430
400036
192901
738234
102823
300842
868995
222222
999443
080334
452332
939025
137154
422977
602066
843547
333333
222222
838813
553066
777777
362196
041217
940662
405475
991681
237531
208100
028981
424505
778015
723492
655514
684747
038277
397062
862574
320765
937883
482084
152984
102648
019771
048475
986880
888888
370013
195886
987722
992959
353791
698457
636585
302001
198225
765826
444444
048766
390454
858373
047076
542685
334904
496865
037165
178277
139951
163639
448868
729367
453822
902699
359845
657870
897694
027502
763829
621574
756386
647769
206573
242530
229421
370746
406966
544662
444444
666666
666666
243039
882313
333333
727535
872113
803952
940020
934537
046539
394970
750762
481652
163245
062864
999999
298147
329848
109466
368364
297514
462246
002514
578408
787751
998553
895529
589240
039064
764629
727738
367345
060188
895979
949074
483149
399856
324136
820638
407147
422788
823534
629082
468583
013753
112075
185068
308103
358532
242914
333333
304586
227231
518075
435365
718541
000000
997861
202856
495627
083150
026042
964561
468049
561242
666666
357623
806977
438773
452734
444444
364121
589410
061915
699526
267676
829633
005925
555555
658626
984541
409948
612335
953631
031439
642786
304274
288320
578021
237334
709402
000585
833682
592971
134978
777777
076965
040427
999999
869016
569996
394687
777777
628799
247887
358566
111111
969107
042830
444044
408083
089185
549402
699841
188574
049861
240045
839931
444444
286777
400382
569027
965143
453473
021621
823442
080850
777171
828766
021233
798586
475733
571620
479916
780835
863476
217323
429432
222222
080109
428633
553975
227474
588927
376140
942495
221538
388121
005280
426885
300833
001183
764026
000000
530883
771667
489145
108022
499692
821428
761784
283171
848922
444444
555555
888888
563310
483473
800149
530815
222222
982207
648698
708605
872842
992644
692209
413006
552789
786480
302976
233492
555555
555555
299039
292128
804526
632749
897126
030434
816665
808110
433961
740576
547904
439968
893969
399415
360590
292526
750443
384599
504560
883258
888926
182409
447757
226677
399585
777777
098277
089170
666666
202667
289498
770683
000000
588425
139237
967058
990942
706362
993722
877064
000000
628510
777777
888888
777777
307452
335874
229933
440542
220666
777777
499869
890901
777777
138473
851398
144177
444444
183332
222222
292166
299466
222222
222222
988426
785321
812423
574604
128523
382821
082420
920901
798248
809921
464020
634700
685343
888888
212674
838335
444444
978323
280600
486566
192941
262586
301777
083578
480233
378926
306976
262453
238736
397235
244975
373213
111111
888888
018873
400165
997450
784071
106434
864564
335161
349663
423586
217692
284719
666666
000000
256341
608371
339707
021723
395887
670571
176011
111111
433817
044931
222222
498273
844044
310585
025436
958106
777777
052883
428182
849469
222222
441499
678721
233582
334592
222104
245223
323510
983723
472862
882444
976326
643866
392530
380850
431707
111111
306863
540350
314238
713586
984057
348557
062747
079666
777777
000000
588186
093157
422448
949094
329399
023421
919672
591616
454467
593846
015997
868666
430676
069019
007795
479543
858207
843891
834773
956683
634952
098287
507036
550947
584177
041070
780377
333333
280679
943333
874038
189636
253259
289750
390902
472524
790538
743507
682870
739226
563103
777777
043455
921909
600659
203725
400732
628956
509377
200289
521848
999999
984549
731545
111111
604381
598953
432569
033635
333333
441471
381857
440518
353424
533422
426280
580535
798995
935107
853376
782513
084761
603386
334943
388549
478945
935061
983942
709989
716874
980686
414061
389879
222083
884759
033432
396871
709497
698977
399035
939306
444444
999999
741897
822729
932153
320975
775411
973059
912035
605578
266971
446437
044194
904875
245597
394044
269330
604483
391981
323182
483738
021072
797536
473968
293082
220371
083102
125033
735177
865939
783813
298075
402588
797168
471876
140507
602911
832686
423446
967041
824729
444444
219757
615975
435747
284862
624831
422787
849871
024532
959367
666666
983894
391893
217021
326055
174665
959988
176405
788466
453744
282406
556574
931927
898801
980642
909139
451167
222222
096042
357941
222222
018495
915068
623993
230859
555555
423935
658284
413175
503548
589768
666666
084565
501562
928844
199722
222222
135143
318380
239038
082944
395073
999022
931347
297660
313474
342317
333333
949462
959126
716473
117795
870434
223349
527958
483971
171215
090564
493614
654407
777777
885890
901431
443684
863226
079497
693714
443391
971887
619816
798497
607685
322522
226069
395894
901947
993218
542784
111111
036093
957269
467759
130926
883292
100037
467545
724547
563653
944495
452453
111111
126776
305017
109468
083334
280571
169571
397079
203226
974546
332737
741943
978562
267681
359696
143180
222222
174600
644476
230420
438320
212073
085653
558415
880707
714717
002595
930636
208353
329543
495527
320798
657083
249935
928944
184631
017191
590387
999999
925947
030249
287441
092825
734591
999999
000000
297425
953295
111111
421006
304237
310265
245286
458445
922952
444444
928835
194643
041007
222222
840693
222222
056974
503922
397883
331778
025014
435181
544401
257755
250497
100290
464458
402461
130209
258562
774598
944973
453587
565771
380741
077466
033047
318569
391896
153541
144548
654466
658288
000000
834298
927956
909642
628324
397741
102935
549933
894096
330823
726320
323331
924571
421058
663937
206379
956844
175429
808941
949164
735727
704408
104982
439498
802067
980636
382687
017033
981095
179295
889415
813330
793643
333333
832081
147496
393062
376679
447121
934142
273090
724297
313045
446411
444444
222187
185047
902417
084485
977980
140425
999999
926445
186951
509626
833629
529040
552997
463671
109591
979782
261844
059066
273379
342126
083805
183545
430955
133966
120533
437081
993179
894618
208202
265584
407947
777777
864933
741550
000000
554847
288641
976671
230569
211805
632454
666666
123613
153866
849087
373150
837746
773762
446779
486371
303909
510681
181563
050894
413387
879750
825884
444444
538992
209039
380824
486535
235925
725330
111111
777777
822275
750607
240487
530343
300804
839861
427315
004005
523073
125575
648819
322199
222222
931174
317663
218337
847460
555555
744435
938887
833356
388935
792920
239849
308640
722463
929349
921645
225828
242319
111111
238032
324572
384846
088774
807572
217070
941964
823633
909903
549902
928227
145397
000000
028876
496581
104529
288083
642006
953717
444444
928005
463575
598236
565751
141271
111111
927615
128968
212542
397966
362941
090054
343863
498522
022691
939063
010591
528936
474229
895401
140214
453686
427062
823531
345027
669145
251082
300035
085741
668305
928341
984829
832492
281652
389455
460702
508014
212878
741871
082685
434583
443836
864984
991527
659553
664855
282013
602651
390411
511185
924573
655520
017668
000000
840230
072742
444444
188078
504036
192574
545801
454463
029974
247231
232702
555555
043677
194825
000000
186006
874622
732407
878037
694950
310374
445979
944518
032784
899226
777777
489570
705747
801906
204845
422986
111111
539266
562176
496465
789925
888584
333333
608257
834873
032964
608672
830528
418473
489669
895801
999999
854732
480315
832951
036591
801286
232574
226245
589648
298241
459416
932942
328982
458357
157071
888888
250369
479838
760027
395491
510162
215142
681414
285972
051543
686099
266580
742929
196236
487770
274702
984745
044621
640645
045759
305827
117592
880095
342091
088661
049823
943537
353630
817146
268913
862667
649129
294051
111111
300249
666666
590542
234527
777777
194423
111111
690649
098485
833070
619065
222222
560412
490391
932977
285761
964271
888608
483043
853230
999999
169646
440477
597464
826748
596943
829425
133654
549285
691891
420662
074922
600170
034142
807543
333333
455459
666666
844537
444444
777777
463234
238340
806837
495551
322764
308290
542521
328635
480621
031280
296665
810421
550503
534547
239672
522795
555555
814600
254705
971163
147327
987273
794566
559950
869239
922048
666666
492501
967405
470081
122456
374561
939715
463568
149624
954481
403873
322887
540881
494396
291278
443054
578101
489767
741287
001532
289086
494885
973321
386789
006963
869420
857171
907582
826161
233816
920842
818189
363464
887923
078899
235599
705143
768589
222222
969934
325226
399478
244985
443983
582837
279435
373663
759478
540725
888888
133217
759547
907872
592866
271762
111111
126245
555555
322083
811331
888559
646452
184977
878021
472634
088939
124495
470987
095684
792674
051142
683579
257971
268314
833180
705646
666666
338560
232293
207083
555555
889889
114416
228066
327069
248114
201342
322142
935687
444444
343212
008493
395154
250779
308045
821022
559845
059337
627941
964684
724972
103875
886237
342237
187092
666666
458953
830495
262797
030730
748977
822722
942874
120869
876517
240988
358014
622731
302225
091623
919984
151475
637461
435845
853533
178075
925924
348816
874060
000000
013574
730767
920361
739874
076678
222222
008879
871833
555555
406422
999999
407722
082112
185881
741795
211807
930460
666666
696247
940932
484779
444444
507241
028286
980045
552655
595945
401966
666666
834671
342884
145507
434916
260642
907403
082604
282084
028088
425502
306492
083317
490867
287536
608624
900411
222222
444444
844148
844179
220842
639452
923556
743383
920606
386041
468795
329123
030582
555555
343245
995516
889686
495158
202801
379261
289582
482674
944266
547758
044260
452582
803489
580853
310117
927804
149148
047606
882997
987831
484144
372684
349328
297153
783153
526923
403978
508474
444444
904941
664587
669484
888888
553960
214030
356674
981907
404314
185565
423250
419623
899057
230280
453415
722582
857273
428869
247854
722790
149870
851666
811877
483752
031398
016876
053437
534013
735157
254013
065349
642297
520361
349434
692871
077921
944724
109519
362984
328220
887457
010932
538563
812936
269372
888888
120453
708623
915431
341724
231838
444444
909480
950080
599480
318876
930568
111111
176858
777777
579144
438420
053302
583901
007131
120584
899356
262047
381083
519740
273591
582877
420363
