[38;2;255;255;253m@[38;2;255;255;253m@[38;2;255;255;253m@[38;2;255;255;253m@[38;2;255;255;253m@[38;2;255;255;253m@[38;2;255;255;253m@[38;2;255;255;253m@[38;2;255;255;253m@[38;2;255;255;253m@[38;2;255;255;253m@[38;2;255;255;253m@[38;2;255;255;253m@[38;2;255;255;253m@[38;2;255;255;253m@[38;2;255;255;253m@[38;2;255;255;253m@[38;2;255;255;253m@[38;2;255;255;253m@[38;2;255;255;253m@[38;2;255;255;253m@[38;2;255;255;253m@[38;2;255;255;253m@[38;2;255;255;253m@[38;2;255;255;253m@[38;2;255;255;253m@[38;2;255;255;253m@[38;2;255;255;253m@[38;2;255;255;253m@[38;2;255;255;253m@[38;2;255;255;253m@[38;2;255;255;253m@[38;2;255;255;253m@[38;2;255;255;253m@[38;2;255;255;253m@[38;2;255;255;253m@[38;2;255;255;253m@[38;2;239;238;236m@[38;2;164;159;151m$[38;2;85;73;58m_[38;2;49;32;13m~[38;2;51;34;11m~[38;2;61;40;15m~[38;2;59;39;15m~[38;2;56;39;17m~[38;2;55;38;15m~[38;2;60;42;18m~[38;2;65;46;22m~[38;2;70;50;23m~[38;2;74;54;25m/[38;2;70;51;24m~[38;2;81;60;30m/[38;2;83;62;31m\[38;2;77;57;27m<[38;2;75;55;27m/[38;2;86;67;39m\[38;2;86;70;45m~[38;2;107;92;69m\[38;2;117;103;83m~[38;2;129;118;100m>[38;2;74;59;40m~[38;2;55;39;16m~[38;2;62;44;20m~[38;2;103;78;41m?[38;2;136;107;59mY[38;2;120;94;51mt[38;2;93;70;37mr[38;2;86;63;31m<[38;2;86;63;30m<[38;2;82;60;29m/[38;2;81;59;28m>[38;2;85;63;31m<[38;2;95;72;36m=[38;2;90;67;33m=[38;2;91;67;32m=[38;2;96;71;35m=[38;2;98;72;37mr[38;2;94;70;35m>[38;2;86;64;31m\[38;2;89;66;33m~[38;2;95;71;34m~[38;2;107;81;43m?[38;2;116;88;46m([38;2;138;103;57ms[38;2;164;127;70mb[38;2;162;122;64ms[38;2;154;115;61m7[38;2;170;135;76m1[38;2;179;143;84mK[38;2;179;141;79mD[38;2;175;133;71mb[38;2;174;135;80m2[38;2;224;212;195mN[38;2;255;255;253m@[38;2;255;255;253m@[38;2;255;255;253m@[38;2;255;255;253m@[38;2;255;255;253m@[38;2;255;255;253m@[38;2;255;255;253m@[38;2;255;255;253m@[38;2;255;255;253m@[38;2;255;255;253m@[38;2;255;255;253m@[38;2;255;255;253m@[38;2;255;255;253m@[38;2;255;255;253m@[38;2;255;255;253m@[38;2;255;255;253m@[38;2;255;255;253m@[38;2;255;255;253m@[38;2;255;255;253m@[38;2;255;255;253m@[38;2;255;255;253m@[38;2;255;255;253m@[38;2;255;255;253m@[38;2;255;255;253m@[38;2;255;255;253m@[38;2;255;255;253m@[38;2;255;255;253m@[38;2;255;255;253m@[38;2;255;255;253m@[38;2;255;255;253m@[38;2;255;255;253m@[38;2;255;255;253m@[38;2;255;255;253m@[38;2;255;255;253m@[38;2;223;223;221m$[0m
[38;2;255;255;253m@[38;2;255;255;253m@[38;2;255;255;253m@[38;2;255;255;253m@[38;2;255;255;253m@[38;2;255;255;253m@[38;2;255;255;253m@[38;2;255;255;253m@[38;2;255;255;253m@[38;2;255;255;253m@[38;2;255;255;253m@[38;2;255;255;253m@[38;2;255;255;253m@[38;2;255;255;253m@[38;2;255;255;253m@[38;2;255;255;253m@[38;2;255;255;253m@[38;2;255;255;253m@[38;2;255;255;253m@[38;2;255;255;253m@[38;2;255;255;253m@[38;2;255;255;253m@[38;2;255;255;253m@[38;2;255;255;253m@[38;2;255;255;253m@[38;2;255;255;253m@[38;2;255;255;253m@[38;2;255;255;253m@[38;2;255;255;253m@[38;2;255;255;253m@[38;2;255;255;253m@[38;2;255;255;253m@[38;2;255;255;253m@[38;2;255;255;253m@[38;2;255;255;253m@[38;2;255;255;253m@[38;2;213;211;207m$[38;2;56;41;23m_[38;2;48;31;11m-[38;2;51;32;11m_[38;2;56;38;15m~[38;2;51;34;14m~[38;2;50;33;12m~[38;2;58;37;13m~[38;2;68;46;19m~[38;2;69;48;22m"[38;2;60;41;16m~[38;2;73;52;24m"[38;2;72;53;25m~[38;2;77;55;27m~[38;2;73;53;23m~[38;2;85;64;32m>[38;2;79;58;27m/[38;2;85;63;32m>[38;2;78;58;28m~[38;2;74;54;26m<[38;2;83;63;32m^[38;2;73;53;25m~[38;2;72;53;25m^[38;2;58;41;18m~[38;2;58;41;17m~[38;2;57;40;16m~[38;2;64;46;22m~[38;2;75;55;26m~[38;2;107;81;44m?[38;2;124;97;53m7[38;2;115;90;50m*[38;2;96;72;38mr[38;2;89;67;33m>[38;2;86;65;33m<[38;2;88;65;32m/[38;2;90;68;34m/[38;2;102;77;40m=[38;2;110;83;45m*[38;2;127;98;54mz[38;2;147;115;64ms[38;2;163;129;72mO[38;2;176;141;80mD[38;2;164;123;65mZ[38;2;166;125;65m1[38;2;164;122;66m1[38;2;152;115;59mx[38;2;175;135;76m3[38;2;183;143;80mK[38;2;180;139;75mV[38;2;190;149;82mK[38;2;180;136;72mO[38;2;180;141;78mD[38;2;190;155;91mm[38;2;192;157;92mK[38;2;198;164;97mw[38;2;185;149;86mK[38;2;206;185;156m4[38;2;255;255;253m@[38;2;255;255;253m@[38;2;255;255;253m@[38;2;255;255;253m@[38;2;255;255;253m@[38;2;255;255;253m@[38;2;255;255;253m@[38;2;255;255;253m@[38;2;255;255;253m@[38;2;255;255;253m@[38;2;255;255;253m@[38;2;255;255;253m@[38;2;255;255;253m@[38;2;255;255;253m@[38;2;255;255;253m@[38;2;255;255;253m@[38;2;255;255;253m@[38;2;255;255;253m@[38;2;255;255;253m@[38;2;255;255;253m@[38;2;255;255;253m@[38;2;255;255;253m@[38;2;255;255;253m@[38;2;255;255;253m@[38;2;255;255;253m@[38;2;255;255;253m@[38;2;255;255;253m@[38;2;255;255;253m@[38;2;255;255;253m@[38;2;255;255;253m@[38;2;255;255;253m@[38;2;255;255;253m@[38;2;255;255;253m@[38;2;255;255;253m@[38;2;223;223;221m$[0m
[38;2;255;255;253m@[38;2;255;255;253m@[38;2;255;255;253m@[38;2;255;255;253m@[38;2;255;255;253m@[38;2;255;255;253m@[38;2;255;255;253m@[38;2;255;255;253m@[38;2;255;255;253m@[38;2;255;255;253m@[38;2;255;255;253m@[38;2;255;255;253m@[38;2;255;255;253m@[38;2;255;255;253m@[38;2;255;255;253m@[38;2;255;255;253m@[38;2;255;255;253m@[38;2;255;255;253m@[38;2;255;255;253m@[38;2;255;255;253m@[38;2;255;255;253m@[38;2;255;255;253m@[38;2;255;255;253m@[38;2;255;255;253m@[38;2;255;255;253m@[38;2;255;255;253m@[38;2;255;255;253m@[38;2;255;255;253m@[38;2;255;255;253m@[38;2;255;255;253m@[38;2;255;255;253m@[38;2;255;255;253m@[38;2;255;255;253m@[38;2;255;255;253m@[38;2;255;255;253m@[38;2;255;255;253m@[38;2;212;209;205m$[38;2;52;36;14m~[38;2;51;35;14m~[38;2;46;30;11m_[38;2;42;27;8m_[38;2;49;32;12m_[38;2;55;37;14m~[38;2;71;47;18m~[38;2;79;53;22m~[38;2;75;51;20m~[38;2;77;52;22m<[38;2;77;50;20m~[38;2;85;60;26m<[38;2;96;67;30m=[38;2;90;63;27m=[38;2;93;69;34m=[38;2;96;72;38mr[38;2;98;71;34mr[38;2;98;73;35m=[38;2;104;76;38m*[38;2;97;72;34m([38;2;61;42;19m~[38;2;63;45;20m~[38;2;61;43;20m~[38;2;62;45;20m~[38;2;68;50;23m~[38;2;68;50;24m~[38;2;68;49;22m~[38;2;93;69;36m<[38;2;118;90;49m([38;2;100;75;39mr[38;2;93;70;37m<[38;2;109;83;44m<[38;2;120;91;48m([38;2;157;119;63mV[38;2;141;103;52m7[38;2;154;115;60mJ[38;2;157;120;65mn[38;2;156;117;63m2[38;2;152;114;59mZ[38;2;141;105;57mz[38;2;141;108;57mz[38;2;139;107;58mz[38;2;147;112;59mz[38;2;151;117;64m1[38;2;147;110;56mz[38;2;162;126;69mV[38;2;155;119;64m1[38;2;168;128;70m1[38;2;174;133;72mO[38;2;182;139;76md[38;2;187;147;83mD[38;2;195;156;90mg[38;2;187;146;81m3[38;2;181;138;75mO[38;2;185;139;74mU[38;2;233;223;207mW[38;2;255;255;253m@[38;2;255;255;253m@[38;2;255;255;253m@[38;2;255;255;253m@[38;2;255;255;253m@[38;2;255;255;253m@[38;2;255;255;253m@[38;2;255;255;253m@[38;2;255;255;253m@[38;2;255;255;253m@[38;2;255;255;253m@[38;2;255;255;253m@[38;2;255;255;253m@[38;2;255;255;253m@[38;2;255;255;253m@[38;2;255;255;253m@[38;2;255;255;253m@[38;2;255;255;253m@[38;2;255;255;253m@[38;2;255;255;253m@[38;2;255;255;253m@[38;2;255;255;253m@[38;2;255;255;253m@[38;2;255;255;253m@[38;2;255;255;253m@[38;2;255;255;253m@[38;2;255;255;253m@[38;2;255;255;253m@[38;2;255;255;253m@[38;2;255;255;253m@[38;2;255;255;253m@[38;2;255;255;253m@[38;2;255;255;253m@[38;2;255;255;253m@[38;2;223;223;221m$[0m
[38;2;255;255;253m@[38;2;255;255;253m@[38;2;255;255;253m@[38;2;255;255;253m@[38;2;255;255;253m@[38;2;255;255;253m@[38;2;255;255;253m@[38;2;255;255;253m@[38;2;255;255;253m@[38;2;255;255;253m@[38;2;255;255;253m@[38;2;255;255;253m@[38;2;255;255;253m@[38;2;255;255;253m@[38;2;255;255;253m@[38;2;255;255;253m@[38;2;255;255;253m@[38;2;255;255;253m@[38;2;255;255;253m@[38;2;255;255;253m@[38;2;255;255;253m@[38;2;255;255;253m@[38;2;255;255;253m@[38;2;255;255;253m@[38;2;255;255;253m@[38;2;255;255;253m@[38;2;255;255;253m@[38;2;255;255;253m@[38;2;255;255;253m@[38;2;255;255;253m@[38;2;255;255;253m@[38;2;255;255;253m@[38;2;255;255;253m@[38;2;255;255;253m@[38;2;255;255;253m@[38;2;255;255;253m@[38;2;224;223;220m$[38;2;61;42;20m~[38;2;62;45;21m~[38;2;62;42;18m~[38;2;59;40;15m~[38;2;62;41;17m~[38;2;70;48;21m<[38;2;75;50;20m<[38;2;88;60;25m/[38;2;95;65;29m=[38;2;82;55;22mi[38;2;82;56;24m~[38;2;77;52;20m/[38;2;76;50;20m~[38;2;82;56;25m~[38;2;85;60;27m<[38;2;76;55;27m<[38;2;72;51;23m/[38;2;71;49;22m~[38;2;64;46;21m~[38;2;55;38;16m~[38;2;55;38;17m_[38;2;58;41;19m~[38;2;63;46;21m~[38;2;65;47;22m~[38;2;64;45;20m~[38;2;68;49;23m"[38;2;75;56;28m<[38;2;88;67;34m=[38;2;100;75;38m=[38;2;93;69;33m=[38;2;107;79;40m([38;2;133;100;52mz[38;2;144;109;59m1[38;2;149;111;57mx[38;2;166;126;66mV[38;2;147;109;57mz[38;2;138;106;59m7[38;2;121;90;48m=[38;2;110;80;38m+[38;2;135;101;51mz[38;2;146;111;61mJ[38;2;148;112;59mz[38;2;139;102;52m7[38;2;139;102;52mz[38;2;137;101;53m([38;2;145;110;58mz[38;2;157;119;64m1[38;2;180;140;78mA[38;2;178;140;78m3[38;2;189;150;84mR[38;2;183;145;82mK[38;2;189;144;79m3[38;2;184;140;75m#[38;2;194;154;88mQ[38;2;179;140;81mU[38;2;247;244;239m@[38;2;255;255;253m@[38;2;255;255;253m@[38;2;255;255;253m@[38;2;255;255;253m@[38;2;255;255;253m@[38;2;255;255;253m@[38;2;255;255;253m@[38;2;255;255;253m@[38;2;255;255;253m@[38;2;255;255;253m@[38;2;255;255;253m@[38;2;255;255;253m@[38;2;255;255;253m@[38;2;255;255;253m@[38;2;255;255;253m@[38;2;255;255;253m@[38;2;255;255;253m@[38;2;255;255;253m@[38;2;255;255;253m@[38;2;255;255;253m@[38;2;255;255;253m@[38;2;255;255;253m@[38;2;255;255;253m@[38;2;255;255;253m@[38;2;255;255;253m@[38;2;255;255;253m@[38;2;255;255;253m@[38;2;255;255;253m@[38;2;255;255;253m@[38;2;255;255;253m@[38;2;255;255;253m@[38;2;255;255;253m@[38;2;255;255;253m@[38;2;255;255;253m@[38;2;223;223;221m$[0m
[38;2;255;255;253m@[38;2;255;255;253m@[38;2;255;255;253m@[38;2;255;255;253m@[38;2;255;255;253m@[38;2;255;255;253m@[38;2;255;255;253m@[38;2;255;255;253m@[38;2;255;255;253m@[38;2;255;255;253m@[38;2;255;255;253m@[38;2;255;255;253m@[38;2;255;255;253m@[38;2;255;255;253m@[38;2;255;255;253m@[38;2;255;255;253m@[38;2;255;255;253m@[38;2;255;255;253m@[38;2;255;255;253m@[38;2;255;255;253m@[38;2;255;255;253m@[38;2;255;255;253m@[38;2;255;255;253m@[38;2;255;255;253m@[38;2;255;255;253m@[38;2;255;255;253m@[38;2;255;255;253m@[38;2;255;255;253m@[38;2;255;255;253m@[38;2;255;255;253m@[38;2;255;255;253m@[38;2;255;255;253m@[38;2;255;255;253m@[38;2;255;255;253m@[38;2;255;255;253m@[38;2;255;255;253m@[38;2;235;234;231mM[38;2;66;48;24m"[38;2;59;43;18m~[38;2;53;37;15m_[38;2;56;37;16m_[38;2;64;44;18m~[38;2;63;45;21m~[38;2;80;57;27m<[38;2;94;68;34m<[38;2;94;69;35mr[38;2;89;66;32m<[38;2;89;65;30m=[38;2;79;55;23m/[38;2;70;48;20m~[38;2;56;37;14m~[38;2;49;33;11m_[38;2;42;27;9m_[38;2;43;27;10m-[38;2;51;34;12m~[38;2;64;45;19m~[38;2;59;41;17m~[38;2;48;33;14m-[38;2;49;33;13m_[38;2;61;44;20m~[38;2;42;29;11m_[38;2;54;38;16m~[38;2;60;44;20m~[38;2;64;46;21m~[38;2;80;59;28m<[38;2;99;70;34m*[38;2;102;73;34m=[38;2;108;76;35m=[38;2;124;90;44m+[38;2;147;109;56ms[38;2;181;140;77mK[38;2;179;142;79mO[38;2;144;109;57mz[38;2;109;80;38m+[38;2;138;104;52mz[38;2;140;104;54mJ[38;2;141;103;54mz[38;2;136;102;52m7[38;2;136;103;55mx[38;2;143;108;57m1[38;2;150;113;59mJ[38;2;167;130;73mZ[38;2;148;113;61ms[38;2;159;123;68m1[38;2;166;127;68mb[38;2;184;146;82mA[38;2;181;145;84mD[38;2;164;122;65m1[38;2;183;139;75m3[38;2;194;151;85mA[38;2;192;150;83mK[38;2;174;140;87m3[38;2;253;253;250m@[38;2;255;255;253m@[38;2;255;255;253m@[38;2;255;255;253m@[38;2;255;255;253m@[38;2;255;255;253m@[38;2;255;255;253m@[38;2;255;255;253m@[38;2;255;255;253m@[38;2;255;255;253m@[38;2;255;255;253m@[38;2;255;255;253m@[38;2;255;255;253m@[38;2;255;255;253m@[38;2;255;255;253m@[38;2;255;255;253m@[38;2;255;255;253m@[38;2;255;255;253m@[38;2;255;255;253m@[38;2;255;255;253m@[38;2;255;255;253m@[38;2;255;255;253m@[38;2;255;255;253m@[38;2;255;255;253m@[38;2;255;255;253m@[38;2;255;255;253m@[38;2;255;255;253m@[38;2;255;255;253m@[38;2;255;255;253m@[38;2;255;255;253m@[38;2;255;255;253m@[38;2;255;255;253m@[38;2;255;255;253m@[38;2;255;255;253m@[38;2;255;255;253m@[38;2;223;223;221m$[0m
[38;2;255;255;253m@[38;2;255;255;253m@[38;2;255;255;253m@[38;2;255;255;253m@[38;2;255;255;253m@[38;2;255;255;253m@[38;2;255;255;253m@[38;2;255;255;253m@[38;2;255;255;253m@[38;2;255;255;253m@[38;2;255;255;253m@[38;2;255;255;253m@[38;2;255;255;253m@[38;2;255;255;253m@[38;2;255;255;253m@[38;2;255;255;253m@[38;2;255;255;253m@[38;2;255;255;253m@[38;2;255;255;253m@[38;2;255;255;253m@[38;2;255;255;253m@[38;2;255;255;253m@[38;2;255;255;253m@[38;2;255;255;253m@[38;2;255;255;253m@[38;2;255;255;253m@[38;2;255;255;253m@[38;2;255;255;253m@[38;2;255;255;253m@[38;2;255;255;253m@[38;2;255;255;253m@[38;2;255;255;253m@[38;2;255;255;253m@[38;2;255;255;253m@[38;2;255;255;253m@[38;2;255;255;253m@[38;2;252;251;249m@[38;2;120;109;94m][38;2;66;48;21m~[38;2;55;38;16m~[38;2;65;44;18m~[38;2;72;50;21m~[38;2;73;54;26m~[38;2;86;63;32m>[38;2;84;58;26m/[38;2;88;61;27m<[38;2;79;57;26m/[38;2;66;47;22m~[38;2;59;42;19m~[38;2;53;36;15m_[38;2;49;33;13m_[38;2;48;31;12m_[38;2;47;31;12m_[38;2;49;32;12m_[38;2;52;35;14m~[38;2;48;31;11m_[38;2;44;30;11m_[38;2;44;30;12m_[38;2;43;29;13m-[38;2;57;40;17m~[38;2;51;35;15m~[38;2;51;36;14m~[38;2;41;28;12m_[38;2;55;38;17m~[38;2;75;52;24m/[38;2;86;62;30m<[38;2;97;69;32m>[38;2;120;88;44m?[38;2;138;102;52ms[38;2;153;112;58m2[38;2;155;115;60m1[38;2;166;127;70mZ[38;2;172;136;76mD[38;2;162;124;66m3[38;2;166;126;68m2[38;2;162;124;66mu[38;2;151;117;63ms[38;2;156;122;68m2[38;2;148;113;60mx[38;2;154;117;64ms[38;2;156;119;65m2[38;2;153;119;65mu[38;2;134;102;54m([38;2;145;111;60m1[38;2;156;119;65mu[38;2;173;134;75m3[38;2;172;133;73mV[38;2;171;129;68mV[38;2;172;128;67m2[38;2;162;121;64ms[38;2;167;127;68m1[38;2;146;110;61ms[38;2;171;154;129mY[38;2;207;198;182mW[38;2;240;238;233m@[38;2;255;255;253m@[38;2;255;255;253m@[38;2;255;255;253m@[38;2;255;255;253m@[38;2;255;255;253m@[38;2;255;255;253m@[38;2;255;255;253m@[38;2;255;255;253m@[38;2;255;255;253m@[38;2;255;255;253m@[38;2;255;255;253m@[38;2;255;255;253m@[38;2;255;255;253m@[38;2;255;255;253m@[38;2;255;255;253m@[38;2;255;255;253m@[38;2;255;255;253m@[38;2;255;255;253m@[38;2;255;255;253m@[38;2;255;255;253m@[38;2;255;255;253m@[38;2;255;255;253m@[38;2;255;255;253m@[38;2;255;255;253m@[38;2;255;255;253m@[38;2;255;255;253m@[38;2;255;255;253m@[38;2;255;255;253m@[38;2;255;255;253m@[38;2;255;255;253m@[38;2;255;255;253m@[38;2;255;255;253m@[38;2;223;223;221m$[0m
[38;2;255;255;253m@[38;2;255;255;253m@[38;2;255;255;253m@[38;2;255;255;253m@[38;2;255;255;253m@[38;2;255;255;253m@[38;2;255;255;253m@[38;2;255;255;253m@[38;2;255;255;253m@[38;2;255;255;253m@[38;2;255;255;253m@[38;2;255;255;253m@[38;2;255;255;253m@[38;2;255;255;253m@[38;2;255;255;253m@[38;2;255;255;253m@[38;2;255;255;253m@[38;2;255;255;253m@[38;2;255;255;253m@[38;2;255;255;253m@[38;2;255;255;253m@[38;2;255;255;253m@[38;2;255;255;253m@[38;2;255;255;253m@[38;2;255;255;253m@[38;2;255;255;253m@[38;2;255;255;253m@[38;2;255;255;253m@[38;2;255;255;253m@[38;2;255;255;253m@[38;2;255;255;253m@[38;2;255;255;253m@[38;2;255;255;253m@[38;2;255;255;253m@[38;2;255;255;253m@[38;2;255;255;253m@[38;2;255;255;253m@[38;2;251;251;249m@[38;2;148;140;126mC[38;2;63;45;21m~[38;2;63;44;20m~[38;2;78;55;26m<[38;2;87;60;27m<[38;2;95;69;33m>[38;2;93;67;33m=[38;2;109;80;43m*[38;2;90;65;30m>[38;2;77;55;25m/[38;2;63;45;20m"[38;2;53;37;15m~[38;2;45;29;11m_[38;2;45;29;13m_[38;2;44;29;11m_[38;2;48;31;11m_[38;2;45;30;11m_[38;2;38;25;8m-[38;2;44;29;11m_[38;2;50;33;13m_[38;2;45;30;10m_[38;2;46;31;13m_[38;2;40;26;10m_[38;2;54;37;17m~[38;2;64;45;21m~[38;2;72;52;25m<[38;2;76;55;26m\[38;2;61;42;18m~[38;2;95;70;34mr[38;2;127;95;50m([38;2;95;69;32mi[38;2;110;82;41m<[38;2;131;96;48m([38;2;129;96;52mz[38;2;101;75;38m*[38;2;170;136;78m3[38;2;153;122;69m1[38;2;107;82;44mt[38;2;138;107;59mx[38;2;152;117;64mu[38;2;129;98;51mJ[38;2;151;117;64ms[38;2;151;118;65m1[38;2;119;90;47m?[38;2;131;100;55m7[38;2;115;87;48mJ[38;2;149;114;62m1[38;2;138;104;56mx[38;2;146;106;53m1[38;2;155;114;59ms[38;2;141;103;53mJ[38;2;139;99;49m[[38;2;151;113;59m1[38;2;126;91;47mx[38;2;116;86;44m+[38;2;108;79;39m*[38;2;117;84;41m([38;2;144;116;80m?[38;2;172;157;136mS[38;2;211;205;194m@[38;2;247;246;243m@[38;2;255;255;253m@[38;2;255;255;253m@[38;2;255;255;253m@[38;2;255;255;253m@[38;2;255;255;253m@[38;2;255;255;253m@[38;2;255;255;253m@[38;2;255;255;253m@[38;2;255;255;253m@[38;2;255;255;253m@[38;2;255;255;253m@[38;2;255;255;253m@[38;2;255;255;253m@[38;2;255;255;253m@[38;2;255;255;253m@[38;2;255;255;253m@[38;2;255;255;253m@[38;2;255;255;253m@[38;2;255;255;253m@[38;2;255;255;253m@[38;2;255;255;253m@[38;2;255;255;253m@[38;2;255;255;253m@[38;2;255;255;253m@[38;2;255;255;253m@[38;2;255;255;253m@[38;2;255;255;253m@[38;2;255;255;253m@[38;2;223;223;221m$[0m
[38;2;255;255;253m@[38;2;255;255;253m@[38;2;255;255;253m@[38;2;255;255;253m@[38;2;255;255;253m@[38;2;255;255;253m@[38;2;255;255;253m@[38;2;255;255;253m@[38;2;255;255;253m@[38;2;255;255;253m@[38;2;255;255;253m@[38;2;255;255;253m@[38;2;255;255;253m@[38;2;255;255;253m@[38;2;255;255;253m@[38;2;255;255;253m@[38;2;255;255;253m@[38;2;255;255;253m@[38;2;255;255;253m@[38;2;255;255;253m@[38;2;255;255;253m@[38;2;255;255;253m@[38;2;255;255;253m@[38;2;255;255;253m@[38;2;255;255;253m@[38;2;255;255;253m@[38;2;255;255;253m@[38;2;255;255;253m@[38;2;255;255;253m@[38;2;255;255;253m@[38;2;255;255;253m@[38;2;255;255;253m@[38;2;255;255;253m@[38;2;255;255;253m@[38;2;255;255;253m@[38;2;255;255;253m@[38;2;255;255;253m@[38;2;255;255;253m@[38;2;254;254;252m@[38;2;175;167;157m$[38;2;80;60;32m^[38;2;75;54;25m"[38;2;83;60;30m/[38;2;84;61;29m<[38;2;89;64;31m=[38;2;92;66;31m<[38;2;102;77;39m=[38;2;93;68;34mr[38;2;76;55;26m~[38;2;59;41;18m~[38;2;45;30;11m_[38;2;45;29;12m_[38;2;49;31;12m_[38;2;45;29;11m_[38;2;35;23;6m-[38;2;40;26;8m_[38;2;42;28;10m_[38;2;48;33;13m_[38;2;45;29;11m_[38;2;53;37;14m~[38;2;52;35;15m~[38;2;57;39;15m~[38;2;66;46;20m~[38;2;79;58;27m/[38;2;75;53;24m~[38;2;80;58;29m"[38;2;82;59;27m~[38;2;104;74;35mr[38;2;101;73;36m=[38;2;82;59;29m"[38;2;104;77;39m<[38;2;125;90;43m?[38;2;118;89;47m([38;2;112;86;46mx[38;2;141;105;55m1[38;2;122;92;48m7[38;2;110;80;40m7[38;2;135;101;52mz[38;2;124;93;48mz[38;2;114;85;44m([38;2;129;95;47m?[38;2;118;91;49mx[38;2;124;95;51mz[38;2;140;105;56m1[38;2;123;92;47m7[38;2;145;110;59mz[38;2;133;98;51mx[38;2;137;101;51mz[38;2;140;100;49mj[38;2;146;109;55mz[38;2;137;103;55mJ[38;2;125;92;46mf[38;2;90;67;33m=[38;2;83;60;28m<[38;2;85;63;31m<[38;2;83;61;29m/[38;2;90;67;33m<[38;2;101;75;39m=[38;2;117;88;48m([38;2;141;122;95m=[38;2;196;187;173mN[38;2;249;248;246m@[38;2;255;255;253m@[38;2;255;255;253m@[38;2;255;255;253m@[38;2;255;255;253m@[38;2;255;255;253m@[38;2;255;255;253m@[38;2;255;255;253m@[38;2;255;255;253m@[38;2;255;255;253m@[38;2;255;255;253m@[38;2;255;255;253m@[38;2;255;255;253m@[38;2;255;255;253m@[38;2;255;255;253m@[38;2;255;255;253m@[38;2;255;255;253m@[38;2;255;255;253m@[38;2;255;255;253m@[38;2;255;255;253m@[38;2;255;255;253m@[38;2;255;255;253m@[38;2;255;255;253m@[38;2;255;255;253m@[38;2;255;255;253m@[38;2;255;255;253m@[38;2;223;223;221m$[0m
[38;2;255;255;253m@[38;2;255;255;253m@[38;2;255;255;253m@[38;2;255;255;253m@[38;2;255;255;253m@[38;2;255;255;253m@[38;2;255;255;253m@[38;2;255;255;253m@[38;2;255;255;253m@[38;2;255;255;253m@[38;2;255;255;253m@[38;2;255;255;253m@[38;2;255;255;253m@[38;2;255;255;253m@[38;2;255;255;253m@[38;2;255;255;253m@[38;2;255;255;253m@[38;2;255;255;253m@[38;2;255;255;253m@[38;2;255;255;253m@[38;2;255;255;253m@[38;2;255;255;253m@[38;2;255;255;253m@[38;2;255;255;253m@[38;2;255;255;253m@[38;2;255;255;253m@[38;2;255;255;253m@[38;2;255;255;253m@[38;2;255;255;253m@[38;2;255;255;253m@[38;2;255;255;253m@[38;2;255;255;253m@[38;2;255;255;253m@[38;2;255;255;253m@[38;2;255;255;253m@[38;2;255;255;253m@[38;2;255;255;253m@[38;2;255;255;253m@[38;2;255;255;253m@[38;2;255;255;253m@[38;2;136;133;126ma[38;2;80;60;32m<[38;2;81;60;28m=[38;2;78;58;28m<[38;2;88;66;35m>[38;2;91;68;34m<[38;2;99;72;36m=[38;2;110;80;42m=[38;2;99;72;35mr[38;2;93;67;32m=[38;2;79;58;29m^[38;2;68;47;20m~[38;2;60;41;17m~[38;2;55;38;16m~[38;2;47;31;11m_[38;2;41;26;9m_[38;2;43;27;10m_[38;2;44;29;11m_[38;2;43;27;9m_[38;2;53;36;15m_[38;2;55;37;15m~[38;2;64;44;19m~[38;2;76;55;27m/[38;2;65;46;21m~[38;2;76;54;23m/[38;2;93;71;37m<[38;2;107;81;43m=[38;2;101;74;36m*[38;2;98;69;32m+[38;2;96;69;32m<[38;2;98;71;34m>[38;2;120;88;46m+[38;2;107;80;41m?[38;2;115;86;45m([38;2;142;107;55m1[38;2;122;92;48m*[38;2;127;93;49mz[38;2;120;90;46m([38;2;116;86;44m([38;2;113;84;44m([38;2;127;94;47m7[38;2;119;89;46m?[38;2;129;95;49m?[38;2;144;108;55mz[38;2;141;102;51mJ[38;2;143;104;49mz[38;2;141;107;56mz[38;2;151;115;64ms[38;2;159;115;56m1[38;2;144;105;53m7[38;2;139;100;49m7[38;2;92;65;30mi[38;2;69;48;21m~[38;2;71;51;22m<[38;2;73;53;24m~[38;2;77;56;27m\[38;2;87;65;32m=[38;2;91;66;32m<[38;2;95;68;34m<[38;2;97;69;33m>[38;2;103;76;39m*[38;2;116;91;57m=[38;2;180;162;139m4[38;2;236;233;226m@[38;2;255;255;253m@[38;2;255;255;253m@[38;2;255;255;253m@[38;2;255;255;253m@[38;2;255;255;253m@[38;2;255;255;253m@[38;2;255;255;253m@[38;2;255;255;253m@[38;2;255;255;253m@[38;2;255;255;253m@[38;2;255;255;253m@[38;2;255;255;253m@[38;2;255;255;253m@[38;2;255;255;253m@[38;2;255;255;253m@[38;2;255;255;253m@[38;2;255;255;253m@[38;2;255;255;253m@[38;2;255;255;253m@[38;2;255;255;253m@[38;2;255;255;253m@[38;2;255;255;253m@[38;2;255;255;253m@[38;2;223;223;221m$[0m
[38;2;255;255;253m@[38;2;255;255;253m@[38;2;255;255;253m@[38;2;255;255;253m@[38;2;255;255;253m@[38;2;255;255;253m@[38;2;255;255;253m@[38;2;255;255;253m@[38;2;255;255;253m@[38;2;255;255;253m@[38;2;255;255;253m@[38;2;255;255;253m@[38;2;255;255;253m@[38;2;255;255;253m@[38;2;255;255;253m@[38;2;255;255;253m@[38;2;255;255;253m@[38;2;255;255;253m@[38;2;255;255;253m@[38;2;255;255;253m@[38;2;255;255;253m@[38;2;255;255;253m@[38;2;255;255;253m@[38;2;255;255;253m@[38;2;255;255;253m@[38;2;255;255;253m@[38;2;255;255;253m@[38;2;255;255;253m@[38;2;255;255;253m@[38;2;255;255;253m@[38;2;255;255;253m@[38;2;255;255;253m@[38;2;255;255;253m@[38;2;255;255;253m@[38;2;255;255;253m@[38;2;255;255;253m@[38;2;255;255;253m@[38;2;255;255;253m@[38;2;255;255;253m@[38;2;201;203;203m$[38;2;64;70;76m<[38;2;70;72;71m=[38;2;79;64;43m<[38;2;79;57;29m<[38;2;82;61;29m>[38;2;79;58;29m>[38;2;88;66;32m<[38;2;94;70;34m=[38;2;93;68;32m<[38;2;108;78;37m=[38;2;109;80;39m+[38;2;104;76;38m+[38;2;102;76;38mr[38;2;92;68;34mr[38;2;80;60;30m^[38;2;74;53;26m"[38;2;65;46;21m~[38;2;60;42;19m~[38;2;50;33;12m_[38;2;45;29;11m_[38;2;45;30;10m_[38;2;65;47;22m~[38;2;58;41;18m~[38;2;58;41;19m~[38;2;73;54;27m~[38;2;94;71;35m<[38;2;87;65;32m>[38;2;98;73;38m*[38;2;106;77;38m?[38;2;108;81;41mr[38;2;100;73;34m*[38;2;103;75;37m=[38;2;142;110;61mz[38;2;113;85;43m([38;2;136;102;52mx[38;2;119;88;44m?[38;2;128;95;48m7[38;2;112;85;42m([38;2;112;82;39m*[38;2;126;89;43m([38;2;109;78;38m*[38;2;107;79;41m=[38;2;128;96;50m?[38;2;134;99;51mJ[38;2;142;102;50m([38;2;157;116;59m1[38;2;152;114;60ms[38;2;148;115;62ms[38;2;157;114;58ms[38;2;160;118;60mV[38;2;159;118;61mn[38;2;99;71;32m![38;2;87;64;31m<[38;2;79;58;28mr[38;2;70;50;22m\[38;2;70;50;23m~[38;2;71;51;24m~[38;2;73;53;25m<[38;2;73;54;25m"[38;2;85;62;30m/[38;2;100;74;38m=[38;2;104;77;38m([38;2;132;101;53m1[38;2;144;112;63m1[38;2;179;156;121mX[38;2;222;214;200m@[38;2;254;254;252m@[38;2;255;255;253m@[38;2;255;255;253m@[38;2;255;255;253m@[38;2;255;255;253m@[38;2;255;255;253m@[38;2;255;255;253m@[38;2;255;255;253m@[38;2;255;255;253m@[38;2;255;255;253m@[38;2;255;255;253m@[38;2;255;255;253m@[38;2;255;255;253m@[38;2;255;255;253m@[38;2;255;255;253m@[38;2;255;255;253m@[38;2;255;255;253m@[38;2;255;255;253m@[38;2;255;255;253m@[38;2;255;255;253m@[38;2;255;255;253m@[38;2;223;223;221m$[0m
[38;2;255;255;253m@[38;2;255;255;253m@[38;2;255;255;253m@[38;2;255;255;253m@[38;2;255;255;253m@[38;2;255;255;253m@[38;2;255;255;253m@[38;2;255;255;253m@[38;2;255;255;253m@[38;2;255;255;253m@[38;2;255;255;253m@[38;2;255;255;253m@[38;2;255;255;253m@[38;2;255;255;253m@[38;2;255;255;253m@[38;2;255;255;253m@[38;2;255;255;253m@[38;2;255;255;253m@[38;2;255;255;253m@[38;2;255;255;253m@[38;2;255;255;253m@[38;2;255;255;253m@[38;2;255;255;253m@[38;2;255;255;253m@[38;2;255;255;253m@[38;2;255;255;253m@[38;2;255;255;253m@[38;2;255;255;253m@[38;2;255;255;253m@[38;2;255;255;253m@[38;2;255;255;253m@[38;2;255;255;253m@[38;2;255;255;253m@[38;2;255;255;253m@[38;2;255;255;253m@[38;2;255;255;253m@[38;2;255;255;253m@[38;2;255;255;253m@[38;2;254;254;252m@[38;2;71;73;76mL[38;2;40;43;47m~[38;2;45;50;55m\[38;2;53;59;64m/[38;2;64;65;67m~[38;2;68;61;52m<[38;2;87;71;47m=[38;2;79;58;28m<[38;2;96;71;37m=[38;2;98;75;40m<[38;2;100;76;40m?[38;2;102;78;41m*[38;2;95;71;35m=[38;2;98;74;38m=[38;2;105;79;43m=[38;2;111;85;45m?[38;2;100;72;35m=[38;2;95;69;34m<[38;2;94;68;33m=[38;2;85;60;27m<[38;2;77;55;26m/[38;2;73;53;25m/[38;2;74;54;26m>[38;2;66;47;21m"[38;2;68;47;21m~[38;2;68;49;22m~[38;2;71;51;24m\[38;2;72;53;25m<[38;2;80;58;28m/[38;2;88;65;31m<[38;2;88;63;28mr[38;2;91;65;31m<[38;2;108;78;39m*[38;2;133;98;48m([38;2;113;81;39m([38;2;110;79;38m([38;2;107;78;38m=[38;2;107;77;37m=[38;2;107;78;38mr[38;2;100;72;35mr[38;2;124;87;41m?[38;2;134;96;47m([38;2;112;82;41m<[38;2;120;88;45m?[38;2;127;90;40m([38;2;149;107;52mz[38;2;154;111;53ms[38;2;153;110;54ms[38;2;155;114;58m2[38;2;144;104;50ms[38;2;147;107;51m7[38;2;141;101;51mx[38;2;102;74;36m=[38;2;98;72;35mr[38;2;93;67;31m/[38;2;82;59;29m~[38;2;70;49;22m~[38;2;63;44;20m~[38;2;62;44;20m~[38;2;74;55;27m~[38;2;80;59;29m~[38;2;96;72;37m<[38;2;112;84;45m=[38;2;114;87;46m([38;2;126;97;51m([38;2;125;95;49m([38;2;134;100;52m([38;2;183;165;136m4[38;2;254;254;252m@[38;2;255;255;253m@[38;2;255;255;253m@[38;2;255;255;253m@[38;2;255;255;253m@[38;2;255;255;253m@[38;2;255;255;253m@[38;2;255;255;253m@[38;2;255;255;253m@[38;2;255;255;253m@[38;2;255;255;253m@[38;2;255;255;253m@[38;2;255;255;253m@[38;2;255;255;253m@[38;2;255;255;253m@[38;2;255;255;253m@[38;2;255;255;253m@[38;2;255;255;253m@[38;2;255;255;253m@[38;2;255;255;253m@[38;2;223;223;221m$[0m
[38;2;255;255;253m@[38;2;255;255;253m@[38;2;255;255;253m@[38;2;255;255;253m@[38;2;255;255;253m@[38;2;255;255;253m@[38;2;255;255;253m@[38;2;255;255;253m@[38;2;255;255;253m@[38;2;255;255;253m@[38;2;255;255;253m@[38;2;255;255;253m@[38;2;255;255;253m@[38;2;255;255;253m@[38;2;255;255;253m@[38;2;255;255;253m@[38;2;255;255;253m@[38;2;255;255;253m@[38;2;255;255;253m@[38;2;255;255;253m@[38;2;255;255;253m@[38;2;255;255;253m@[38;2;255;255;253m@[38;2;255;255;253m@[38;2;255;255;253m@[38;2;255;255;253m@[38;2;255;255;253m@[38;2;255;255;253m@[38;2;255;255;253m@[38;2;255;255;253m@[38;2;255;255;253m@[38;2;255;255;253m@[38;2;255;255;253m@[38;2;255;255;253m@[38;2;255;255;253m@[38;2;255;255;253m@[38;2;255;255;253m@[38;2;255;255;253m@[38;2;197;200;200m$[38;2;69;78;85m=[38;2;72;79;86m*[38;2;67;75;82m*[38;2;61;68;75m*[38;2;55;61;68mr[38;2;48;53;61m\[38;2;50;54;60m~[38;2;59;60;60m~[38;2;72;65;55m<[38;2;89;72;46m<[38;2;91;68;35m?[38;2;100;75;38m*[38;2;100;75;38mr[38;2;90;66;32m<[38;2;96;72;38mr[38;2;92;68;35m<[38;2;95;69;34m=[38;2;91;65;31m<[38;2;89;64;32m<[38;2;84;61;28m<[38;2;84;60;28m~[38;2;83;61;29m/[38;2;91;66;32m>[38;2;93;67;31m<[38;2;93;65;29m<[38;2;94;65;28m<[38;2;94;66;30m>[38;2;98;70;33m=[38;2;91;63;29m=[38;2;101;72;33m*[38;2;107;76;36m*[38;2;103;73;33m>[38;2;112;80;38m=[38;2;112;80;38m+[38;2;106;75;36m=[38;2;105;75;36mr[38;2;110;79;38m=[38;2;90;65;29m<[38;2;90;65;30m>[38;2;90;65;30m<[38;2;81;56;23m/[38;2;76;52;22m~[38;2;84;56;24m<[38;2;102;70;32m=[38;2;115;81;36m?[38;2;155;111;54ms[38;2;152;109;52ms[38;2;147;105;52mz[38;2;137;99;50m([38;2;120;85;39m7[38;2;120;85;39m*[38;2;109;77;36m*[38;2;106;76;36m*[38;2;96;69;32mr[38;2;85;62;29m>[38;2;72;52;24m\[38;2;71;52;25m\[38;2;66;48;23m~[38;2;67;48;22m~[38;2;72;53;24m<[38;2;85;62;30m<[38;2;95;69;32m=[38;2;106;78;38mr[38;2;111;82;43m=[38;2;122;92;48m*[38;2;134;101;52m([38;2;163;125;69mz[38;2;155;120;68ms[38;2;228;219;205mN[38;2;255;255;253m@[38;2;255;255;253m@[38;2;255;255;253m@[38;2;255;255;253m@[38;2;255;255;253m@[38;2;255;255;253m@[38;2;255;255;253m@[38;2;255;255;253m@[38;2;255;255;253m@[38;2;255;255;253m@[38;2;255;255;253m@[38;2;255;255;253m@[38;2;255;255;253m@[38;2;255;255;253m@[38;2;255;255;253m@[38;2;255;255;253m@[38;2;255;255;253m@[38;2;255;255;253m@[38;2;255;255;253m@[38;2;223;223;221m$[0m
[38;2;255;255;253m@[38;2;255;255;253m@[38;2;255;255;253m@[38;2;255;255;253m@[38;2;255;255;253m@[38;2;255;255;253m@[38;2;255;255;253m@[38;2;255;255;253m@[38;2;255;255;253m@[38;2;255;255;253m@[38;2;255;255;253m@[38;2;255;255;253m@[38;2;255;255;253m@[38;2;255;255;253m@[38;2;255;255;253m@[38;2;255;255;253m@[38;2;255;255;253m@[38;2;255;255;253m@[38;2;255;255;253m@[38;2;255;255;253m@[38;2;255;255;253m@[38;2;255;255;253m@[38;2;255;255;253m@[38;2;255;255;253m@[38;2;255;255;253m@[38;2;255;255;253m@[38;2;255;255;253m@[38;2;255;255;253m@[38;2;255;255;253m@[38;2;255;255;253m@[38;2;255;255;253m@[38;2;255;255;253m@[38;2;255;255;253m@[38;2;255;255;253m@[38;2;255;255;253m@[38;2;255;255;253m@[38;2;255;255;253m@[38;2;255;255;253m@[38;2;121;126;130mC[38;2;73;82;89m*[38;2;76;85;92m*[38;2;76;85;92m*[38;2;76;85;92m*[38;2;76;85;92m*[38;2;76;85;92m*[38;2;76;85;92m*[38;2;75;85;92m*[38;2;71;80;87m=[38;2;76;85;92m*[38;2;80;84;84m*[38;2;78;71;59mr[38;2;92;73;46m<[38;2;90;65;32m=[38;2;99;72;35m=[38;2;97;69;33mr[38;2;103;74;35m=[38;2;97;70;34mr[38;2;97;70;33mr[38;2;102;74;37mr[38;2;95;67;30m>[38;2;102;75;37mr[38;2;106;79;40m*[38;2;108;81;42m=[38;2;110;82;42m*[38;2;93;67;31m>[38;2;86;63;30m\[38;2;92;67;33m<[38;2;102;75;38m*[38;2;104;78;40m([38;2;102;76;38m([38;2;98;74;37m*[38;2;102;76;39m*[38;2;87;64;31m>[38;2;94;69;35m=[38;2;94;71;35m=[38;2;98;72;36m>[38;2;88;65;32m=[38;2;86;62;29m<[38;2;92;69;34m=[38;2;99;73;36m([38;2;102;73;36m([38;2;98;69;32m*[38;2;102;72;35m*[38;2;97;69;32m<[38;2;96;68;30m<[38;2;86;59;26m/[38;2;85;60;28m>[38;2;84;61;28m/[38;2;81;59;27m/[38;2;79;56;26m~[38;2;77;55;25m~[38;2;82;59;27m~[38;2;88;62;29m~[38;2;94;67;31m~[38;2;96;69;32m<[38;2;114;85;42m=[38;2;117;86;43m*[38;2;138;107;57m?[38;2;138;105;55m7[38;2;158;125;76mT[38;2;164;132;86mn[38;2;181;155;111mS[38;2;196;172;129m9[38;2;190;170;141mQ[38;2;218;204;183mW[38;2;236;231;220m@[38;2;252;251;248m@[38;2;255;255;253m@[38;2;255;255;253m@[38;2;255;255;253m@[38;2;255;255;253m@[38;2;255;255;253m@[38;2;255;255;253m@[38;2;255;255;253m@[38;2;255;255;253m@[38;2;255;255;253m@[38;2;255;255;253m@[38;2;255;255;253m@[38;2;255;255;253m@[38;2;255;255;253m@[38;2;255;255;253m@[38;2;255;255;253m@[38;2;255;255;253m@[38;2;255;255;253m@[38;2;255;255;253m@[38;2;255;255;253m@[38;2;255;255;253m@[38;2;223;223;221m$[0m
[38;2;255;255;253m@[38;2;255;255;253m@[38;2;255;255;253m@[38;2;255;255;253m@[38;2;255;255;253m@[38;2;255;255;253m@[38;2;255;255;253m@[38;2;255;255;253m@[38;2;255;255;253m@[38;2;255;255;253m@[38;2;255;255;253m@[38;2;255;255;253m@[38;2;255;255;253m@[38;2;255;255;253m@[38;2;255;255;253m@[38;2;255;255;253m@[38;2;255;255;253m@[38;2;255;255;253m@[38;2;255;255;253m@[38;2;255;255;253m@[38;2;255;255;253m@[38;2;255;255;253m@[38;2;255;255;253m@[38;2;255;255;253m@[38;2;255;255;253m@[38;2;255;255;253m@[38;2;255;255;253m@[38;2;255;255;253m@[38;2;255;255;253m@[38;2;255;255;253m@[38;2;255;255;253m@[38;2;255;255;253m@[38;2;255;255;253m@[38;2;255;255;253m@[38;2;255;255;253m@[38;2;255;255;253m@[38;2;255;255;253m@[38;2;255;255;253m@[38;2;77;84;90mt[38;2;69;77;84mr[38;2;67;76;83m<[38;2;76;85;92m*[38;2;76;85;92m*[38;2;76;85;92m*[38;2;76;85;92m*[38;2;76;85;92m*[38;2;76;85;92m*[38;2;84;92;98mt[38;2;76;85;92m*[38;2;76;85;92m*[38;2;73;82;89m=[38;2;74;83;90m=[38;2;183;184;182mN[38;2;118;117;113mC[38;2;188;180;168mM[38;2;183;171;153m&[38;2;155;141;121ms[38;2;153;133;106m([38;2;125;103;69m([38;2;119;92;51mx[38;2;115;85;43m?[38;2;132;103;58mz[38;2;118;89;47m*[38;2;127;96;51mz[38;2;124;95;51m([38;2;120;92;49m([38;2;104;77;41m*[38;2;106;82;43m*[38;2;93;69;35m<[38;2;101;76;39m*[38;2;95;72;37m=[38;2;95;71;36m>[38;2;90;67;33m<[38;2;99;76;39m=[38;2;109;86;47m=[38;2;109;83;43m([38;2;123;96;53m+[38;2;115;87;44m?[38;2;131;102;57m7[38;2;131;102;56m([38;2;137;105;55m7[38;2;149;116;64m1[38;2;128;97;49m7[38;2;136;104;55mY[38;2;123;93;51mx[38;2;121;92;54m1[38;2;134;107;64mO[38;2;117;92;57mz[38;2;135;110;71mO[38;2;130;109;77ms[38;2;191;170;138mR[38;2;207;187;153mm[38;2;217;199;167mW[38;2;224;211;183mW[38;2;225;211;187mW[38;2;238;228;209m@[38;2;241;233;219m@[38;2;243;239;231m@[38;2;250;248;244m@[38;2;254;254;252m@[38;2;255;255;253m@[38;2;255;255;253m@[38;2;255;255;253m@[38;2;255;255;253m@[38;2;255;255;253m@[38;2;255;255;253m@[38;2;255;255;253m@[38;2;255;255;253m@[38;2;255;255;253m@[38;2;255;255;253m@[38;2;255;255;253m@[38;2;255;255;253m@[38;2;255;255;253m@[38;2;255;255;253m@[38;2;255;255;253m@[38;2;255;255;253m@[38;2;255;255;253m@[38;2;255;255;253m@[38;2;255;255;253m@[38;2;255;255;253m@[38;2;255;255;253m@[38;2;255;255;253m@[38;2;255;255;253m@[38;2;255;255;253m@[38;2;255;255;253m@[38;2;255;255;253m@[38;2;255;255;253m@[38;2;223;223;221m$[0m
[38;2;255;255;253m@[38;2;255;255;253m@[38;2;255;255;253m@[38;2;255;255;253m@[38;2;255;255;253m@[38;2;255;255;253m@[38;2;255;255;253m@[38;2;255;255;253m@[38;2;255;255;253m@[38;2;255;255;253m@[38;2;255;255;253m@[38;2;255;255;253m@[38;2;255;255;253m@[38;2;255;255;253m@[38;2;255;255;253m@[38;2;255;255;253m@[38;2;255;255;253m@[38;2;255;255;253m@[38;2;255;255;253m@[38;2;255;255;253m@[38;2;255;255;253m@[38;2;255;255;253m@[38;2;255;255;253m@[38;2;255;255;253m@[38;2;252;250;246m@[38;2;252;247;235m@[38;2;255;255;253m@[38;2;255;255;253m@[38;2;255;255;253m@[38;2;255;255;253m@[38;2;255;255;253m@[38;2;255;255;253m@[38;2;253;252;249m@[38;2;242;226;201mM[38;2;255;254;252m@[38;2;255;255;253m@[38;2;255;255;253m@[38;2;232;233;232mM[38;2;53;59;65m~[38;2;54;61;67m~[38;2;57;64;70m/[38;2;52;58;64m"[38;2;57;64;70m/[38;2;61;68;74m<[38;2;94;97;93m=[38;2;72;78;83m=[38;2;95;101;106mJ[38;2;123;129;132mC[38;2;62;69;76m=[38;2;60;68;74m=[38;2;56;64;70m=[38;2;84;91;96mf[38;2;231;232;231m@[38;2;238;238;237m@[38;2;211;213;213mN[38;2;252;252;250m@[38;2;255;255;253m@[38;2;255;255;253m@[38;2;197;199;199m$[38;2;56;62;68m~[38;2;189;189;186m4[38;2;226;222;215m@[38;2;164;157;143m5[38;2;188;175;153m8[38;2;110;95;71m1[38;2;122;105;74mx[38;2;128;111;84m?[38;2;173;154;120mb[38;2;159;141;111m2[38;2;163;146;117mx[38;2;134;119;97m([38;2;153;140;117mz[38;2;159;148;127mw[38;2;153;143;125mN[38;2;209;199;178m@[38;2;212;202;185mM[38;2;228;220;203m@[38;2;168;163;152m6[38;2;96;95;88m=[38;2;93;94;90m*[38;2;91;93;92m*[38;2;85;89;91m*[38;2;81;88;92m*[38;2;76;83;88m*[38;2;69;77;84m=[38;2;76;85;92m*[38;2;76;85;92m*[38;2;76;85;92m*[38;2;76;85;92m*[38;2;95;102;108mJ[38;2;255;255;253m@[38;2;255;255;253m@[38;2;255;255;253m@[38;2;255;255;253m@[38;2;255;255;253m@[38;2;255;255;253m@[38;2;255;255;253m@[38;2;255;255;253m@[38;2;255;255;253m@[38;2;255;255;253m@[38;2;255;255;253m@[38;2;255;255;253m@[38;2;255;255;253m@[38;2;255;255;253m@[38;2;255;255;253m@[38;2;255;255;253m@[38;2;255;255;253m@[38;2;255;255;253m@[38;2;255;255;253m@[38;2;255;255;253m@[38;2;255;255;253m@[38;2;255;255;253m@[38;2;255;255;253m@[38;2;255;255;253m@[38;2;255;255;253m@[38;2;255;255;253m@[38;2;255;255;253m@[38;2;255;255;253m@[38;2;255;255;253m@[38;2;255;255;253m@[38;2;255;255;253m@[38;2;255;255;253m@[38;2;255;255;253m@[38;2;255;255;253m@[38;2;255;255;253m@[38;2;255;255;253m@[38;2;255;255;253m@[38;2;223;223;221m$[0m
[38;2;255;255;253m@[38;2;255;255;253m@[38;2;255;255;253m@[38;2;255;255;253m@[38;2;255;255;253m@[38;2;255;255;253m@[38;2;255;255;253m@[38;2;255;255;253m@[38;2;255;255;253m@[38;2;255;255;253m@[38;2;255;255;253m@[38;2;255;255;253m@[38;2;255;255;253m@[38;2;255;255;253m@[38;2;255;255;253m@[38;2;255;255;253m@[38;2;255;255;253m@[38;2;255;255;253m@[38;2;255;255;253m@[38;2;255;255;253m@[38;2;255;255;253m@[38;2;255;255;253m@[38;2;255;255;253m@[38;2;246;242;234mM[38;2;226;193;133mN[38;2;225;178;105m%[38;2;249;237;211mW[38;2;255;255;253m@[38;2;255;255;253m@[38;2;255;255;253m@[38;2;255;255;253m@[38;2;230;210;187m$[38;2;229;185;109m&[38;2;233;187;93mN[38;2;251;247;233m@[38;2;255;255;253m@[38;2;255;255;253m@[38;2;209;211;211m$[38;2;64;72;79m/[38;2;72;80;86m*[38;2;84;92;97m*[38;2;69;77;84mr[38;2;92;92;90m?[38;2;190;152;90mw[38;2;232;191;102mN[38;2;106;108;105mF[38;2;127;132;137m4[38;2;204;206;207m$[38;2;139;144;147mN[38;2;160;164;166m8[38;2;155;159;162m2[38;2;165;169;171mS[38;2;195;198;199mW[38;2;194;196;197m@[38;2;194;197;197m@[38;2;203;205;205m@[38;2;226;227;226m@[38;2;250;250;249m@[38;2;230;231;230mM[38;2;91;98;104m?[38;2;252;253;251m@[38;2;255;255;253m@[38;2;249;249;248m@[38;2;234;235;233m$[38;2;183;186;187mN[38;2;242;243;241m@[38;2;244;245;243m@[38;2;251;251;249m@[38;2;233;234;233m@[38;2;231;232;231mM[38;2;216;217;217m%[38;2;200;202;203mW[38;2;199;201;202mW[38;2;206;208;208m@[38;2;220;222;221m@[38;2;237;238;237m@[38;2;249;249;248m@[38;2;245;245;243mM[38;2;117;124;128mC[38;2;76;85;92m*[38;2;76;85;92m*[38;2;76;85;92m*[38;2;76;85;92m*[38;2;76;85;92m*[38;2;71;79;86m=[38;2;68;76;83m<[38;2;76;85;92m*[38;2;76;85;92m*[38;2;76;85;92m*[38;2;115;121;127mJ[38;2;255;255;253m@[38;2;255;255;253m@[38;2;255;255;253m@[38;2;255;255;253m@[38;2;255;255;253m@[38;2;255;255;253m@[38;2;255;255;253m@[38;2;255;255;253m@[38;2;255;255;253m@[38;2;255;255;253m@[38;2;255;255;253m@[38;2;255;255;253m@[38;2;255;255;253m@[38;2;255;255;253m@[38;2;255;255;253m@[38;2;255;255;253m@[38;2;255;255;253m@[38;2;255;255;253m@[38;2;255;255;253m@[38;2;255;255;253m@[38;2;255;255;253m@[38;2;255;255;253m@[38;2;255;255;253m@[38;2;255;255;253m@[38;2;255;255;253m@[38;2;255;255;253m@[38;2;255;255;253m@[38;2;255;255;253m@[38;2;255;255;253m@[38;2;255;255;253m@[38;2;255;255;253m@[38;2;255;255;253m@[38;2;255;255;253m@[38;2;255;255;253m@[38;2;255;255;253m@[38;2;255;255;253m@[38;2;255;255;253m@[38;2;223;223;221m$[0m
[38;2;255;255;253m@[38;2;255;255;253m@[38;2;255;255;253m@[38;2;255;255;253m@[38;2;255;255;253m@[38;2;255;255;253m@[38;2;255;255;253m@[38;2;255;255;253m@[38;2;255;255;253m@[38;2;255;255;253m@[38;2;255;255;253m@[38;2;255;255;253m@[38;2;255;255;253m@[38;2;255;255;253m@[38;2;255;255;253m@[38;2;255;255;253m@[38;2;254;254;251m@[38;2;255;255;253m@[38;2;253;253;250m@[38;2;255;255;252m@[38;2;255;255;253m@[38;2;255;255;253m@[38;2;255;255;253m@[38;2;255;255;253m@[38;2;225;193;156m$[38;2;209;155;69mA[38;2;243;211;147mW[38;2;254;250;242m@[38;2;255;255;253m@[38;2;255;255;253m@[38;2;255;255;253m@[38;2;226;198;162m$[38;2;214;156;77m6[38;2;225;168;75mw[38;2;251;242;223m@[38;2;247;235;211m@[38;2;250;242;221m@[38;2;218;219;219m$[38;2;102;99;91m?[38;2;201;166;105mB[38;2;181;162;120m6[38;2;76;82;86m<[38;2;176;136;82mA[38;2;219;155;57mR[38;2;187;158;99m6[38;2;62;69;74m^[38;2;73;80;87m=[38;2;222;223;223m@[38;2;251;251;249m@[38;2;254;254;252m@[38;2;230;231;230m@[38;2;172;175;176m8[38;2;149;153;156m+[38;2;110;117;122m<[38;2;106;112;118m>[38;2;147;152;155m1[38;2;178;181;183mW[38;2;212;214;214mW[38;2;242;243;241m@[38;2;210;211;211mM[38;2;255;255;253m@[38;2;255;255;253m@[38;2;255;255;253m@[38;2;255;255;253m@[38;2;255;255;253m@[38;2;255;255;253m@[38;2;255;255;253m@[38;2;247;248;246m@[38;2;227;227;226mM[38;2;203;205;205m%[38;2;112;119;124mV[38;2;74;83;90m*[38;2;76;85;92m*[38;2;86;94;100m([38;2;207;209;210m@[38;2;155;159;162ma[38;2;136;141;145mY[38;2;239;239;238m@[38;2;176;180;182m$[38;2;71;80;87m=[38;2;76;85;92m*[38;2;76;85;92m*[38;2;75;84;91m*[38;2;72;80;87m=[38;2;69;78;85m=[38;2;70;78;85m*[38;2;69;77;84m<[38;2;76;85;92m*[38;2;76;85;92m*[38;2;125;131;136mT[38;2;255;255;253m@[38;2;255;255;253m@[38;2;255;255;253m@[38;2;255;255;253m@[38;2;255;255;253m@[38;2;255;255;253m@[38;2;255;255;253m@[38;2;255;255;253m@[38;2;255;255;253m@[38;2;255;255;253m@[38;2;255;255;253m@[38;2;255;255;253m@[38;2;255;255;253m@[38;2;255;255;253m@[38;2;255;255;253m@[38;2;255;255;253m@[38;2;255;255;253m@[38;2;255;255;253m@[38;2;255;255;253m@[38;2;255;255;253m@[38;2;255;255;253m@[38;2;255;255;253m@[38;2;255;255;253m@[38;2;255;255;253m@[38;2;255;255;253m@[38;2;255;255;253m@[38;2;255;255;253m@[38;2;255;255;253m@[38;2;255;255;253m@[38;2;255;255;253m@[38;2;255;255;253m@[38;2;255;255;253m@[38;2;255;255;253m@[38;2;255;255;253m@[38;2;255;255;253m@[38;2;255;255;253m@[38;2;255;255;253m@[38;2;223;223;221m$[0m
[38;2;255;255;253m@[38;2;255;255;253m@[38;2;255;255;253m@[38;2;255;255;253m@[38;2;255;255;253m@[38;2;255;255;253m@[38;2;255;255;253m@[38;2;255;255;253m@[38;2;255;255;253m@[38;2;255;255;253m@[38;2;255;255;253m@[38;2;255;255;253m@[38;2;255;255;253m@[38;2;255;255;253m@[38;2;255;255;253m@[38;2;255;255;253m@[38;2;253;253;250m@[38;2;228;203;161m%[38;2;235;200;131m8[38;2;243;220;181mW[38;2;254;254;251m@[38;2;255;255;253m@[38;2;255;254;252m@[38;2;255;255;253m@[38;2;239;226;215mM[38;2;215;164;88m#[38;2;212;150;58mS[38;2;245;221;169mW[38;2;255;255;253m@[38;2;255;255;253m@[38;2;255;254;252m@[38;2;217;182;140m$[38;2;209;152;72m0[38;2;235;182;80mw[38;2;225;181;111mm[38;2;205;145;65m3[38;2;244;216;148mW[38;2;228;218;199mM[38;2;171;123;73m2[38;2;214;157;72mw[38;2;156;144;115ma[38;2;164;132;88mS[38;2;208;139;51m2[38;2;231;178;82m%[38;2;120;114;95mF[38;2;72;80;87m*[38;2;84;90;96mJ[38;2;160;163;163m4[38;2;254;252;247m@[38;2;192;194;195m$[38;2;85;92;98m?[38;2;175;178;180m$[38;2;79;88;94m*[38;2;76;85;92m*[38;2;76;85;92m*[38;2;123;129;134mJ[38;2;250;250;248m@[38;2;250;250;249m@[38;2;255;255;253m@[38;2;255;255;253m@[38;2;255;255;253m@[38;2;255;255;253m@[38;2;255;255;253m@[38;2;255;255;253m@[38;2;255;255;253m@[38;2;255;255;253m@[38;2;255;255;253m@[38;2;255;255;253m@[38;2;255;255;253m@[38;2;244;245;243m@[38;2;164;168;170m6[38;2;114;121;126m*[38;2;111;119;124m*[38;2;157;162;164m4[38;2;253;253;251m@[38;2;248;248;247m@[38;2;187;190;191mW[38;2;249;249;247m@[38;2;204;206;207m$[38;2;70;78;85m=[38;2;74;83;90m=[38;2;76;85;92m*[38;2;74;82;89m=[38;2;98;104;109mr[38;2;174;178;179m%[38;2;69;77;84m=[38;2;69;78;85mr[38;2;65;73;80m<[38;2;74;83;90m*[38;2;149;154;157m4[38;2;255;255;253m@[38;2;255;255;253m@[38;2;255;255;253m@[38;2;255;255;253m@[38;2;255;255;253m@[38;2;255;255;253m@[38;2;255;255;253m@[38;2;255;255;253m@[38;2;255;255;253m@[38;2;255;255;253m@[38;2;255;255;253m@[38;2;255;255;253m@[38;2;255;255;253m@[38;2;255;255;253m@[38;2;255;255;253m@[38;2;255;255;253m@[38;2;255;255;253m@[38;2;255;255;253m@[38;2;255;255;253m@[38;2;255;255;253m@[38;2;255;255;253m@[38;2;255;255;253m@[38;2;255;255;253m@[38;2;255;255;253m@[38;2;255;255;253m@[38;2;255;255;253m@[38;2;255;255;253m@[38;2;255;255;253m@[38;2;255;255;253m@[38;2;255;255;253m@[38;2;255;255;253m@[38;2;255;255;253m@[38;2;255;255;253m@[38;2;255;255;253m@[38;2;255;255;253m@[38;2;255;255;253m@[38;2;255;255;253m@[38;2;223;223;221m$[0m
[38;2;255;255;253m@[38;2;255;255;253m@[38;2;255;255;253m@[38;2;255;255;253m@[38;2;255;255;253m@[38;2;255;255;253m@[38;2;255;255;253m@[38;2;255;255;253m@[38;2;255;255;253m@[38;2;254;254;252m@[38;2;234;223;208mM[38;2;232;200;158m%[38;2;253;244;221m@[38;2;253;251;246m@[38;2;254;254;252m@[38;2;216;191;163m&[38;2;237;220;199m@[38;2;236;221;203mM[38;2;204;149;75mm[38;2;217;166;80m4[38;2;241;221;179mW[38;2;254;254;251m@[38;2;239;231;220m@[38;2;210;158;90mX[38;2;244;222;177mW[38;2;205;159;97m8[38;2;206;142;60mb[38;2;237;195;106mW[38;2;247;237;220m@[38;2;238;219;197mW[38;2;244;238;229m@[38;2;203;157;110m8[38;2;201;145;66m7[38;2;229;171;72mN[38;2;193;139;64ma[38;2;201;138;60mA[38;2;241;204;125m%[38;2;224;187;120m8[38;2;200;133;57mY[38;2;223;172;90mN[38;2;176;153;111m0[38;2;179;116;51mz[38;2;225;165;66mB[38;2;198;168;101m8[38;2;72;79;85m*[38;2;64;71;78m*[38;2;110;100;86mJ[38;2;230;192;117mB[38;2;249;233;185mW[38;2;254;254;252m@[38;2;245;246;244m@[38;2;241;241;240mW[38;2;196;199;200m@[38;2;161;165;168mW[38;2;179;183;184m@[38;2;221;222;222m@[38;2;245;245;243m@[38;2;254;254;252m@[38;2;255;255;253m@[38;2;255;255;253m@[38;2;255;255;253m@[38;2;255;255;253m@[38;2;255;255;253m@[38;2;255;255;253m@[38;2;255;255;253m@[38;2;255;255;253m@[38;2;255;255;253m@[38;2;255;255;253m@[38;2;255;255;253m@[38;2;254;254;252m@[38;2;240;241;240m@[38;2;231;233;232mM[38;2;231;232;231mM[38;2;235;237;236mW[38;2;236;237;236mW[38;2;243;244;242m@[38;2;253;253;251m@[38;2;255;255;253m@[38;2;191;193;194m$[38;2;101;106;110m?[38;2;77;85;92m*[38;2;113;120;125m?[38;2;172;175;177mM[38;2;141;144;147mT[38;2;227;228;227mM[38;2;116;122;126mC[38;2;69;77;84m=[38;2;63;71;78m^[38;2;61;69;75m~[38;2;179;182;183m4[38;2;255;255;253m@[38;2;255;255;253m@[38;2;255;255;253m@[38;2;255;255;253m@[38;2;255;255;253m@[38;2;255;255;253m@[38;2;255;255;253m@[38;2;255;255;253m@[38;2;255;255;253m@[38;2;255;255;253m@[38;2;255;255;253m@[38;2;255;255;253m@[38;2;255;255;253m@[38;2;255;255;253m@[38;2;255;255;253m@[38;2;255;255;253m@[38;2;255;255;253m@[38;2;255;255;253m@[38;2;255;255;253m@[38;2;255;255;253m@[38;2;255;255;253m@[38;2;255;255;253m@[38;2;255;255;253m@[38;2;255;255;253m@[38;2;255;255;253m@[38;2;255;255;253m@[38;2;255;255;253m@[38;2;255;255;253m@[38;2;255;255;253m@[38;2;255;255;253m@[38;2;255;255;253m@[38;2;255;255;253m@[38;2;255;255;253m@[38;2;255;255;253m@[38;2;255;255;253m@[38;2;255;255;253m@[38;2;255;255;253m@[38;2;223;223;221m$[0m
[38;2;255;255;253m@[38;2;255;255;253m@[38;2;255;255;253m@[38;2;255;255;253m@[38;2;255;255;253m@[38;2;255;255;253m@[38;2;255;255;253m@[38;2;255;255;253m@[38;2;255;255;253m@[38;2;255;255;253m@[38;2;249;247;244m@[38;2;214;177;136m8[38;2;224;175;90m%[38;2;219;172;96mw[38;2;252;247;229m@[38;2;212;179;150m6[38;2;197;131;51mw[38;2;199;138;59mU[38;2;217;168;102m%[38;2;199;138;66m2[38;2;211;158;82m4[38;2;243;221;172mM[38;2;249;244;236m@[38;2;196;137;84m5[38;2;190;120;41mY[38;2;204;142;62m6[38;2;209;152;70mw[38;2;213;148;56mG[38;2;224;170;89mg[38;2;180;113;44m1[38;2;171;97;35mz[38;2;178;108;38ms[38;2;201;137;58mX[38;2;231;174;82mN[38;2;200;153;87m6[38;2;194;132;61m2[38;2;233;194;106mN[38;2;220;175;103m8[38;2;197;128;48mA[38;2;232;187;98mB[38;2;205;141;62mD[38;2;221;161;75mK[38;2;228;177;83m%[38;2;126;121;100mC[38;2;103;109;113mt[38;2;153;125;88mX[38;2;210;147;58md[38;2;230;172;73mR[38;2;252;244;220m@[38;2;255;255;253m@[38;2;255;255;253m@[38;2;254;254;252m@[38;2;242;243;242m@[38;2;235;237;236m@[38;2;241;241;240m@[38;2;254;254;252m@[38;2;255;255;253m@[38;2;255;255;253m@[38;2;255;255;253m@[38;2;255;255;253m@[38;2;255;255;253m@[38;2;255;255;253m@[38;2;255;255;253m@[38;2;255;255;253m@[38;2;255;255;253m@[38;2;255;255;253m@[38;2;255;255;253m@[38;2;255;255;253m@[38;2;255;255;253m@[38;2;255;255;253m@[38;2;255;255;253m@[38;2;255;255;253m@[38;2;255;255;253m@[38;2;255;255;253m@[38;2;255;255;253m@[38;2;255;255;253m@[38;2;255;255;253m@[38;2;240;240;239m@[38;2;183;186;187m4[38;2;87;94;100mr[38;2;222;223;222mN[38;2;199;201;202m$[38;2;71;80;87mr[38;2;150;153;156mT[38;2;232;232;231m@[38;2;149;154;157m5[38;2;76;85;92m*[38;2;76;85;92m*[38;2;69;78;85mr[38;2;224;225;225mW[38;2;255;255;253m@[38;2;255;255;253m@[38;2;255;255;253m@[38;2;255;255;253m@[38;2;255;255;253m@[38;2;255;255;253m@[38;2;255;255;253m@[38;2;255;255;253m@[38;2;255;255;253m@[38;2;255;255;253m@[38;2;255;255;253m@[38;2;255;255;253m@[38;2;255;255;253m@[38;2;255;255;253m@[38;2;255;255;253m@[38;2;255;255;253m@[38;2;255;255;253m@[38;2;255;255;253m@[38;2;255;255;253m@[38;2;255;255;253m@[38;2;255;255;253m@[38;2;255;255;253m@[38;2;255;255;253m@[38;2;255;255;253m@[38;2;255;255;253m@[38;2;255;255;253m@[38;2;255;255;253m@[38;2;255;255;253m@[38;2;255;255;253m@[38;2;255;255;253m@[38;2;255;255;253m@[38;2;255;255;253m@[38;2;255;255;253m@[38;2;255;255;253m@[38;2;255;255;253m@[38;2;255;255;253m@[38;2;255;255;253m@[38;2;223;223;221m$[0m
[38;2;255;255;253m@[38;2;255;255;253m@[38;2;255;255;253m@[38;2;255;255;253m@[38;2;255;255;253m@[38;2;255;255;253m@[38;2;255;255;253m@[38;2;255;255;253m@[38;2;255;255;253m@[38;2;255;255;253m@[38;2;255;255;253m@[38;2;254;253;251m@[38;2;215;182;146m$[38;2;209;145;65mK[38;2;216;165;83mA[38;2;249;227;181mW[38;2;227;206;190m$[38;2;173;109;54m([38;2;195;123;46m1[38;2;183;112;44mz[38;2;195;142;70mY[38;2;220;171;89mw[38;2;238;210;148mM[38;2;193;138;83me[38;2;160;84;24mr[38;2;153;83;24m?[38;2;198;137;66mX[38;2;208;151;71m&[38;2;241;197;109mN[38;2;168;103;44mo[38;2;149;73;19m([38;2;167;94;29mz[38;2;225;174;92mN[38;2;224;166;70mB[38;2;206;161;96m6[38;2;199;137;67mU[38;2;214;153;73m#[38;2;188;125;55m1[38;2;207;139;52mD[38;2;239;191;100mB[38;2;203;145;72m#[38;2;220;162;74m4[38;2;223;188;113m%[38;2;111;107;99mz[38;2;184;146;100mD[38;2;203;133;51mV[38;2;206;134;41mV[38;2;232;187;95mm[38;2;247;240;225mW[38;2;255;255;253m@[38;2;255;255;253m@[38;2;255;255;253m@[38;2;255;255;253m@[38;2;255;255;253m@[38;2;255;255;253m@[38;2;255;255;253m@[38;2;255;255;253m@[38;2;255;255;253m@[38;2;255;255;253m@[38;2;255;255;253m@[38;2;255;255;253m@[38;2;243;244;242m@[38;2;214;215;215mM[38;2;255;255;253m@[38;2;255;255;253m@[38;2;255;255;253m@[38;2;255;255;253m@[38;2;255;255;253m@[38;2;255;255;253m@[38;2;255;255;253m@[38;2;255;255;253m@[38;2;255;255;253m@[38;2;255;255;253m@[38;2;255;255;253m@[38;2;255;255;253m@[38;2;255;255;253m@[38;2;254;254;252m@[38;2;248;248;246m@[38;2;239;239;238mM[38;2;167;171;172mN[38;2;104;112;117m([38;2;109;115;119m?[38;2;170;173;175m$[38;2;200;202;202mW[38;2;128;133;137mF[38;2;76;85;92m*[38;2;76;85;92m*[38;2;74;83;90m*[38;2;88;95;102m?[38;2;253;254;252m@[38;2;255;255;253m@[38;2;255;255;253m@[38;2;255;255;253m@[38;2;255;255;253m@[38;2;255;255;253m@[38;2;255;255;253m@[38;2;255;255;253m@[38;2;255;255;253m@[38;2;255;255;253m@[38;2;255;255;253m@[38;2;255;255;253m@[38;2;255;255;253m@[38;2;255;255;253m@[38;2;255;255;253m@[38;2;255;255;253m@[38;2;255;255;253m@[38;2;255;255;253m@[38;2;255;255;253m@[38;2;255;255;253m@[38;2;255;255;253m@[38;2;255;255;253m@[38;2;255;255;253m@[38;2;255;255;253m@[38;2;255;255;253m@[38;2;255;255;253m@[38;2;255;255;253m@[38;2;255;255;253m@[38;2;255;255;253m@[38;2;255;255;253m@[38;2;255;255;253m@[38;2;255;255;253m@[38;2;255;255;253m@[38;2;255;255;253m@[38;2;255;255;253m@[38;2;255;255;253m@[38;2;255;255;253m@[38;2;255;255;253m@[38;2;223;223;221m$[0m
[38;2;255;255;253m@[38;2;255;255;253m@[38;2;255;255;253m@[38;2;255;255;253m@[38;2;255;255;253m@[38;2;255;255;253m@[38;2;255;255;253m@[38;2;255;255;253m@[38;2;255;255;253m@[38;2;255;255;253m@[38;2;255;255;253m@[38;2;255;255;253m@[38;2;252;252;249m@[38;2;205;169;129m8[38;2;198;138;61mm[38;2;210;151;67mA[38;2;243;212;138mW[38;2;235;219;197m@[38;2;149;93;55mx[38;2;140;64;15m([38;2;159;89;27m([38;2;185;125;55mz[38;2;212;165;90mb[38;2;233;191;113mW[38;2;167;104;46mt[38;2;122;53;13m/[38;2;159;91;34mJ[38;2;211;156;76mN[38;2;217;157;71mK[38;2;203;153;85m6[38;2;140;67;15m=[38;2;177;113;53m4[38;2;193;134;66m5[38;2;219;155;57mA[38;2;202;155;88m5[38;2;204;143;70m0[38;2;176;111;43mz[38;2;177;107;39mY[38;2;207;140;50mm[38;2;238;194;103m%[38;2;183;121;52ms[38;2;223;164;71mB[38;2;234;180;82mB[38;2;198;141;70m0[38;2;200;128;43mk[38;2;213;147;57mH[38;2;229;178;93mB[38;2;232;188;101m%[38;2;232;215;187mW[38;2;249;236;200mM[38;2;251;247;233m@[38;2;255;255;253m@[38;2;255;255;253m@[38;2;255;255;253m@[38;2;255;255;253m@[38;2;255;255;253m@[38;2;255;255;253m@[38;2;255;255;253m@[38;2;255;255;253m@[38;2;255;255;253m@[38;2;248;248;246mM[38;2;163;168;171mR[38;2;238;239;238m@[38;2;255;255;253m@[38;2;255;255;253m@[38;2;255;255;253m@[38;2;255;255;253m@[38;2;255;255;253m@[38;2;255;255;253m@[38;2;255;255;253m@[38;2;255;255;253m@[38;2;255;255;253m@[38;2;255;255;253m@[38;2;255;255;253m@[38;2;255;255;253m@[38;2;255;255;253m@[38;2;255;255;253m@[38;2;255;255;253m@[38;2;243;244;242m@[38;2;69;75;80m>[38;2;53;59;66m/[38;2;53;60;66m/[38;2;65;71;76m"[38;2;69;75;81m=[38;2;57;64;71m=[38;2;57;64;71m=[38;2;57;64;71m=[38;2;51;57;63m/[38;2;106;110;114mJ[38;2;255;255;253m@[38;2;255;255;253m@[38;2;255;255;253m@[38;2;255;255;253m@[38;2;255;255;253m@[38;2;255;255;253m@[38;2;255;255;253m@[38;2;255;255;253m@[38;2;255;255;253m@[38;2;255;255;253m@[38;2;255;255;253m@[38;2;255;255;253m@[38;2;255;255;253m@[38;2;255;255;253m@[38;2;255;255;253m@[38;2;255;255;253m@[38;2;255;255;253m@[38;2;255;255;253m@[38;2;255;255;253m@[38;2;255;255;253m@[38;2;255;255;253m@[38;2;255;255;253m@[38;2;255;255;253m@[38;2;255;255;253m@[38;2;255;255;253m@[38;2;255;255;253m@[38;2;255;255;253m@[38;2;255;255;253m@[38;2;255;255;253m@[38;2;255;255;253m@[38;2;255;255;253m@[38;2;255;255;253m@[38;2;255;255;253m@[38;2;255;255;253m@[38;2;255;255;253m@[38;2;255;255;253m@[38;2;255;255;253m@[38;2;255;255;253m@[38;2;223;223;221m$[0m
[38;2;255;255;253m@[38;2;255;255;253m@[38;2;255;255;253m@[38;2;255;255;253m@[38;2;255;255;253m@[38;2;255;255;253m@[38;2;255;255;253m@[38;2;255;255;253m@[38;2;254;254;252m@[38;2;250;248;243m@[38;2;253;252;247m@[38;2;255;255;253m@[38;2;255;255;253m@[38;2;239;233;227m@[38;2;172;123;86m5[38;2;180;114;48mw[38;2;202;137;54mG[38;2;224;174;91mN[38;2;203;147;77m6[38;2;163;103;50mx[38;2;124;57;14m=[38;2;141;76;26m*[38;2;185;123;58mz[38;2;200;145;71ms[38;2;230;186;106mN[38;2;180;125;66mo[38;2;115;51;16m/[38;2;175;113;50mT[38;2;211;156;78mw[38;2;220;169;92mQ[38;2;153;88;37m+[38;2;161;89;32mJ[38;2;202;142;69m7[38;2;219;157;63mw[38;2;218;173;101m8[38;2;187;127;59mo[38;2;147;80;32m*[38;2;174;106;45mu[38;2;185;111;38mY[38;2;214;156;74mm[38;2;195;130;59mS[38;2;210;144;52m0[38;2;225;174;83m6[38;2;200;128;49mT[38;2;210;143;51mQ[38;2;214;144;46mg[38;2;223;160;67mB[38;2;209;148;67m0[38;2;214;154;68mm[38;2;230;182;91mw[38;2;250;243;224m@[38;2;255;255;253m@[38;2;255;255;253m@[38;2;255;255;253m@[38;2;255;255;253m@[38;2;255;255;253m@[38;2;255;255;253m@[38;2;255;255;253m@[38;2;255;255;253m@[38;2;255;255;253m@[38;2;255;255;253m@[38;2;245;245;243m@[38;2;246;246;245m@[38;2;235;236;235mN[38;2;255;255;253m@[38;2;255;255;253m@[38;2;255;255;253m@[38;2;255;255;253m@[38;2;255;255;253m@[38;2;255;255;253m@[38;2;255;255;253m@[38;2;255;255;253m@[38;2;255;255;253m@[38;2;255;255;253m@[38;2;255;255;253m@[38;2;255;255;253m@[38;2;255;255;253m@[38;2;255;255;253m@[38;2;249;250;248m@[38;2;77;85;92m*[38;2;76;85;92m*[38;2;76;85;92m*[38;2;71;79;86mr[38;2;68;77;84mr[38;2;71;79;86m*[38;2;73;82;89m=[38;2;76;85;92m*[38;2;79;87;94m=[38;2;156;160;163m4[38;2;255;255;253m@[38;2;255;255;253m@[38;2;255;255;253m@[38;2;255;255;253m@[38;2;255;255;253m@[38;2;255;255;253m@[38;2;255;255;253m@[38;2;255;255;253m@[38;2;255;255;253m@[38;2;255;255;253m@[38;2;255;255;253m@[38;2;255;255;253m@[38;2;255;255;253m@[38;2;255;255;253m@[38;2;255;255;253m@[38;2;255;255;253m@[38;2;255;255;253m@[38;2;255;255;253m@[38;2;255;255;253m@[38;2;255;255;253m@[38;2;255;255;253m@[38;2;255;255;253m@[38;2;255;255;253m@[38;2;255;255;253m@[38;2;255;255;253m@[38;2;255;255;253m@[38;2;255;255;253m@[38;2;255;255;253m@[38;2;255;255;253m@[38;2;255;255;253m@[38;2;255;255;253m@[38;2;255;255;253m@[38;2;255;255;253m@[38;2;255;255;253m@[38;2;255;255;253m@[38;2;255;255;253m@[38;2;255;255;253m@[38;2;255;255;253m@[38;2;223;223;221m$[0m
[38;2;255;255;253m@[38;2;255;255;253m@[38;2;255;255;253m@[38;2;255;255;253m@[38;2;255;255;253m@[38;2;255;255;253m@[38;2;255;255;253m@[38;2;254;254;251m@[38;2;246;242;236mM[38;2;203;167;117mA[38;2;224;182;108mw[38;2;232;205;154m%[38;2;250;241;222m@[38;2;255;255;253m@[38;2;240;235;230m@[38;2;180;144;121ma[38;2;147;84;38mJ[38;2;184;122;53mw[38;2;167;101;38ma[38;2;209;149;75mm[38;2;167;107;50m1[38;2;128;69;27m>[38;2;123;64;26mr[38;2;168;108;50m*[38;2;225;176;94mw[38;2;225;178;96m%[38;2;173;124;73ma[38;2;130;74;32m?[38;2;192;129;54m2[38;2;235;187;101mB[38;2;197;156;86m6[38;2;133;69;25m<[38;2;191;126;52mY[38;2;213;154;65mw[38;2;219;176;98m8[38;2;162;99;43ml[38;2;143;78;30m?[38;2;165;102;42m([38;2;164;92;28m7[38;2;170;100;35mz[38;2;210;155;71mm[38;2;224;158;59mA[38;2;209;150;67mD[38;2;210;141;54mB[38;2;209;140;51m&[38;2;196;123;41m2[38;2;205;130;46mA[38;2;201;131;46m1[38;2;190;135;62m2[38;2;215;207;188mW[38;2;255;255;253m@[38;2;255;254;252m@[38;2;251;244;227m@[38;2;244;224;189m@[38;2;244;220;172mW[38;2;254;253;249m@[38;2;255;255;253m@[38;2;255;255;253m@[38;2;255;255;253m@[38;2;255;255;253m@[38;2;255;255;253m@[38;2;255;255;253m@[38;2;255;255;253m@[38;2;255;255;253m@[38;2;255;255;253m@[38;2;255;255;253m@[38;2;255;255;253m@[38;2;255;255;253m@[38;2;255;255;253m@[38;2;255;255;253m@[38;2;255;255;253m@[38;2;255;255;253m@[38;2;255;255;253m@[38;2;255;255;253m@[38;2;255;255;253m@[38;2;255;255;253m@[38;2;255;255;253m@[38;2;255;255;253m@[38;2;156;159;161ma[38;2;57;64;71m<[38;2;47;53;59m>[38;2;37;42;47m~[38;2;32;36;42m_[38;2;29;33;39m_[38;2;26;30;35m-[38;2;31;35;41m-[38;2;26;29;35m-[38;2;168;169;170m4[38;2;165;167;168m4[38;2;255;255;253m@[38;2;255;255;253m@[38;2;255;255;253m@[38;2;255;255;253m@[38;2;255;255;253m@[38;2;255;255;253m@[38;2;255;255;253m@[38;2;255;255;253m@[38;2;255;255;253m@[38;2;255;255;253m@[38;2;255;255;253m@[38;2;255;255;253m@[38;2;255;255;253m@[38;2;255;255;253m@[38;2;255;255;253m@[38;2;255;255;253m@[38;2;255;255;253m@[38;2;255;255;253m@[38;2;255;255;253m@[38;2;255;255;253m@[38;2;255;255;253m@[38;2;255;255;253m@[38;2;255;255;253m@[38;2;255;255;253m@[38;2;255;255;253m@[38;2;255;255;253m@[38;2;255;255;253m@[38;2;255;255;253m@[38;2;255;255;253m@[38;2;255;255;253m@[38;2;255;255;253m@[38;2;255;255;253m@[38;2;255;255;253m@[38;2;255;255;253m@[38;2;255;255;253m@[38;2;255;255;253m@[38;2;255;255;253m@[38;2;255;255;253m@[38;2;223;223;221m$[0m
[38;2;255;255;253m@[38;2;255;255;253m@[38;2;255;255;253m@[38;2;255;255;253m@[38;2;255;255;253m@[38;2;254;254;251m@[38;2;250;250;246m@[38;2;254;254;251m@[38;2;253;253;251m@[38;2;234;224;214m@[38;2;203;173;135m5[38;2;194;144;83mb[38;2;220;174;104mN[38;2;237;216;160m%[38;2;235;210;165mN[38;2;248;243;234m@[38;2;222;211;204mM[38;2;122;68;33m>[38;2;162;102;46m1[38;2;169;104;41mD[38;2;178;115;52mT[38;2;171;111;49ma[38;2;129;70;29ml[38;2;109;57;25m=[38;2;189;128;58m1[38;2;207;152;76mY[38;2;211;155;80mR[38;2;151;104;56mC[38;2;159;94;39m1[38;2;199;134;55m2[38;2;235;181;88mm[38;2;158;103;50my[38;2;196;133;57mS[38;2;206;144;60m8[38;2;240;193;109m%[38;2;143;83;34ml[38;2;153;90;41m?[38;2;180;117;53m1[38;2;150;82;28mx[38;2;171;103;39mJ[38;2;205;138;47mU[38;2;230;173;75mB[38;2;210;152;72mm[38;2;180;106;31mZ[38;2;194;123;44mY[38;2;211;147;65mg[38;2;204;132;44m1[38;2;170;129;70mn[38;2;90;91;87m>[38;2;94;99;103m=[38;2;234;210;167mM[38;2;220;174;114mG[38;2;222;158;58mB[38;2;221;166;75m%[38;2;244;225;184mW[38;2;255;255;253m@[38;2;255;255;253m@[38;2;255;255;253m@[38;2;255;255;253m@[38;2;255;255;253m@[38;2;255;255;253m@[38;2;254;254;252m@[38;2;225;226;226mW[38;2;243;243;242m@[38;2;255;255;253m@[38;2;255;255;253m@[38;2;255;255;253m@[38;2;255;255;253m@[38;2;255;255;253m@[38;2;255;255;253m@[38;2;255;255;253m@[38;2;255;255;253m@[38;2;255;255;253m@[38;2;255;255;253m@[38;2;255;255;253m@[38;2;255;255;253m@[38;2;243;244;242m@[38;2;125;128;131m][38;2;53;60;66m<[38;2;60;68;74m=[38;2;63;71;78m=[38;2;38;43;49m~[38;2;47;53;59m<[38;2;69;77;84m*[38;2;46;52;58m"[38;2;71;79;86mr[38;2;80;86;92m?[38;2;253;253;251m@[38;2;232;232;231mM[38;2;255;255;253m@[38;2;255;255;253m@[38;2;255;255;253m@[38;2;255;255;253m@[38;2;255;255;253m@[38;2;255;255;253m@[38;2;255;255;253m@[38;2;255;255;253m@[38;2;255;255;253m@[38;2;255;255;253m@[38;2;255;255;253m@[38;2;255;255;253m@[38;2;255;255;253m@[38;2;255;255;253m@[38;2;255;255;253m@[38;2;255;255;253m@[38;2;255;255;253m@[38;2;255;255;253m@[38;2;255;255;253m@[38;2;255;255;253m@[38;2;255;255;253m@[38;2;255;255;253m@[38;2;255;255;253m@[38;2;255;255;253m@[38;2;255;255;253m@[38;2;255;255;253m@[38;2;255;255;253m@[38;2;255;255;253m@[38;2;255;255;253m@[38;2;255;255;253m@[38;2;255;255;253m@[38;2;255;255;253m@[38;2;255;255;253m@[38;2;255;255;253m@[38;2;255;255;253m@[38;2;255;255;253m@[38;2;255;255;253m@[38;2;255;255;253m@[38;2;223;223;221m$[0m
[38;2;255;255;253m@[38;2;255;255;253m@[38;2;255;255;253m@[38;2;255;255;253m@[38;2;255;255;253m@[38;2;255;255;253m@[38;2;252;252;249m@[38;2;222;201;168m%[38;2;231;205;160m%[38;2;203;173;147mw[38;2;226;208;188mW[38;2;221;210;199m@[38;2;157;112;76mf[38;2;182;129;69m1[38;2;219;172;92mB[38;2;214;165;96m9[38;2;225;185;122m%[38;2;166;126;88mC[38;2;100;44;16m\[38;2;121;67;34m<[38;2;165;110;56mV[38;2;171;110;53mg[38;2;138;74;25m=[38;2;144;86;35mf[38;2;112;60;27m<[38;2;194;137;66mb[38;2;203;149;69m1[38;2;211;153;70md[38;2;164;109;57mE[38;2;190;126;52mV[38;2;223;163;74m3[38;2;212;159;68m5[38;2;177;114;53mJ[38;2;206;144;62m0[38;2;217;149;53mA[38;2;154;97;46mF[38;2;117;60;20m<[38;2;150;87;34m7[38;2;149;82;31m?[38;2;199;134;54mX[38;2;226;164;64mB[38;2;207;157;83m6[38;2;157;85;25m<[38;2;185;114;41mT[38;2;189;122;42mk[38;2;213;146;55m2[38;2;171;140;85m0[38;2;117;113;101m([38;2;152;121;76mT[38;2;218;169;87m9[38;2;199;131;46m1[38;2;198;133;48mK[38;2;221;192;152mW[38;2;253;252;248m@[38;2;255;255;253m@[38;2;255;255;253m@[38;2;255;255;253m@[38;2;255;255;253m@[38;2;255;255;253m@[38;2;255;255;253m@[38;2;255;255;253m@[38;2;255;255;253m@[38;2;255;255;253m@[38;2;255;255;253m@[38;2;255;255;253m@[38;2;255;255;253m@[38;2;255;255;253m@[38;2;255;255;253m@[38;2;255;255;253m@[38;2;255;255;253m@[38;2;255;255;253m@[38;2;255;255;253m@[38;2;255;255;253m@[38;2;255;255;253m@[38;2;245;245;244m@[38;2;171;175;176m$[38;2;73;79;85m~[38;2;47;54;60m~[38;2;53;59;66m<[38;2;51;57;63m=[38;2;57;64;71m*[38;2;37;42;48m~[38;2;55;62;69m>[38;2;55;62;69m=[38;2;129;133;135m4[38;2;116;120;123m2[38;2;118;122;125m4[38;2;255;255;253m@[38;2;255;255;253m@[38;2;255;255;253m@[38;2;255;255;253m@[38;2;255;255;253m@[38;2;255;255;253m@[38;2;255;255;253m@[38;2;255;255;253m@[38;2;255;255;253m@[38;2;255;255;253m@[38;2;255;255;253m@[38;2;255;255;253m@[38;2;255;255;253m@[38;2;255;255;253m@[38;2;255;255;253m@[38;2;255;255;253m@[38;2;255;255;253m@[38;2;255;255;253m@[38;2;255;255;253m@[38;2;255;255;253m@[38;2;255;255;253m@[38;2;255;255;253m@[38;2;255;255;253m@[38;2;255;255;253m@[38;2;255;255;253m@[38;2;255;255;253m@[38;2;255;255;253m@[38;2;255;255;253m@[38;2;255;255;253m@[38;2;255;255;253m@[38;2;255;255;253m@[38;2;255;255;253m@[38;2;255;255;253m@[38;2;255;255;253m@[38;2;255;255;253m@[38;2;255;255;253m@[38;2;255;255;253m@[38;2;255;255;253m@[38;2;255;255;253m@[38;2;255;255;253m@[38;2;223;223;221m$[0m
[38;2;255;255;253m@[38;2;255;255;253m@[38;2;255;255;253m@[38;2;255;255;253m@[38;2;255;255;253m@[38;2;255;255;253m@[38;2;255;255;253m@[38;2;254;254;251m@[38;2;222;199;174m$[38;2;197;153;100mV[38;2;180;120;58mx[38;2;150;91;36m=[38;2;165;108;57mx[38;2;133;75;31m*[38;2;127;72;31m*[38;2;164;111;58mX[38;2;213;164;98mN[38;2;200;148;78m&[38;2;190;130;65m6[38;2;148;88;41mx[38;2;94;49;21m~[38;2;133;81;36m?[38;2;175;114;46mQ[38;2;140;75;26mf[38;2;163;98;36ms[38;2;116;62;25m~[38;2;182;126;61m7[38;2;184;122;54mz[38;2;207;144;69m4[38;2;170;103;40ms[38;2;203;145;69m1[38;2;230;177;80mR[38;2;174;116;53m1[38;2;211;147;61mD[38;2;187;118;36m1[38;2;141;90;46m][38;2;87;39;14m~[38;2;111;50;17mi[38;2;165;98;39m?[38;2;208;140;53mA[38;2;223;169;73mR[38;2;169;109;49mf[38;2;183;112;44m1[38;2;204;139;54ma[38;2;216;156;68m1[38;2;191;155;100m2[38;2;173;124;70mO[38;2;218;160;69mm[38;2;197;133;51mD[38;2;196;141;66m1[38;2;137;123;93m7[38;2;88;93;95m*[38;2;80;88;95m*[38;2;152;157;159mT[38;2;223;224;223m@[38;2;255;255;253m@[38;2;255;255;253m@[38;2;255;255;253m@[38;2;255;255;253m@[38;2;255;255;253m@[38;2;255;255;253m@[38;2;255;255;253m@[38;2;255;255;253m@[38;2;255;255;253m@[38;2;255;255;253m@[38;2;255;255;253m@[38;2;255;255;253m@[38;2;255;255;253m@[38;2;255;255;253m@[38;2;255;255;253m@[38;2;255;255;253m@[38;2;254;254;252m@[38;2;211;213;213m@[38;2;160;164;166mF[38;2;84;92;99m*[38;2;76;85;92m*[38;2;76;85;92m*[38;2;76;85;92m*[38;2;76;85;92m*[38;2;67;75;83m=[38;2;68;76;83m*[38;2;49;55;61m~[38;2;67;76;83m=[38;2;45;51;57m_[38;2;124;126;128m4[38;2;219;221;220mM[38;2;179;182;184m4[38;2;255;255;253m@[38;2;255;255;253m@[38;2;255;255;253m@[38;2;255;255;253m@[38;2;255;255;253m@[38;2;255;255;253m@[38;2;255;255;253m@[38;2;255;255;253m@[38;2;255;255;253m@[38;2;255;255;253m@[38;2;255;255;253m@[38;2;255;255;253m@[38;2;255;255;253m@[38;2;255;255;253m@[38;2;255;255;253m@[38;2;255;255;253m@[38;2;255;255;253m@[38;2;255;255;253m@[38;2;255;255;253m@[38;2;255;255;253m@[38;2;255;255;253m@[38;2;255;255;253m@[38;2;255;255;253m@[38;2;255;255;253m@[38;2;255;255;253m@[38;2;255;255;253m@[38;2;255;255;253m@[38;2;255;255;253m@[38;2;255;255;253m@[38;2;255;255;253m@[38;2;255;255;253m@[38;2;255;255;253m@[38;2;255;255;253m@[38;2;255;255;253m@[38;2;255;255;253m@[38;2;255;255;253m@[38;2;255;255;253m@[38;2;255;255;253m@[38;2;255;255;253m@[38;2;255;255;253m@[38;2;223;223;221m$[0m
[38;2;255;255;253m@[38;2;255;255;253m@[38;2;255;255;253m@[38;2;255;255;253m@[38;2;255;255;253m@[38;2;255;255;253m@[38;2;255;255;253m@[38;2;255;255;253m@[38;2;255;255;253m@[38;2;254;254;252m@[38;2;247;245;240m@[38;2;214;189;165m8[38;2;172;118;64m2[38;2;155;94;38mx[38;2;153;90;36m([38;2;138;75;26mt[38;2;122;65;23m<[38;2;156;102;52mz[38;2;192;142;78mR[38;2;193;135;61mu[38;2;161;99;42mn[38;2;160;106;61mo[38;2;113;67;32m~[38;2;140;83;31mJ[38;2;134;71;24mf[38;2;163;95;31ms[38;2;103;56;25m~[38;2;154;104;49mJ[38;2;165;103;39mn[38;2;105;51;16m~[38;2;187;120;53mz[38;2;202;143;65mJ[38;2;208;155;75m5[38;2;127;65;19m<[38;2;155;95;37m][38;2;127;71;33mj[38;2;99;47;18m<[38;2;104;46;12m\[38;2;170;104;42m1[38;2;213;155;70mN[38;2;204;149;75m8[38;2;162;92;32m([38;2;202;134;50mT[38;2;201;134;49m2[38;2;205;151;79mK[38;2;199;133;55mS[38;2;207;141;54mK[38;2;179;124;60mK[38;2;128;113;92mn[38;2;132;136;139m4[38;2;79;88;95m*[38;2;76;85;92m*[38;2;121;127;131mT[38;2;87;96;102m*[38;2;74;83;90m*[38;2;103;110;116m*[38;2;160;164;166m4[38;2;224;225;224m@[38;2;255;255;253m@[38;2;255;255;253m@[38;2;255;255;253m@[38;2;255;255;253m@[38;2;255;255;253m@[38;2;255;255;253m@[38;2;255;255;253m@[38;2;255;255;253m@[38;2;255;255;253m@[38;2;255;255;253m@[38;2;255;255;253m@[38;2;219;221;220m@[38;2;189;191;192m5[38;2;169;173;174mw[38;2;189;192;192m%[38;2;147;151;153m5[38;2;72;80;87mr[38;2;70;78;85m<[38;2;76;85;92m=[38;2;74;82;89m=[38;2;86;94;100m*[38;2;67;75;83m=[38;2;69;78;85m*[38;2;29;34;39m_[38;2;87;93;98m?[38;2;116;118;121mT[38;2;97;99;102ml[38;2;220;220;219m$[38;2;230;231;230mW[38;2;255;255;253m@[38;2;255;255;253m@[38;2;255;255;253m@[38;2;255;255;253m@[38;2;255;255;253m@[38;2;255;255;253m@[38;2;255;255;253m@[38;2;255;255;253m@[38;2;255;255;253m@[38;2;255;255;253m@[38;2;255;255;253m@[38;2;255;255;253m@[38;2;255;255;253m@[38;2;255;255;253m@[38;2;255;255;253m@[38;2;255;255;253m@[38;2;255;255;253m@[38;2;255;255;253m@[38;2;255;255;253m@[38;2;255;255;253m@[38;2;255;255;253m@[38;2;255;255;253m@[38;2;255;255;253m@[38;2;255;255;253m@[38;2;255;255;253m@[38;2;255;255;253m@[38;2;255;255;253m@[38;2;255;255;253m@[38;2;255;255;253m@[38;2;255;255;253m@[38;2;255;255;253m@[38;2;255;255;253m@[38;2;255;255;253m@[38;2;255;255;253m@[38;2;255;255;253m@[38;2;255;255;253m@[38;2;255;255;253m@[38;2;255;255;253m@[38;2;255;255;253m@[38;2;255;255;253m@[38;2;223;223;221m$[0m
[38;2;255;255;253m@[38;2;255;255;253m@[38;2;255;255;253m@[38;2;255;255;253m@[38;2;255;255;253m@[38;2;255;255;253m@[38;2;255;255;253m@[38;2;255;255;253m@[38;2;254;254;252m@[38;2;254;253;251m@[38;2;238;230;221m@[38;2;228;210;192m@[38;2;219;202;186m@[38;2;178;142;113m$[38;2;126;70;30m=[38;2;125;64;21m*[38;2;103;47;14m/[38;2;97;43;12m"[38;2;98;47;18m/[38;2;147;95;43mJ[38;2;186;130;65mB[38;2;197;137;66m5[38;2;169;107;48mJ[38;2;160;106;54mC[38;2;82;31;11m_[38;2;120;61;24m?[38;2;136;77;32mf[38;2;87;38;11m~[38;2;105;49;18m<[38;2;139;79;34mf[38;2;121;61;19m~[38;2;170;102;36m?[38;2;187;121;50mn[38;2;108;50;14mi[38;2;160;104;52mF[38;2;146;84;38mf[38;2;132;73;29m?[38;2;128;63;18m=[38;2;163;96;38mJ[38;2;136;69;22ml[38;2;137;65;16m=[38;2;186;120;51ms[38;2;192;125;51mS[38;2;186;114;37ms[38;2;211;147;58md[38;2;210;151;81mK[38;2;238;218;191mW[38;2;244;244;241m@[38;2;240;240;239m@[38;2;223;224;224mW[38;2;182;185;186mN[38;2;221;222;222m@[38;2;242;243;241m@[38;2;211;213;213m$[38;2;90;98;104m=[38;2;107;114;119m?[38;2;131;136;139mC[38;2;201;203;204mN[38;2;220;221;221m@[38;2;219;220;219mm[38;2;222;223;222mN[38;2;225;226;225m@[38;2;251;252;250m@[38;2;255;255;253m@[38;2;255;255;253m@[38;2;247;248;246m@[38;2;211;212;212m@[38;2;195;197;198mE[38;2;177;181;181mN[38;2;197;199;198mW[38;2;210;212;211mW[38;2;210;212;210mW[38;2;209;211;210mW[38;2;146;151;154ma[38;2;137;142;146mu[38;2;176;179;181mN[38;2;235;236;235mM[38;2;218;219;219m@[38;2;232;232;232mM[38;2;66;73;80m=[38;2;71;80;87m*[38;2;50;54;60m~[38;2;234;234;233m@[38;2;236;237;236m@[38;2;249;249;248m@[38;2;229;229;228mM[38;2;255;255;253m@[38;2;255;255;253m@[38;2;255;255;253m@[38;2;255;255;253m@[38;2;255;255;253m@[38;2;255;255;253m@[38;2;255;255;253m@[38;2;255;255;253m@[38;2;255;255;253m@[38;2;255;255;253m@[38;2;255;255;253m@[38;2;255;255;253m@[38;2;255;255;253m@[38;2;255;255;253m@[38;2;255;255;253m@[38;2;255;255;253m@[38;2;255;255;253m@[38;2;255;255;253m@[38;2;255;255;253m@[38;2;255;255;253m@[38;2;255;255;253m@[38;2;255;255;253m@[38;2;255;255;253m@[38;2;255;255;253m@[38;2;255;255;253m@[38;2;255;255;253m@[38;2;255;255;253m@[38;2;255;255;253m@[38;2;255;255;253m@[38;2;255;255;253m@[38;2;255;255;253m@[38;2;255;255;253m@[38;2;255;255;253m@[38;2;255;255;253m@[38;2;255;255;253m@[38;2;255;255;253m@[38;2;255;255;253m@[38;2;255;255;253m@[38;2;255;255;253m@[38;2;255;255;253m@[38;2;255;255;253m@[38;2;223;223;221m$[0m
[38;2;255;255;253m@[38;2;255;255;253m@[38;2;255;255;253m@[38;2;255;255;253m@[38;2;255;255;253m@[38;2;255;255;253m@[38;2;255;255;253m@[38;2;255;255;253m@[38;2;254;254;251m@[38;2;250;248;245m@[38;2;208;179;149m8[38;2;190;141;90mO[38;2;165;107;56mF[38;2;166;102;42mJ[38;2;151;88;32mx[38;2;158;94;37m*[38;2;159;96;34m1[38;2;125;64;23mt[38;2;130;69;24mt[38;2;110;55;21m=[38;2;108;55;21m"[38;2;126;69;29m?[38;2;159;102;47md[38;2;157;99;42mV[38;2;126;71;36m![38;2;94;40;12m~[38;2;119;63;28m<[38;2;159;99;43mo[38;2;120;63;27ml[38;2;110;58;20m<[38;2;166;106;50ma[38;2;137;68;20m?[38;2;173;110;46mC[38;2;144;81;30mf[38;2;170;110;49m1[38;2;163;101;44mn[38;2;162;96;39mJ[38;2;189;121;54mY[38;2;201;137;64m3[38;2;167;98;31ms[38;2;198;139;73mK[38;2;219;189;157mN[38;2;215;182;147m$[38;2;216;183;144mB[38;2;226;201;168mW[38;2;252;249;244m@[38;2;255;255;253m@[38;2;255;255;253m@[38;2;255;255;253m@[38;2;255;255;253m@[38;2;255;255;253m@[38;2;255;255;253m@[38;2;255;255;253m@[38;2;243;243;242m@[38;2;254;254;252m@[38;2;221;222;221m@[38;2;185;188;189mM[38;2;163;167;169m4[38;2;255;255;253m@[38;2;255;255;253m@[38;2;254;254;252m@[38;2;249;249;247m@[38;2;222;222;221m@[38;2;217;218;217mM[38;2;204;206;206mW[38;2;201;203;203mM[38;2;226;227;224mM[38;2;229;230;228mM[38;2;229;230;227mM[38;2;226;227;225mM[38;2;219;221;218mW[38;2;215;217;214mW[38;2;210;212;211mW[38;2;146;150;152ma[38;2;107;112;117m=[38;2;137;140;142mY[38;2;237;238;236m@[38;2;255;255;253m@[38;2;237;237;236mM[38;2;61;69;75m=[38;2;70;78;85m>[38;2;84;87;91mJ[38;2;255;255;253m@[38;2;255;255;253m@[38;2;255;255;253m@[38;2;254;255;253m@[38;2;255;255;253m@[38;2;255;255;253m@[38;2;255;255;253m@[38;2;255;255;253m@[38;2;255;255;253m@[38;2;255;255;253m@[38;2;255;255;253m@[38;2;255;255;253m@[38;2;255;255;253m@[38;2;255;255;253m@[38;2;255;255;253m@[38;2;255;255;253m@[38;2;254;254;252m@[38;2;255;255;253m@[38;2;255;255;253m@[38;2;255;255;253m@[38;2;255;255;253m@[38;2;255;255;253m@[38;2;255;255;253m@[38;2;255;255;253m@[38;2;255;255;253m@[38;2;255;255;253m@[38;2;255;255;253m@[38;2;255;255;253m@[38;2;255;255;253m@[38;2;255;255;253m@[38;2;255;255;253m@[38;2;255;255;253m@[38;2;255;255;253m@[38;2;255;255;253m@[38;2;255;255;253m@[38;2;255;255;253m@[38;2;255;255;253m@[38;2;255;255;253m@[38;2;255;255;253m@[38;2;255;255;253m@[38;2;255;255;253m@[38;2;255;255;253m@[38;2;255;255;253m@[38;2;255;255;253m@[38;2;255;255;253m@[38;2;223;223;221m$[0m
[38;2;255;255;253m@[38;2;255;255;253m@[38;2;255;255;253m@[38;2;255;255;253m@[38;2;255;255;253m@[38;2;255;255;253m@[38;2;255;255;253m@[38;2;255;255;253m@[38;2;255;255;253m@[38;2;255;255;253m@[38;2;255;255;253m@[38;2;255;255;253m@[38;2;255;254;252m@[38;2;252;251;248m@[38;2;250;248;244m@[38;2;241;234;225m@[38;2;223;205;189m@[38;2;219;197;176mM[38;2;207;174;140m6[38;2;171;126;89m7[38;2;156;99;49mJ[38;2;148;90;40mx[38;2;166;107;50m3[38;2;131;75;32m([38;2;148;104;71m>[38;2;148;98;57mY[38;2;133;77;33mr[38;2;119;58;22m>[38;2;164;101;46m1[38;2;150;91;44mJ[38;2;141;81;35m?[38;2;159;101;49mC[38;2;173;104;40mY[38;2;166;96;37mz[38;2;176;112;45mY[38;2;180;117;53mn[38;2;184;116;46mY[38;2;205;140;63md[38;2;201;136;56m#[38;2;203;138;60mA[38;2;229;202;172mN[38;2;241;232;219mM[38;2;251;248;243m@[38;2;255;255;253m@[38;2;255;255;253m@[38;2;255;255;253m@[38;2;255;255;253m@[38;2;255;255;253m@[38;2;255;255;253m@[38;2;255;255;253m@[38;2;255;255;253m@[38;2;255;255;253m@[38;2;255;255;253m@[38;2;255;255;253m@[38;2;246;246;245m@[38;2;79;87;93m=[38;2;75;84;91m*[38;2;95;102;108mr[38;2;144;149;152m?[38;2;163;167;170md[38;2;175;178;179mW[38;2;179;180;180m@[38;2;205;205;205m@[38;2;226;227;226m@[38;2;227;228;226m@[38;2;227;227;226m@[38;2;222;222;221m@[38;2;214;215;214m@[38;2;202;204;204m@[38;2;189;191;192mM[38;2;150;152;152m%[38;2;137;142;144mZ[38;2;116;123;128m*[38;2;86;94;100m=[38;2;67;75;82m*[38;2;68;77;84mr[38;2;194;197;197m4[38;2;255;255;253m@[38;2;226;227;226m$[38;2;72;81;88m=[38;2;76;85;92m*[38;2;142;145;148m4[38;2;255;255;253m@[38;2;255;255;253m@[38;2;255;255;253m@[38;2;255;255;253m@[38;2;255;255;253m@[38;2;255;255;253m@[38;2;255;255;253m@[38;2;255;255;253m@[38;2;255;255;253m@[38;2;255;255;253m@[38;2;255;255;253m@[38;2;255;255;253m@[38;2;255;255;253m@[38;2;255;255;253m@[38;2;255;255;253m@[38;2;255;255;253m@[38;2;255;255;253m@[38;2;255;255;253m@[38;2;255;255;253m@[38;2;255;255;253m@[38;2;255;255;253m@[38;2;255;255;253m@[38;2;255;255;253m@[38;2;255;255;253m@[38;2;255;255;253m@[38;2;255;255;253m@[38;2;255;255;253m@[38;2;255;255;253m@[38;2;255;255;253m@[38;2;255;255;253m@[38;2;255;255;253m@[38;2;255;255;253m@[38;2;255;255;253m@[38;2;255;255;253m@[38;2;255;255;253m@[38;2;255;255;253m@[38;2;255;255;253m@[38;2;255;255;253m@[38;2;255;255;253m@[38;2;255;255;253m@[38;2;255;255;253m@[38;2;255;255;253m@[38;2;255;255;253m@[38;2;255;255;253m@[38;2;255;255;253m@[38;2;223;223;221m$[0m
[38;2;255;255;253m@[38;2;255;255;253m@[38;2;255;255;253m@[38;2;255;255;253m@[38;2;255;255;253m@[38;2;255;255;253m@[38;2;255;255;253m@[38;2;255;255;253m@[38;2;255;255;253m@[38;2;255;255;253m@[38;2;255;255;253m@[38;2;255;255;253m@[38;2;255;255;253m@[38;2;255;255;253m@[38;2;255;255;253m@[38;2;255;255;253m@[38;2;255;255;253m@[38;2;255;255;253m@[38;2;255;255;253m@[38;2;255;255;253m@[38;2;244;240;236m@[38;2;226;211;194mM[38;2;201;164;125mu[38;2;180;132;91mz[38;2;210;181;149m4[38;2;227;217;209m@[38;2;188;154;127ma[38;2;164;105;54mO[38;2;132;72;27m=[38;2;156;92;38mJ[38;2;161;98;48m?[38;2;172;110;55m1[38;2;163;102;45mo[38;2;194;122;50mb[38;2;156;91;32mJ[38;2;196;132;61m5[38;2;190;121;49mY[38;2;201;132;52mO[38;2;196;125;44mb[38;2;227;189;143mN[38;2;239;228;211mM[38;2;254;253;249m@[38;2;255;255;253m@[38;2;255;255;253m@[38;2;255;255;253m@[38;2;255;255;253m@[38;2;255;255;253m@[38;2;255;255;253m@[38;2;255;255;253m@[38;2;255;255;253m@[38;2;255;255;253m@[38;2;255;255;253m@[38;2;255;255;253m@[38;2;238;238;237mM[38;2;156;161;164mk[38;2;72;79;86m*[38;2;66;73;81mr[38;2;66;73;82m/[38;2;67;75;82m~[38;2;67;75;82m<[38;2;61;67;72m>[38;2;18;21;26m-[38;2;22;26;31m-[38;2;69;77;84m*[38;2;69;77;84m*[38;2;68;77;83m*[38;2;65;73;80m*[38;2;63;70;77m=[38;2;64;72;79m*[38;2;60;67;73m*[38;2;40;46;52m"[38;2;50;56;63m<[38;2;51;57;64m=[38;2;52;58;65m=[38;2;56;63;69m=[38;2;52;58;65m>[38;2;174;177;178m4[38;2;255;255;253m@[38;2;208;209;209m$[38;2;56;63;69m~[38;2;52;59;65m~[38;2;198;200;200mN[38;2;255;255;253m@[38;2;255;255;253m@[38;2;255;255;253m@[38;2;255;255;253m@[38;2;255;255;253m@[38;2;255;255;253m@[38;2;255;255;253m@[38;2;255;255;253m@[38;2;255;255;253m@[38;2;255;255;253m@[38;2;255;255;253m@[38;2;255;255;253m@[38;2;255;255;253m@[38;2;255;255;253m@[38;2;255;255;253m@[38;2;255;255;253m@[38;2;255;255;253m@[38;2;255;255;253m@[38;2;255;255;253m@[38;2;255;255;253m@[38;2;255;255;253m@[38;2;255;255;253m@[38;2;255;255;253m@[38;2;255;255;253m@[38;2;255;255;253m@[38;2;255;255;253m@[38;2;255;255;253m@[38;2;255;255;253m@[38;2;255;255;253m@[38;2;255;255;253m@[38;2;255;255;253m@[38;2;255;255;253m@[38;2;255;255;253m@[38;2;255;255;253m@[38;2;255;255;253m@[38;2;255;255;253m@[38;2;255;255;253m@[38;2;255;255;253m@[38;2;255;255;253m@[38;2;255;255;253m@[38;2;255;255;253m@[38;2;255;255;253m@[38;2;255;255;253m@[38;2;255;255;253m@[38;2;255;255;253m@[38;2;223;223;221m$[0m
[38;2;255;255;253m@[38;2;255;255;253m@[38;2;255;255;253m@[38;2;255;255;253m@[38;2;255;255;253m@[38;2;255;255;253m@[38;2;255;255;253m@[38;2;255;255;253m@[38;2;255;255;253m@[38;2;255;255;253m@[38;2;255;255;253m@[38;2;255;255;253m@[38;2;255;255;253m@[38;2;255;255;253m@[38;2;255;255;253m@[38;2;255;255;253m@[38;2;255;255;253m@[38;2;255;255;253m@[38;2;255;255;253m@[38;2;255;255;253m@[38;2;255;255;253m@[38;2;255;255;253m@[38;2;255;255;253m@[38;2;255;255;253m@[38;2;255;255;253m@[38;2;243;238;231m@[38;2;242;237;231mM[38;2;223;211;200m@[38;2;189;148;109mk[38;2;155;95;44mC[38;2;145;84;32m?[38;2;155;92;40m[[38;2;187;125;61mA[38;2;191;124;49mV[38;2;166;100;37mx[38;2;210;143;69mD[38;2;191;120;46mY[38;2;196;125;49mU[38;2;204;137;60mA[38;2;233;212;183mM[38;2;253;251;246m@[38;2;255;255;253m@[38;2;255;255;253m@[38;2;255;255;253m@[38;2;255;255;253m@[38;2;255;255;253m@[38;2;255;255;253m@[38;2;255;255;253m@[38;2;240;241;239m@[38;2;212;214;214m@[38;2;187;190;192mM[38;2;157;162;165mE[38;2;120;125;130m>[38;2;85;91;97m>[38;2;58;65;71m>[38;2;57;64;71m>[38;2;60;67;73m=[38;2;60;67;74m=[38;2;57;64;71m=[38;2;59;66;72m*[38;2;54;62;68mr[38;2;18;21;26m-[38;2;19;21;27m-[38;2;47;53;59m=[38;2;49;55;62m*[38;2;47;53;59m\[38;2;39;44;50m~[38;2;44;49;55m~[38;2;48;54;60m<[38;2;31;33;39m~[38;2;35;39;45m~[38;2;47;53;60m<[38;2;50;57;63mr[38;2;52;58;65m<[38;2;62;70;76m^[38;2;53;60;66m<[38;2;80;88;93m>[38;2;171;174;176m4[38;2;186;189;190m$[38;2;71;79;86m*[38;2;72;79;85m*[38;2;249;250;248m@[38;2;255;255;253m@[38;2;255;255;253m@[38;2;255;255;253m@[38;2;255;255;253m@[38;2;255;255;253m@[38;2;255;255;253m@[38;2;255;255;253m@[38;2;255;255;253m@[38;2;255;255;253m@[38;2;255;255;253m@[38;2;255;255;253m@[38;2;255;255;253m@[38;2;255;255;253m@[38;2;255;255;253m@[38;2;255;255;253m@[38;2;255;255;253m@[38;2;255;255;253m@[38;2;255;255;253m@[38;2;255;255;253m@[38;2;255;255;253m@[38;2;255;255;253m@[38;2;255;255;253m@[38;2;255;255;253m@[38;2;255;255;253m@[38;2;255;255;253m@[38;2;255;255;253m@[38;2;255;255;253m@[38;2;255;255;253m@[38;2;255;255;253m@[38;2;255;255;253m@[38;2;255;255;253m@[38;2;255;255;253m@[38;2;255;255;253m@[38;2;255;255;253m@[38;2;255;255;253m@[38;2;255;255;253m@[38;2;255;255;253m@[38;2;255;255;253m@[38;2;255;255;253m@[38;2;255;255;253m@[38;2;255;255;253m@[38;2;255;255;253m@[38;2;255;255;253m@[38;2;255;255;253m@[38;2;255;255;253m@[38;2;223;223;221m$[0m
[38;2;255;255;253m@[38;2;255;255;253m@[38;2;255;255;253m@[38;2;255;255;253m@[38;2;255;255;253m@[38;2;255;255;253m@[38;2;255;255;253m@[38;2;255;255;253m@[38;2;255;255;253m@[38;2;255;255;253m@[38;2;255;255;253m@[38;2;255;255;253m@[38;2;255;255;253m@[38;2;255;255;253m@[38;2;255;255;253m@[38;2;255;255;253m@[38;2;255;255;253m@[38;2;255;255;253m@[38;2;255;255;253m@[38;2;255;255;253m@[38;2;255;255;253m@[38;2;255;255;253m@[38;2;255;255;253m@[38;2;255;255;253m@[38;2;255;255;253m@[38;2;255;255;253m@[38;2;255;255;253m@[38;2;252;251;248m@[38;2;240;235;229mM[38;2;200;175;157m%[38;2;167;115;68mJ[38;2;160;100;43mt[38;2;152;89;39mF[38;2;175;109;44mY[38;2;196;129;54mU[38;2;199;131;57mS[38;2;189;117;40mY[38;2;191;116;37mk[38;2;203;134;52mA[38;2;153;127;113mc[38;2;141;125;127m~[38;2;145;130;127m<[38;2;135;120;118mz[38;2;123;107;104mz[38;2;127;105;101ml[38;2;113;85;88m~[38;2;93;93;102m*[38;2;81;89;96m*[38;2;75;84;91m*[38;2;76;85;92m*[38;2;76;85;92m*[38;2;76;85;92m*[38;2;76;85;92m*[38;2;76;85;92m*[38;2;76;85;92m*[38;2;76;85;92m*[38;2;76;85;92m*[38;2;76;85;92m*[38;2;72;81;88m*[38;2;69;77;84m*[38;2;65;73;80m>[38;2;18;21;26m-[38;2;18;21;26m-[38;2;47;53;59mi[38;2;60;67;74m<[38;2;65;73;80mr[38;2;55;61;68m"[38;2;51;58;64m~[38;2;55;62;69m_[38;2;20;24;29m-[38;2;19;22;27m-[38;2;46;52;58m_[38;2;30;34;40m_[38;2;27;31;37m_[38;2;30;34;40m-[38;2;43;48;55m~[38;2;54;59;67m~[38;2;69;73;79m~[38;2;94;98;102mj[38;2;58;64;71m<[38;2;125;129;132m4[38;2;255;255;253m@[38;2;255;255;253m@[38;2;255;255;253m@[38;2;255;255;253m@[38;2;255;255;253m@[38;2;255;255;253m@[38;2;255;255;253m@[38;2;255;255;253m@[38;2;255;255;253m@[38;2;255;255;253m@[38;2;255;255;253m@[38;2;255;255;253m@[38;2;255;255;253m@[38;2;255;255;253m@[38;2;255;255;253m@[38;2;255;255;253m@[38;2;255;255;253m@[38;2;255;255;253m@[38;2;255;255;253m@[38;2;255;255;253m@[38;2;255;255;253m@[38;2;255;255;253m@[38;2;255;255;253m@[38;2;255;255;253m@[38;2;255;255;253m@[38;2;255;255;253m@[38;2;255;255;253m@[38;2;255;255;253m@[38;2;255;255;253m@[38;2;255;255;253m@[38;2;255;255;253m@[38;2;255;255;253m@[38;2;255;255;253m@[38;2;255;255;253m@[38;2;255;255;253m@[38;2;255;255;253m@[38;2;255;255;253m@[38;2;255;255;253m@[38;2;255;255;253m@[38;2;255;255;253m@[38;2;255;255;253m@[38;2;255;255;253m@[38;2;255;255;253m@[38;2;255;255;253m@[38;2;255;255;253m@[38;2;255;255;253m@[38;2;223;223;221m$[0m
[38;2;255;255;253m@[38;2;255;255;253m@[38;2;255;255;253m@[38;2;255;255;253m@[38;2;255;255;253m@[38;2;255;255;253m@[38;2;255;255;253m@[38;2;255;255;253m@[38;2;255;255;253m@[38;2;255;255;253m@[38;2;255;255;253m@[38;2;255;255;253m@[38;2;255;255;253m@[38;2;255;255;253m@[38;2;255;255;253m@[38;2;255;255;253m@[38;2;255;255;253m@[38;2;255;255;253m@[38;2;255;255;253m@[38;2;255;255;253m@[38;2;255;255;253m@[38;2;255;255;253m@[38;2;255;255;253m@[38;2;255;255;253m@[38;2;255;255;253m@[38;2;255;255;253m@[38;2;255;255;253m@[38;2;255;255;253m@[38;2;255;255;253m@[38;2;253;253;250m@[38;2;203;190;180m$[38;2;138;83;42m([38;2;161;99;44mu[38;2;160;99;47ms[38;2;193;129;56mT[38;2;182;113;43mn[38;2;210;139;56mD[38;2;196;124;41mP[38;2;203;148;69mD[38;2;114;106;96mJ[38;2;116;114;108m2[38;2;101;103;103ms[38;2;99;102;102m1[38;2;110;98;95mk[38;2;67;46;50m"[38;2;116;90;79mt[38;2;68;28;36m~[38;2;72;73;83m=[38;2;76;85;92m*[38;2;76;85;92m*[38;2;76;85;92m*[38;2;76;85;92m*[38;2;76;85;92m*[38;2;72;80;87m*[38;2;70;78;85m*[38;2;70;78;85m>[38;2;69;77;84m<[38;2;69;78;85m*[38;2;75;84;91m*[38;2;76;85;92m*[38;2;70;77;84mr[38;2;18;21;26m-[38;2;18;21;26m-[38;2;57;66;72m~[38;2;53;59;66m~[38;2;65;72;79mr[38;2;57;64;71m"[38;2;36;41;47m~[38;2;57;64;70m>[38;2;18;21;26m-[38;2;18;21;26m-[38;2;18;21;26m-[38;2;31;35;41m~[38;2;33;38;44m_[38;2;31;35;41m~[38;2;51;57;63m*[38;2;52;58;64m![38;2;58;66;72m=[38;2;51;57;64m=[38;2;55;62;69m>[38;2;93;98;103m~[38;2;178;182;184mN[38;2;237;238;237m@[38;2;255;255;253m@[38;2;255;255;253m@[38;2;255;255;253m@[38;2;255;255;253m@[38;2;255;255;253m@[38;2;255;255;253m@[38;2;255;255;253m@[38;2;255;255;253m@[38;2;255;255;253m@[38;2;255;255;253m@[38;2;255;255;253m@[38;2;255;255;253m@[38;2;255;255;253m@[38;2;255;255;253m@[38;2;255;255;253m@[38;2;255;255;253m@[38;2;255;255;253m@[38;2;255;255;253m@[38;2;255;255;253m@[38;2;255;255;253m@[38;2;255;255;253m@[38;2;255;255;253m@[38;2;255;255;253m@[38;2;255;255;253m@[38;2;255;255;253m@[38;2;255;255;253m@[38;2;255;255;253m@[38;2;255;255;253m@[38;2;255;255;253m@[38;2;255;255;253m@[38;2;255;255;253m@[38;2;255;255;253m@[38;2;255;255;253m@[38;2;255;255;253m@[38;2;255;255;253m@[38;2;255;255;253m@[38;2;255;255;253m@[38;2;255;255;253m@[38;2;255;255;253m@[38;2;255;255;253m@[38;2;255;255;253m@[38;2;255;255;253m@[38;2;255;255;253m@[38;2;255;255;253m@[38;2;223;223;221m$[0m
[38;2;255;255;253m@[38;2;255;255;253m@[38;2;255;255;253m@[38;2;255;255;253m@[38;2;255;255;253m@[38;2;255;255;253m@[38;2;255;255;253m@[38;2;255;255;253m@[38;2;255;255;253m@[38;2;255;255;253m@[38;2;255;255;253m@[38;2;255;255;253m@[38;2;255;255;253m@[38;2;255;255;253m@[38;2;255;255;253m@[38;2;255;255;253m@[38;2;255;255;253m@[38;2;255;255;253m@[38;2;255;255;253m@[38;2;255;255;253m@[38;2;255;255;253m@[38;2;255;255;253m@[38;2;255;255;253m@[38;2;255;255;253m@[38;2;255;255;253m@[38;2;255;255;253m@[38;2;255;255;253m@[38;2;255;255;253m@[38;2;237;237;236m@[38;2;95;98;100m![38;2;23;26;31m-[38;2;29;29;30m-[38;2;94;61;35m<[38;2;146;83;33m([38;2;180;115;54mY[38;2;212;152;75md[38;2;210;145;69md[38;2;201;142;72mK[38;2;193;150;98mD[38;2;105;103;99m7[38;2;74;72;67m?[38;2;87;87;85m1[38;2;97;99;99mV[38;2;108;109;106m#[38;2;122;116;107mx[38;2;81;36;38m~[38;2;57;23;27m_[38;2;32;28;34m-[38;2;51;58;64m<[38;2;66;74;81mr[38;2;71;80;86m>[38;2;70;78;85m=[38;2;70;78;85m*[38;2;74;83;90m*[38;2;76;85;92m*[38;2;76;85;92m*[38;2;76;85;92m*[38;2;76;85;92m*[38;2;76;85;92m*[38;2;72;81;87m*[38;2;66;73;79mr[38;2;18;21;26m-[38;2;18;21;26m-[38;2;64;72;79m=[38;2;64;72;79m=[38;2;64;72;79mr[38;2;69;77;84m*[38;2;41;47;53m"[38;2;64;71;78m"[38;2;32;37;42m-[38;2;18;21;26m-[38;2;62;70;76m=[38;2;74;83;89m*[38;2;71;79;86m*[38;2;63;71;78m=[38;2;61;68;75m>[38;2;62;70;77m<[38;2;68;76;83m*[38;2;70;79;86m=[38;2;73;82;89mr[38;2;37;42;48m_[38;2;36;41;47m_[38;2;30;33;39m-[38;2;82;86;90m/[38;2;150;153;154m4[38;2;226;227;226m@[38;2;255;255;253m@[38;2;255;255;253m@[38;2;255;255;253m@[38;2;255;255;253m@[38;2;255;255;253m@[38;2;255;255;253m@[38;2;255;255;253m@[38;2;255;255;253m@[38;2;255;255;253m@[38;2;255;255;253m@[38;2;255;255;253m@[38;2;255;255;253m@[38;2;255;255;253m@[38;2;255;255;253m@[38;2;255;255;253m@[38;2;255;255;253m@[38;2;255;255;253m@[38;2;255;255;253m@[38;2;255;255;253m@[38;2;255;255;253m@[38;2;255;255;253m@[38;2;255;255;253m@[38;2;255;255;253m@[38;2;255;255;253m@[38;2;255;255;253m@[38;2;255;255;253m@[38;2;255;255;253m@[38;2;255;255;253m@[38;2;255;255;253m@[38;2;255;255;253m@[38;2;255;255;253m@[38;2;255;255;253m@[38;2;255;255;253m@[38;2;255;255;253m@[38;2;255;255;253m@[38;2;255;255;253m@[38;2;255;255;253m@[38;2;255;255;253m@[38;2;255;255;253m@[38;2;255;255;253m@[38;2;255;255;253m@[38;2;223;223;221m$[0m
[38;2;255;255;253m@[38;2;255;255;253m@[38;2;255;255;253m@[38;2;255;255;253m@[38;2;255;255;253m@[38;2;255;255;253m@[38;2;255;255;253m@[38;2;255;255;253m@[38;2;255;255;253m@[38;2;255;255;253m@[38;2;255;255;253m@[38;2;255;255;253m@[38;2;255;255;253m@[38;2;255;255;253m@[38;2;255;255;253m@[38;2;255;255;253m@[38;2;255;255;253m@[38;2;255;255;253m@[38;2;255;255;253m@[38;2;255;255;253m@[38;2;255;255;253m@[38;2;255;255;253m@[38;2;255;255;253m@[38;2;255;255;253m@[38;2;255;255;253m@[38;2;255;255;253m@[38;2;255;255;253m@[38;2;255;255;253m@[38;2;132;134;136mC[38;2;18;21;26m-[38;2;18;21;26m-[38;2;18;21;26m-[38;2;73;66;57m~[38;2;149;106;67mD[38;2;135;85;46m+[38;2;135;82;42m?[38;2;178;126;75mQ[38;2;205;154;93mK[38;2;215;168;99mB[38;2;106;108;103mt[38;2;73;82;89m*[38;2;47;53;59mi[38;2;40;45;51m~[38;2;68;77;83m*[38;2;69;63;70m^[38;2;69;24;29m_[38;2;66;23;28m~[38;2;62;50;60m<[38;2;67;75;82m*[38;2;56;64;70m![38;2;53;60;66m~[38;2;68;77;83m*[38;2;76;85;92m*[38;2;75;84;91m*[38;2;70;78;85m*[38;2;70;78;85mr[38;2;70;78;85m/[38;2;69;77;84m=[38;2;69;77;84m*[38;2;75;84;91m*[38;2;71;79;86m*[38;2;19;22;27m-[38;2;18;21;26m-[38;2;62;69;76m<[38;2;70;78;85m*[38;2;61;68;75m=[38;2;76;85;92m*[38;2;53;60;66m![38;2;71;80;87mr[38;2;43;48;55m^[38;2;23;27;32m_[38;2;46;52;58m-[38;2;64;72;78m<[38;2;68;76;83m=[38;2;62;69;76m=[38;2;76;85;92m*[38;2;76;85;92m*[38;2;76;85;92m*[38;2;73;82;89m=[38;2;72;81;88m=[38;2;38;43;48m~[38;2;18;21;26m-[38;2;18;21;26m-[38;2;19;23;28m-[38;2;52;59;65m>[38;2;41;47;53m_[38;2;69;73;78m~[38;2;147;151;153mY[38;2;206;208;208m@[38;2;245;246;244m@[38;2;255;255;253m@[38;2;255;255;253m@[38;2;255;255;253m@[38;2;255;255;253m@[38;2;255;255;253m@[38;2;255;255;253m@[38;2;255;255;253m@[38;2;255;255;253m@[38;2;255;255;253m@[38;2;255;255;253m@[38;2;255;255;253m@[38;2;255;255;253m@[38;2;255;255;253m@[38;2;255;255;253m@[38;2;255;255;253m@[38;2;255;255;253m@[38;2;255;255;253m@[38;2;255;255;253m@[38;2;255;255;253m@[38;2;255;255;253m@[38;2;255;255;253m@[38;2;255;255;253m@[38;2;255;255;253m@[38;2;255;255;253m@[38;2;255;255;253m@[38;2;255;255;253m@[38;2;255;255;253m@[38;2;255;255;253m@[38;2;255;255;253m@[38;2;255;255;253m@[38;2;255;255;253m@[38;2;255;255;253m@[38;2;255;255;253m@[38;2;255;255;253m@[38;2;255;255;253m@[38;2;255;255;253m@[38;2;255;255;253m@[38;2;223;223;221m$[0m
[38;2;255;255;253m@[38;2;255;255;253m@[38;2;255;255;253m@[38;2;255;255;253m@[38;2;255;255;253m@[38;2;255;255;253m@[38;2;255;255;253m@[38;2;255;255;253m@[38;2;255;255;253m@[38;2;255;255;253m@[38;2;255;255;253m@[38;2;255;255;253m@[38;2;255;255;253m@[38;2;255;255;253m@[38;2;255;255;253m@[38;2;255;255;253m@[38;2;255;255;253m@[38;2;255;255;253m@[38;2;255;255;253m@[38;2;255;255;253m@[38;2;255;255;253m@[38;2;255;255;253m@[38;2;255;255;253m@[38;2;255;255;253m@[38;2;255;255;253m@[38;2;255;255;253m@[38;2;255;255;253m@[38;2;227;228;227mM[38;2;25;28;33m-[38;2;18;21;26m-[38;2;18;21;26m-[38;2;59;52;47m<[38;2;57;52;47m"[38;2;91;69;54m<[38;2;127;68;29m*[38;2;159;96;40mx[38;2;173;110;47m1[38;2;203;141;70m3[38;2;225;169;85mB[38;2;212;167;94mm[38;2;101;95;88m+[38;2;72;69;76m*[38;2;62;49;55mr[38;2;36;28;33m-[38;2;60;24;29m~[38;2;74;23;28m~[38;2;65;37;44m~[38;2;75;82;89m*[38;2;73;82;89m*[38;2;70;78;85m*[38;2;68;76;83m>[38;2;57;64;71m/[38;2;62;69;76m~[38;2;58;65;71m<[38;2;71;79;86m*[38;2;70;79;86m*[38;2;70;78;85mr[38;2;70;78;85m>[38;2;69;77;84m<[38;2;66;74;81m*[38;2;63;71;78m*[38;2;19;22;27m-[38;2;18;21;26m-[38;2;66;74;81m<[38;2;76;85;92m*[38;2;66;74;81m=[38;2;76;85;92m*[38;2;63;71;78m![38;2;76;85;92m*[38;2;70;78;85mr[38;2;31;35;40m_[38;2;57;64;70m<[38;2;76;85;92m*[38;2;76;85;92m*[38;2;76;85;92m*[38;2;76;85;92m*[38;2;76;85;92m*[38;2;76;85;92m*[38;2;68;77;84m*[38;2;55;62;68m=[38;2;32;37;42m"[38;2;18;21;26m-[38;2;46;49;53mJ[38;2;154;158;160m8[38;2;153;158;161mg[38;2;164;168;170mN[38;2;145;150;153m%[38;2;143;149;152m&[38;2;63;70;77m![38;2;69;77;83m=[38;2;104;111;117m*[38;2;137;143;147m?[38;2;170;174;177mw[38;2;195;198;198m@[38;2;245;245;244m@[38;2;242;242;241m@[38;2;230;230;229m@[38;2;254;254;252m@[38;2;237;237;236mW[38;2;255;255;253m@[38;2;231;231;230m@[38;2;251;251;249m@[38;2;233;233;232m@[38;2;243;243;242m@[38;2;238;238;237m@[38;2;218;219;218m@[38;2;202;202;202mW[38;2;241;241;240m@[38;2;241;241;240m@[38;2;241;241;240mM[38;2;238;238;237m@[38;2;229;230;229m@[38;2;238;239;237m@[38;2;244;244;242m@[38;2;226;226;225m@[38;2;245;245;243m@[38;2;241;241;240m@[38;2;234;234;233m@[38;2;250;250;248m@[38;2;255;255;253m@[38;2;255;255;253m@[38;2;255;255;253m@[38;2;255;255;253m@[38;2;255;255;253m@[38;2;255;255;253m@[38;2;255;255;253m@[38;2;255;255;253m@[38;2;223;223;221m$[0m
[38;2;255;255;253m@[38;2;255;255;253m@[38;2;255;255;253m@[38;2;255;255;253m@[38;2;255;255;253m@[38;2;255;255;253m@[38;2;255;255;253m@[38;2;255;255;253m@[38;2;255;255;253m@[38;2;255;255;253m@[38;2;255;255;253m@[38;2;255;255;253m@[38;2;255;255;253m@[38;2;255;255;253m@[38;2;255;255;253m@[38;2;255;255;253m@[38;2;255;255;253m@[38;2;255;255;253m@[38;2;255;255;253m@[38;2;255;255;253m@[38;2;255;255;253m@[38;2;255;255;253m@[38;2;255;255;253m@[38;2;255;255;253m@[38;2;255;255;253m@[38;2;255;255;253m@[38;2;255;255;253m@[38;2;123;124;126m][38;2;18;21;26m-[38;2;18;21;26m-[38;2;18;21;26m-[38;2;37;37;37m-[38;2;73;66;57mJ[38;2;86;73;60m![38;2;125;67;27m=[38;2;177;116;59mo[38;2;179;110;49mZ[38;2;174;112;46mx[38;2;197;136;60m0[38;2;218;158;77mm[38;2;211;157;79mm[38;2;125;82;58m][38;2;58;23;28m~[38;2;54;23;28m_[38;2;37;34;39m_[38;2;33;28;34m~[38;2;71;77;85m=[38;2;70;78;85m*[38;2;73;82;89m*[38;2;71;80;87m*[38;2;71;79;86m*[38;2;70;78;85m>[38;2;70;78;85m<[38;2;67;75;82m*[38;2;53;59;66mi[38;2;50;56;62m~[38;2;65;73;80m=[38;2;76;85;92m*[38;2;76;85;92m*[38;2;76;85;92m*[38;2;76;85;91m*[38;2;22;26;30m_[38;2;18;21;26m-[38;2;66;74;80m<[38;2;76;85;92m*[38;2;70;78;85m=[38;2;76;85;92m*[38;2;61;69;76m![38;2;74;83;90m*[38;2;63;70;77m*[38;2;45;50;57m"[38;2;72;80;87m*[38;2;69;78;84m<[38;2;76;85;92m*[38;2;76;85;92m*[38;2;76;85;92m*[38;2;76;85;92m*[38;2;76;85;92m*[38;2;49;55;62mi[38;2;67;75;82m*[38;2;49;55;61mi[38;2;18;21;26m-[38;2;18;21;26m-[38;2;21;24;29m-[38;2;68;75;81m<[38;2;83;92;99m*[38;2;141;147;152m4[38;2;153;159;162m%[38;2;70;78;85m<[38;2;79;88;95m*[38;2;82;91;98m([38;2;82;91;98m([38;2;80;89;96m*[38;2;78;87;94m*[38;2;77;86;93m*[38;2;109;116;121mr[38;2;110;114;118m?[38;2;216;218;217m@[38;2;241;241;239m@[38;2;255;255;253m@[38;2;212;213;212m$[38;2;250;250;249m@[38;2;223;224;223mW[38;2;231;231;230m$[38;2;234;234;233mW[38;2;209;209;209m$[38;2;174;174;175md[38;2;231;231;230m@[38;2;255;255;253m@[38;2;241;241;239m@[38;2;241;241;240m@[38;2;228;228;227mW[38;2;224;224;223m$[38;2;238;238;236mW[38;2;227;227;227mM[38;2;245;246;244m@[38;2;241;241;240mW[38;2;219;220;219m$[38;2;246;246;244m@[38;2;255;255;253m@[38;2;255;255;253m@[38;2;255;255;253m@[38;2;255;255;253m@[38;2;255;255;253m@[38;2;255;255;253m@[38;2;255;255;253m@[38;2;255;255;253m@[38;2;223;223;221m$[0m
[38;2;255;255;253m@[38;2;255;255;253m@[38;2;255;255;253m@[38;2;255;255;253m@[38;2;255;255;253m@[38;2;255;255;253m@[38;2;255;255;253m@[38;2;255;255;253m@[38;2;255;255;253m@[38;2;255;255;253m@[38;2;255;255;253m@[38;2;255;255;253m@[38;2;255;255;253m@[38;2;255;255;253m@[38;2;255;255;253m@[38;2;255;255;253m@[38;2;255;255;253m@[38;2;255;255;253m@[38;2;255;255;253m@[38;2;255;255;253m@[38;2;255;255;253m@[38;2;255;255;253m@[38;2;255;255;253m@[38;2;255;255;253m@[38;2;255;255;253m@[38;2;255;255;253m@[38;2;247;248;246m@[38;2;54;58;65m"[38;2;34;39;44m-[38;2;42;47;53m~[38;2;45;51;57m~[38;2;45;51;58m~[38;2;54;60;67m=[38;2;71;68;67m<[38;2;119;59;21mr[38;2;189;132;69mS[38;2;165;98;41mz[38;2;188;121;50mY[38;2;170;102;40mx[38;2;194;130;57mH[38;2;211;149;69mS[38;2;221;166;81mg[38;2;138;111;69mC[38;2;66;70;76m=[38;2;70;79;85m*[38;2;56;63;69mi[38;2;35;40;46m-[38;2;60;68;74m=[38;2;69;77;84m*[38;2;75;83;90m*[38;2;76;85;92m*[38;2;76;85;92m*[38;2;76;85;92m*[38;2;76;85;92m*[38;2;76;85;92m*[38;2;76;85;92m*[38;2;70;79;85m*[38;2;57;64;70m"[38;2;53;59;66m~[38;2;65;73;79m*[38;2;76;85;92m*[38;2;27;30;35m_[38;2;18;21;26m-[38;2;55;60;68m~[38;2;71;78;86m<[38;2;76;85;92m*[38;2;76;85;92m*[38;2;71;80;87mr[38;2;72;80;87m*[38;2;31;36;42m_[38;2;35;40;46m_[38;2;75;84;91m*[38;2;68;77;83mr[38;2;74;82;89m*[38;2;76;85;92m*[38;2;76;85;92m*[38;2;76;85;92m*[38;2;76;85;92m*[38;2;64;71;78m![38;2;69;77;84m<[38;2;51;58;64m![38;2;18;21;26m-[38;2;18;21;26m-[38;2;18;21;26m-[38;2;56;63;70m<[38;2;76;85;92m*[38;2;120;127;132mT[38;2;120;129;135mZ[38;2;76;85;92m*[38;2;76;85;92m*[38;2;76;85;92m*[38;2;76;85;92m*[38;2;76;85;92m*[38;2;93;102;108m?[38;2;115;124;129m2[38;2;115;124;130mb[38;2;109;118;123m2[38;2;116;124;130mb[38;2;126;133;138mt[38;2;175;179;181mN[38;2;237;238;236m@[38;2;255;255;253m@[38;2;164;164;165m][38;2;107;107;110m [38;2;119;120;122m [38;2;72;73;76m [38;2;48;48;52m [38;2;207;207;207m4[38;2;255;255;253m@[38;2;255;255;253m@[38;2;255;255;253m@[38;2;114;115;117m;[38;2;61;62;66m [38;2;83;84;87m-[38;2;126;126;128m][38;2;82;83;85m`[38;2;73;74;77m [38;2;80;81;84m [38;2;138;139;140mT[38;2;254;254;252m@[38;2;255;255;253m@[38;2;255;255;253m@[38;2;255;255;253m@[38;2;255;255;253m@[38;2;255;255;253m@[38;2;255;255;253m@[38;2;255;255;253m@[38;2;223;223;221m$[0m
[38;2;255;255;253m@[38;2;255;255;253m@[38;2;255;255;253m@[38;2;255;255;253m@[38;2;255;255;253m@[38;2;255;255;253m@[38;2;255;255;253m@[38;2;255;255;253m@[38;2;255;255;253m@[38;2;255;255;253m@[38;2;255;255;253m@[38;2;255;255;253m@[38;2;255;255;253m@[38;2;255;255;253m@[38;2;255;255;253m@[38;2;255;255;253m@[38;2;255;255;253m@[38;2;255;255;253m@[38;2;255;255;253m@[38;2;255;255;253m@[38;2;255;255;253m@[38;2;255;255;253m@[38;2;255;255;253m@[38;2;255;255;253m@[38;2;255;255;253m@[38;2;255;255;253m@[38;2;182;186;188m$[38;2;73;82;89m=[38;2;76;85;92m*[38;2;76;85;92m*[38;2;76;85;92m*[38;2;74;83;90m*[38;2;71;80;87m*[38;2;89;80;77m*[38;2;118;59;21m=[38;2;178;122;64mT[38;2;183;123;57mT[38;2;162;97;41mJ[38;2;193;126;52mT[38;2;170;102;38m1[38;2;180;117;50mY[38;2;207;145;64m#[38;2;214;155;67mR[38;2;184;146;87mm[38;2;92;97;97m*[38;2;76;85;92m*[38;2;73;82;89m*[38;2;41;46;52m"[38;2;48;54;61m<[38;2;70;78;85m*[38;2;76;85;92m*[38;2;76;85;92m*[38;2;76;85;92m*[38;2;76;85;92m*[38;2;76;85;92m*[38;2;76;85;92m*[38;2;76;85;92m*[38;2;76;85;92m*[38;2;76;85;92m*[38;2;61;68;74mr[38;2;49;56;62m_[38;2;23;25;30m-[38;2;18;21;26m-[38;2;58;65;72m<[38;2;76;85;92m*[38;2;76;85;92m*[38;2;76;85;92m*[38;2;76;85;92m*[38;2;74;83;90m*[38;2;43;48;54m"[38;2;30;34;40m~[38;2;58;65;72mr[38;2;52;59;65m![38;2;42;48;54m~[38;2;54;60;66m"[38;2;49;54;61m<[38;2;54;61;68m>[38;2;76;85;92m*[38;2;72;81;88mr[38;2;52;47;53m~[38;2;46;52;58m"[38;2;18;21;26m-[38;2;18;21;26m-[38;2;18;21;26m-[38;2;65;73;80m<[38;2;76;85;92m*[38;2;125;132;137m4[38;2;125;134;139mZ[38;2;76;85;92m*[38;2;76;85;92m*[38;2;76;85;92m*[38;2;76;85;92m*[38;2;76;85;92m*[38;2;112;121;127m1[38;2;114;123;128mZ[38;2;84;93;99m*[38;2;88;97;104m*[38;2;107;116;122m?[38;2;145;153;157mD[38;2;104;113;119mF[38;2;87;95;101m=[38;2;238;239;237m@[38;2;255;255;253m@[38;2;255;255;253m@[38;2;255;255;253m@[38;2;119;119;121m][38;2;1;2;7m [38;2;216;217;216mN[38;2;255;255;253m@[38;2;255;255;253m@[38;2;255;255;253m@[38;2;255;255;253m@[38;2;142;144;145mC[38;2;1;2;7m [38;2;120;121;123m4[38;2;217;217;216m@[38;2;222;222;221m@[38;2;172;173;173m$[38;2;18;19;24m.[38;2;170;171;171m4[38;2;255;255;253m@[38;2;255;255;253m@[38;2;255;255;253m@[38;2;255;255;253m@[38;2;255;255;253m@[38;2;255;255;253m@[38;2;255;255;253m@[38;2;223;223;221m$[0m
[38;2;255;255;253m@[38;2;255;255;253m@[38;2;255;255;253m@[38;2;255;255;253m@[38;2;255;255;253m@[38;2;255;255;253m@[38;2;255;255;253m@[38;2;255;255;253m@[38;2;255;255;253m@[38;2;255;255;253m@[38;2;255;255;253m@[38;2;255;255;253m@[38;2;255;255;253m@[38;2;255;255;253m@[38;2;255;255;253m@[38;2;255;255;253m@[38;2;255;255;253m@[38;2;255;255;253m@[38;2;255;255;253m@[38;2;255;255;253m@[38;2;255;255;253m@[38;2;255;255;253m@[38;2;255;255;253m@[38;2;255;255;253m@[38;2;255;255;253m@[38;2;253;253;251m@[38;2;95;102;108mf[38;2;69;77;84mr[38;2;71;79;86m>[38;2;70;78;85m<[38;2;70;78;85m*[38;2;70;79;86m*[38;2;71;80;86m*[38;2;102;80;65m([38;2;119;62;26mr[38;2;160;101;48mJ[38;2;183;119;54mk[38;2;170;110;56mC[38;2;167;99;38mz[38;2;194;128;53m3[38;2;175;105;41mY[38;2;161;97;36m?[38;2;210;150;71mg[38;2;214;152;69m6[38;2;204;155;79mm[38;2;120;115;99mF[38;2;76;85;92m*[38;2;76;85;92m*[38;2;57;64;71m![38;2;39;44;50m~[38;2;70;79;85m*[38;2;76;85;92m*[38;2;76;85;92m*[38;2;76;85;92m*[38;2;76;85;92m*[38;2;76;85;92m*[38;2;76;85;92m*[38;2;76;85;92m*[38;2;76;85;92m*[38;2;73;81;88m*[38;2;71;79;86m*[38;2;30;31;35m_[38;2;18;21;26m-[38;2;45;50;57m~[38;2;66;74;80m*[38;2;76;85;92m*[38;2;76;84;91m*[38;2;76;85;92m*[38;2;76;85;92m*[38;2;76;84;91m*[38;2;60;66;73mr[38;2;66;70;78m<[38;2;74;83;90m*[38;2;59;66;73m>[38;2;75;84;91m*[38;2;51;52;58m~[38;2;67;75;82mr[38;2;75;84;91m=[38;2;74;83;90m=[38;2;45;40;46m~[38;2;47;53;59mi[38;2;18;21;26m-[38;2;18;21;26m-[38;2;22;25;30m-[38;2;65;73;79m<[38;2;76;85;92m*[38;2;112;121;126mY[38;2;135;143;148mb[38;2;79;88;95m*[38;2;76;85;92m*[38;2;76;85;92m*[38;2;76;85;92m*[38;2;85;94;101m([38;2;140;147;151md[38;2;119;128;134mu[38;2;91;100;107m*[38;2;91;99;106m*[38;2;117;126;131m1[38;2;132;141;146mb[38;2;119;127;133mk[38;2;76;85;92m*[38;2;136;142;145m4[38;2;255;255;253m@[38;2;255;255;253m@[38;2;255;255;253m@[38;2;140;140;142m][38;2;1;2;7m [38;2;208;208;207m4[38;2;255;255;253m@[38;2;255;255;253m@[38;2;255;255;253m@[38;2;255;255;253m@[38;2;106;107;109m][38;2;22;23;28m-[38;2;254;254;252m@[38;2;255;255;253m@[38;2;255;255;253m@[38;2;251;251;249m@[38;2;25;26;31m;[38;2;137;138;139m4[38;2;255;255;253m@[38;2;255;255;253m@[38;2;255;255;253m@[38;2;255;255;253m@[38;2;255;255;253m@[38;2;255;255;253m@[38;2;255;255;253m@[38;2;223;223;221m$[0m
[38;2;255;255;253m@[38;2;255;255;253m@[38;2;255;255;253m@[38;2;255;255;253m@[38;2;255;255;253m@[38;2;255;255;253m@[38;2;255;255;253m@[38;2;255;255;253m@[38;2;255;255;253m@[38;2;255;255;253m@[38;2;255;255;253m@[38;2;255;255;253m@[38;2;255;255;253m@[38;2;255;255;253m@[38;2;255;255;253m@[38;2;255;255;253m@[38;2;255;255;253m@[38;2;255;255;253m@[38;2;255;255;253m@[38;2;255;255;253m@[38;2;255;255;253m@[38;2;255;255;253m@[38;2;255;255;253m@[38;2;255;255;253m@[38;2;255;255;253m@[38;2;249;249;248m@[38;2;73;82;88m*[38;2;70;79;85m*[38;2;70;78;85m>[38;2;71;80;87m<[38;2;70;78;85m=[38;2;70;78;85m*[38;2;76;85;91m*[38;2;117;71;42m+[38;2;117;60;22mr[38;2;144;86;34mJ[38;2;176;116;55mo[38;2;202;141;69mH[38;2;143;75;24m*[38;2;172;99;31mx[38;2;191;124;48m5[38;2;176;107;43mY[38;2;150;80;27m=[38;2;208;148;67mK[38;2;196;149;86mD[38;2;197;147;81md[38;2;145;130;98m5[38;2;76;85;92m*[38;2;76;85;92m*[38;2;71;79;86m*[38;2;40;45;51m_[38;2;57;64;70m<[38;2;76;85;92m*[38;2;76;85;92m*[38;2;76;85;92m*[38;2;76;85;92m*[38;2;76;85;92m*[38;2;76;85;92m*[38;2;76;85;92m*[38;2;75;83;90m*[38;2;75;82;89m*[38;2;32;36;42m_[38;2;18;21;26m-[38;2;54;57;65m<[38;2;62;69;76mr[38;2;54;60;67m"[38;2;58;62;69m~[38;2;68;71;79m<[38;2;57;64;70m<[38;2;73;82;89mr[38;2;58;65;71m~[38;2;70;68;75m<[38;2;75;84;91m*[38;2;75;84;91m*[38;2;75;84;91m*[38;2;66;66;73m<[38;2;76;85;92m*[38;2;76;85;92m*[38;2;71;79;86mr[38;2;27;30;35m_[38;2;39;44;50m"[38;2;18;21;26m-[38;2;73;76;79m<[38;2;125;135;137mK[38;2;113;121;126mk[38;2;103;112;118mz[38;2;120;129;134m2[38;2;131;140;145mb[38;2;106;115;121ms[38;2;103;111;117mz[38;2;108;117;123m1[38;2;109;117;123mk[38;2;91;99;105mJ[38;2;180;185;186mB[38;2;117;125;131mo[38;2;53;57;64m~[38;2;100;102;106m<[38;2;103;105;109m([38;2;113;122;127m2[38;2;122;128;134mb[38;2;120;125;129mD[38;2;100;108;114mf[38;2;169;170;171m%[38;2;115;116;118m|[38;2;57;58;62m [38;2;33;34;38m [38;2;1;2;7m [38;2;114;114;116mJ[38;2;111;111;113mL[38;2;62;64;67m [38;2;180;181;181m4[38;2;201;201;201m@[38;2;50;52;56mL[38;2;32;33;38m~[38;2;214;215;215m@[38;2;255;255;253m@[38;2;255;255;253m@[38;2;199;199;199m$[38;2;1;2;7m [38;2;172;173;173mN[38;2;251;251;249m@[38;2;255;255;253m@[38;2;255;255;253m@[38;2;255;255;253m@[38;2;255;255;253m@[38;2;255;255;253m@[38;2;255;255;253m@[38;2;223;223;221m$[0m
[38;2;255;255;253m@[38;2;255;255;253m@[38;2;255;255;253m@[38;2;255;255;253m@[38;2;255;255;253m@[38;2;255;255;253m@[38;2;255;255;253m@[38;2;255;255;253m@[38;2;255;255;253m@[38;2;255;255;253m@[38;2;255;255;253m@[38;2;255;255;253m@[38;2;255;255;253m@[38;2;255;255;253m@[38;2;255;255;253m@[38;2;255;255;253m@[38;2;255;255;253m@[38;2;255;255;253m@[38;2;255;255;253m@[38;2;255;255;253m@[38;2;255;255;253m@[38;2;255;255;253m@[38;2;255;255;253m@[38;2;255;255;253m@[38;2;255;255;253m@[38;2;173;178;180m$[38;2;75;83;90m*[38;2;76;85;92m*[38;2;76;85;92m*[38;2;76;85;92m*[38;2;76;85;92m*[38;2;76;85;92m*[38;2;89;88;88m([38;2;123;68;29mr[38;2;123;63;23mr[38;2;132;80;36m?[38;2;175;116;52mC[38;2;186;128;61mV[38;2;188;127;60mh[38;2;145;77;23m?[38;2;173;103;34mz[38;2;143;107;70ma[38;2;180;124;64mX[38;2;142;102;64mJ[38;2;153;129;93mV[38;2;87;92;93m*[38;2;86;91;94m*[38;2;76;85;92m*[38;2;76;85;92m*[38;2;76;85;92m*[38;2;76;85;92m*[38;2;51;58;64m![38;2;43;49;55m~[38;2;73;82;89m*[38;2;76;85;92m*[38;2;76;85;92m*[38;2;76;85;92m*[38;2;76;85;92m*[38;2;76;85;92m*[38;2;76;85;92m*[38;2;76;85;92m*[38;2;36;39;44m_[38;2;18;21;26m-[38;2;51;57;63m<[38;2;76;85;92m*[38;2;76;85;92m*[38;2;76;84;92m*[38;2;67;65;73m=[38;2;47;54;60m~[38;2;56;63;70m~[38;2;69;77;84m*[38;2;64;65;72m<[38;2;76;85;92m*[38;2;76;85;92m*[38;2;76;85;92m*[38;2;65;72;78m<[38;2;75;84;91m*[38;2;74;83;90m=[38;2;75;84;91m*[38;2;46;36;44m~[38;2;53;59;66m![38;2;20;23;28m-[38;2;42;45;49m-[38;2;72;77;80m-[38;2;57;62;67m~[38;2;70;78;84m<[38;2;86;95;102m*[38;2;90;99;106m*[38;2;91;100;107m*[38;2;89;97;104m*[38;2;93;101;107m<[38;2;86;95;102m*[38;2;73;81;88m=[38;2;45;50;56m~[38;2;86;95;101m*[38;2;68;72;76m-[38;2;56;58;62m-[38;2;27;27;32m-[38;2;41;37;41m_[38;2;32;26;29m-[38;2;65;60;65m<[38;2;68;76;83mr[38;2;126;130;134m4[38;2;207;207;207m@[38;2;206;206;206m@[38;2;198;198;198m@[38;2;231;231;230m@[38;2;234;235;233m@[38;2;222;223;222m@[38;2;202;202;202m@[38;2;229;229;228m@[38;2;181;181;181m@[38;2;168;168;169m@[38;2;164;164;165mM[38;2;178;178;179m@[38;2;255;255;253m@[38;2;253;253;251m@[38;2;145;145;146mg[38;2;130;130;132mO[38;2;141;142;144mA[38;2;229;230;228mW[38;2;255;255;253m@[38;2;255;255;253m@[38;2;255;255;253m@[38;2;255;255;253m@[38;2;255;255;253m@[38;2;255;255;253m@[38;2;223;223;221m$[0m
[38;2;255;255;253m@[38;2;255;255;253m@[38;2;255;255;253m@[38;2;255;255;253m@[38;2;255;255;253m@[38;2;255;255;253m@[38;2;255;255;253m@[38;2;255;255;253m@[38;2;255;255;253m@[38;2;255;255;253m@[38;2;255;255;253m@[38;2;255;255;253m@[38;2;255;255;253m@[38;2;255;255;253m@[38;2;255;255;253m@[38;2;255;255;253m@[38;2;255;255;253m@[38;2;255;255;253m@[38;2;255;255;253m@[38;2;255;255;253m@[38;2;255;255;253m@[38;2;255;255;253m@[38;2;255;255;253m@[38;2;255;255;253m@[38;2;171;175;177m$[38;2;76;85;92m*[38;2;76;85;92m*[38;2;76;85;92m*[38;2;76;85;92m*[38;2;76;85;92m*[38;2;76;85;92m*[38;2;76;85;92m*[38;2;76;85;92m*[38;2;89;86;86m*[38;2;106;77;59m([38;2;101;90;82m([38;2;150;121;78m5[38;2;129;105;80mJ[38;2;141;118;88m1[38;2;97;89;78m+[38;2;83;72;62m~[38;2;75;83;90m*[38;2;77;86;92m*[38;2;76;85;92m*[38;2;76;85;92m*[38;2;76;85;92m*[38;2;76;85;92m*[38;2;76;85;92m*[38;2;76;85;92m*[38;2;76;85;92m*[38;2;76;85;92m*[38;2;76;85;92m*[38;2;66;74;80mr[38;2;37;42;48m_[38;2;66;74;80m=[38;2;76;85;92m*[38;2;76;85;92m*[38;2;76;85;92m*[38;2;76;85;92m*[38;2;76;85;92m*[38;2;76;85;92m*[38;2;37;40;46m_[38;2;18;21;26m-[38;2;45;49;55m~[38;2;67;75;82m/[38;2;75;84;91m=[38;2;76;85;92m*[38;2;75;76;83m=[38;2;64;72;79m<[38;2;46;52;58m_[38;2;49;55;62m<[38;2;68;66;74m<[38;2;61;68;75m=[38;2;63;71;78mr[38;2;70;78;85m*[38;2;64;65;72m<[38;2;75;84;91m*[38;2;76;85;92m*[38;2;76;85;92m*[38;2;44;42;48m"[38;2;55;61;68m\[38;2;31;36;41m-[38;2;21;25;30m-[38;2;20;23;28m-[38;2;18;21;26m-[38;2;32;36;42m-[38;2;53;60;66m~[38;2;72;81;88m*[38;2;76;85;92m*[38;2;70;78;85m=[38;2;76;85;92m*[38;2;76;85;92m*[38;2;76;85;92m*[38;2;49;55;62m~[38;2;76;85;92m*[38;2;19;23;28m-[38;2;18;21;26m-[38;2;26;28;33m_[38;2;18;21;26m-[38;2;23;21;26m-[38;2;73;65;69m<[38;2;74;82;90m=[38;2;85;94;100m*[38;2;214;216;216mW[38;2;255;255;253m@[38;2;255;255;253m@[38;2;255;255;253m@[38;2;255;255;253m@[38;2;255;255;253m@[38;2;255;255;253m@[38;2;255;255;253m@[38;2;255;255;253m@[38;2;255;255;253m@[38;2;255;255;253m@[38;2;255;255;253m@[38;2;255;255;253m@[38;2;255;255;253m@[38;2;255;255;253m@[38;2;255;255;253m@[38;2;255;255;253m@[38;2;255;255;253m@[38;2;255;255;253m@[38;2;255;255;253m@[38;2;255;255;253m@[38;2;255;255;253m@[38;2;255;255;253m@[38;2;255;255;253m@[38;2;223;223;221m$[0m
