[38;2;178;166;152mm[38;2;176;166;155mm[38;2;168;160;150mg[38;2;96;92;83mf[38;2;81;80;72m=[38;2;81;81;73m=[38;2;80;80;72m=[38;2;101;100;92mJ[38;2;165;157;147mQ[38;2;175;167;156mm[38;2;152;144;133mF[38;2;90;82;71m"[38;2;68;64;53m~[38;2;98;94;79m~[38;2;159;154;133mb[38;2;122;115;90m*[38;2;125;116;88m*[38;2;145;138;114mY[38;2;97;90;77m?[38;2;110;105;96my[38;2;11;10;2m`[38;2;29;27;16m-[38;2;76;71;59m?[38;2;130;123;108m1[38;2;116;109;96mJ[38;2;175;167;156mm[38;2;183;175;164mm[38;2;133;125;114mn[38;2;125;117;107ms[38;2;126;118;109ms[38;2;126;118;109ms[38;2;126;119;109m1[38;2;127;120;109m2[38;2;128;121;109m2[38;2;128;122;109m2[38;2;124;117;105m2[38;2;122;117;105m2[38;2;120;116;104m2[38;2;120;116;104m2[38;2;118;114;102mu[38;2;118;113;101m2[38;2;119;113;101m2[38;2;119;113;101m2[38;2;118;112;100m2[38;2;118;112;99m2[38;2;118;112;97m2[38;2;118;112;98m2[38;2;117;111;96m2[38;2;115;109;95m2[38;2;115;108;96m2[38;2;114;108;95m2[38;2;124;118;106m2[38;2;181;173;164mm[38;2;150;141;135mO[38;2;175;166;157mm[38;2;172;164;153mm[38;2;166;158;144mm[38;2;136;127;110mo[38;2;153;144;127mV[38;2;175;166;149m#[38;2;172;163;147m#[38;2;117;109;97my[38;2;165;157;147mS[38;2;192;183;176m%[38;2;191;182;177m%[38;2;191;182;175m%[38;2;165;157;146m6[38;2;152;144;131mA[38;2;157;150;134mm[38;2;165;157;144mm[38;2;168;160;147mm[38;2;174;166;153mm[38;2;176;168;154mm[38;2;152;140;124mD[38;2;162;150;134mV[38;2;131;119;103mz[38;2;178;166;150mw[38;2;152;137;121mE[38;2;139;121;105ms[38;2;114;100;84m7[38;2;109;103;84mz[38;2;166;159;149mw[38;2;140;133;123mV[38;2;84;77;67mr[38;2;78;71;61m>[38;2;79;77;62m=[38;2;82;80;64m=[38;2;82;81;65m=[38;2;82;81;65m=[38;2;83;80;64m=[38;2;83;80;64m=[38;2;84;81;65m>[38;2;83;80;65m<[38;2;82;78;63m>[38;2;81;78;63m>[38;2;83;79;64m>[38;2;83;80;64m>[38;2;83;80;63m/[38;2;85;82;64m/[38;2;83;80;63m/[38;2;83;80;62m/[38;2;82;80;65m/[38;2;83;80;65m/[38;2;107;101;87m?[38;2;155;145;133m#[38;2;157;153;141mQ[38;2;56;55;46m"[38;2;15;16;9m-[38;2;14;18;12m-[38;2;27;37;27m_[38;2;58;68;57m<[38;2;82;90;79m*[38;2;49;53;43m~[38;2;45;48;38m~[38;2;57;59;48m"[38;2;145;144;135m3[38;2;141;138;129mO[38;2;94;93;81mz[38;2;103;102;88mx[38;2;106;103;86m7[38;2;97;91;72mf[38;2;109;103;86mJ[38;2;151;144;130mO[38;2;106;97;76m][38;2;75;66;29m<[38;2;86;75;34m=[38;2;85;72;35mr[38;2;76;63;26m>[0m
[38;2;181;170;156mm[38;2;179;170;159mm[38;2;175;168;158mm[38;2;164;161;152md[38;2;170;169;161mm[38;2;172;172;164mm[38;2;172;172;164mm[38;2;167;167;159mm[38;2;170;167;155mQ[38;2;171;168;155mR[38;2;138;134;122my[38;2;77;73;61m~[38;2;60;58;46m~[38;2;82;78;64m~[38;2;159;154;134mX[38;2;161;154;130md[38;2;181;170;152m%[38;2;161;152;137m&[38;2;103;95;84mz[38;2;132;127;117mb[38;2;22;21;14m-[38;2;22;20;9m-[38;2;67;63;50m<[38;2;76;69;54m>[38;2;115;107;95mJ[38;2;178;170;159mm[38;2;180;172;161mm[38;2;124;116;105mo[38;2;64;61;49m>[38;2;52;50;39m~[38;2;52;51;39m~[38;2;51;50;38m~[38;2;54;52;42m\[38;2;66;64;55m<[38;2;62;60;51m/[38;2;58;56;47m/[38;2;60;57;46m/[38;2;59;55;43m/[38;2;60;56;44m<[38;2;96;92;80m?[38;2;75;70;58m=[38;2;78;72;60m*[38;2;78;72;60m*[38;2;76;70;58m=[38;2;76;69;58m=[38;2;76;69;60m=[38;2;76;70;60m=[38;2;77;70;61m=[38;2;77;70;61m=[38;2;77;70;62m=[38;2;78;71;63m=[38;2;108;101;94mJ[38;2;180;173;166mm[38;2;186;177;172mm[38;2;184;175;166mm[38;2;178;170;159mm[38;2;167;159;145mK[38;2;159;150;133mD[38;2;171;162;145mw[38;2;191;182;166m%[38;2;189;181;165m%[38;2;136;128;115mC[38;2;172;163;153mw[38;2;193;184;177m%[38;2;193;184;178m%[38;2;193;184;176m%[38;2;153;144;134m5[38;2;118;110;97ms[38;2;120;113;98m1[38;2;129;121;108m#[38;2;126;118;105m2[38;2;125;117;104mb[38;2;118;110;96mz[38;2;138;126;110mu[38;2;148;136;120m1[38;2;119;107;91mz[38;2;151;139;123mY[38;2;162;145;129ma[38;2;113;92;78m/[38;2;89;72;56m<[38;2;87;78;61m*[38;2;127;119;109mY[38;2;153;146;136m0[38;2;113;106;96mF[38;2;83;77;66m=[38;2;82;80;69m=[38;2;85;83;72m*[38;2;87;84;73m*[38;2;84;82;71m*[38;2;84;80;71m*[38;2;85;80;71m*[38;2;90;86;76m*[38;2;83;79;70m=[38;2;83;79;69m*[38;2;83;79;69m*[38;2;83;79;68m=[38;2;85;81;70m*[38;2;85;81;69m*[38;2;83;79;67m=[38;2;85;81;69m*[38;2;85;81;69m*[38;2;83;81;67m*[38;2;87;83;68m*[38;2;115;109;95mJ[38;2;160;151;139mk[38;2;164;160;148mK[38;2;47;46;37m"[38;2;13;15;8m-[38;2;18;22;16m_[38;2;28;38;28m~[38;2;51;61;50m<[38;2;98;106;95m1[38;2;89;93;83mx[38;2;101;104;94m1[38;2;113;115;104mV[38;2;115;115;105mx[38;2;115;111;102mz[38;2;121;120;107ms[38;2;97;96;81mt[38;2;121;118;101m1[38;2;92;85;66ml[38;2;115;108;92mJ[38;2;150;143;129m3[38;2;94;86;65m|[38;2;71;62;27m<[38;2;99;85;42m*[38;2;111;93;52m([38;2;95;77;36m*[0m
[38;2;133;137;130mz[38;2;133;137;130mz[38;2;131;134;127m7[38;2;130;134;127m7[38;2;132;134;128mz[38;2;133;134;128m7[38;2;130;132;126m7[38;2;128;129;122m([38;2;130;127;120m([38;2;136;132;122mz[38;2;154;151;139m&[38;2;114;111;97mZ[38;2;97;96;84ms[38;2;103;100;89mV[38;2;151;144;134mm[38;2;135;126;116mJ[38;2;172;163;149m%[38;2;150;141;126mG[38;2;120;110;96mY[38;2;145;136;122mO[38;2;53;49;38m"[38;2;37;33;23m_[38;2;52;48;37m"[38;2;116;112;100mJ[38;2;121;114;103m1[38;2;176;168;157mm[38;2;179;171;160mm[38;2;137;129;118ma[38;2;73;70;60m=[38;2;67;67;57m=[38;2;70;70;60m=[38;2;71;71;61m=[38;2;72;70;61mr[38;2;76;73;64m=[38;2;80;77;68m*[38;2;80;77;68m=[38;2;78;75;66m=[38;2;78;75;66m=[38;2;80;77;67m=[38;2;102;99;90m?[38;2;93;88;78m*[38;2;92;85;75m*[38;2;95;88;78m*[38;2;96;89;79m([38;2;95;89;80m([38;2;92;88;79m([38;2;91;87;78m*[38;2;93;88;79m([38;2;94;89;80m([38;2;95;88;78m*[38;2;91;84;74m*[38;2;113;106;97mJ[38;2;175;168;158mm[38;2;172;166;155mg[38;2;176;169;158mm[38;2;174;168;157m%[38;2;172;165;154mm[38;2;173;166;156m%[38;2;169;162;152mm[38;2;166;159;149mm[38;2;170;163;153mm[38;2;166;160;148mm[38;2;166;160;148mm[38;2;167;161;149mm[38;2;157;150;139mV[38;2;167;158;150mK[38;2;165;156;147mK[38;2;174;165;155mm[38;2;174;165;157mm[38;2;168;159;153mR[38;2;179;170;162mm[38;2;174;166;155mm[38;2;117;108;95mF[38;2;138;126;112mV[38;2;164;152;137mQ[38;2;169;157;142mm[38;2;165;154;139mm[38;2;178;167;154mm[38;2;125;104;87mz[38;2;96;71;53m([38;2;90;66;52m*[38;2;91;73;61m=[38;2;167;155;144m6[38;2;130;127;115mn[38;2;84;85;74m=[38;2;88;84;75m*[38;2;91;87;78m*[38;2;93;89;80m([38;2;93;89;80m([38;2;92;88;77m*[38;2;91;87;76m*[38;2;94;90;79m([38;2;91;87;76m*[38;2;91;87;77m*[38;2;92;88;77m*[38;2;91;87;76m([38;2;91;87;76m([38;2;91;87;76m([38;2;88;84;73m*[38;2;88;84;73m*[38;2;88;84;73m*[38;2;90;85;73m*[38;2;91;85;73m([38;2;116;110;98mJ[38;2;172;166;154mm[38;2;164;161;149mg[38;2;35;35;26m;[38;2;8;10;2m`[38;2;13;18;12m-[38;2;52;59;50m<[38;2;53;61;50m![38;2;77;85;74mr[38;2;104;112;101m7[38;2;99;105;97m?[38;2;119;123;114m2[38;2;74;76;65mr[38;2;77;76;63m?[38;2;120;120;105my[38;2;86;85;70mr[38;2;115;112;97m7[38;2;81;74;60ml[38;2;111;106;91mJ[38;2;146;142;127m1[38;2;106;103;87mt[38;2;108;104;88m([38;2;109;103;85m([38;2;117;109;90m([38;2;114;106;87m([0m
[38;2;184;177;174mm[38;2;184;178;174mm[38;2;183;176;173mm[38;2;183;176;173mm[38;2;181;176;172mm[38;2;181;176;172mm[38;2;180;175;171mm[38;2;180;175;171mm[38;2;184;175;170mm[38;2;174;165;157mg[38;2;165;156;146mK[38;2;144;136;123me[38;2;49;51;38m~[38;2;45;48;34m~[38;2;51;51;40m~[38;2;143;140;128mU[38;2;142;134;120mV[38;2;108;99;84mf[38;2;102;93;78mJ[38;2;136;127;112m2[38;2;72;67;57mL[38;2;40;36;25m~[38;2;48;44;33m"[38;2;80;76;64m<[38;2;118;111;100m([38;2;174;166;155mR[38;2;181;173;162mm[38;2;136;128;117mh[38;2;70;68;57m>[38;2;55;55;45m\[38;2;57;57;47m/[38;2;59;59;49m/[38;2;60;59;49m/[38;2;69;66;57m<[38;2;64;61;52m/[38;2;67;64;55m>[38;2;63;60;51m/[38;2;63;60;51m/[38;2;65;62;53m<[38;2;100;97;88m?[38;2;91;86;77m*[38;2;93;86;76m*[38;2;92;85;75m*[38;2;92;85;75m*[38;2;93;88;78m*[38;2;90;86;77m*[38;2;91;87;78m*[38;2;89;85;76m*[38;2;91;85;76m*[38;2;92;85;75m*[38;2;92;85;75m*[38;2;112;105;95mJ[38;2;181;174;164mm[38;2;176;170;159mg[38;2;153;147;132m0[38;2;116;112;90mz[38;2;116;111;85mz[38;2;116;113;84mz[38;2;117;112;88mz[38;2;120;115;97ms[38;2;172;166;151mw[38;2;145;139;127mE[38;2;118;112;100mz[38;2;166;160;148mR[38;2;171;164;153mR[38;2;180;171;162mm[38;2;180;171;162mm[38;2;182;173;164mm[38;2;186;177;169mm[38;2;172;163;158mR[38;2;186;177;169mm[38;2;180;171;161mm[38;2;125;117;104mC[38;2;148;135;126mV[38;2;173;161;151mR[38;2;189;176;167mm[38;2;183;171;162mm[38;2;188;177;165mB[38;2;163;142;125mD[38;2;109;84;66m2[38;2;103;80;65m2[38;2;102;90;76mV[38;2;165;156;144mR[38;2;143;136;125mV[38;2;87;83;73m=[38;2;85;81;72m=[38;2;87;83;74m*[38;2;89;85;76m*[38;2;91;87;78m*[38;2;90;86;75m*[38;2;89;85;74m*[38;2;90;86;75m*[38;2;88;84;73m*[38;2;89;85;74m*[38;2;89;85;74m*[38;2;89;85;74m*[38;2;89;85;74m*[38;2;90;86;75m*[38;2;90;86;75m*[38;2;91;87;76m*[38;2;92;88;77m*[38;2;93;87;75m*[38;2;93;87;75m([38;2;121;115;103mJ[38;2;173;167;155mm[38;2;154;151;139mD[38;2;31;31;22m;[38;2;7;8;1m`[38;2;12;16;10m-[38;2;17;24;14m-[38;2;31;39;28m~[38;2;84;92;81m([38;2;104;112;101mz[38;2;92;98;90mJ[38;2;98;101;93m+[38;2;56;57;47m<[38;2;93;92;79mz[38;2;122;122;107mZ[38;2;101;100;84mx[38;2;113;110;95ms[38;2;113;106;92m2[38;2;134;128;116mV[38;2;148;144;134m3[38;2;127;123;112m1[38;2;158;154;144mK[38;2;158;155;144mR[38;2;157;154;143mm[38;2;156;153;142mK[0m
[38;2;188;180;177m%[38;2;188;180;177m%[38;2;186;178;175mm[38;2;186;178;175mm[38;2;184;177;171mm[38;2;184;177;171mm[38;2;183;176;170mm[38;2;183;176;170mm[38;2;184;176;166mm[38;2;180;172;161mm[38;2;166;158;147mK[38;2;150;142;131m5[38;2;47;52;41m~[38;2;44;48;36m~[38;2;51;49;39m~[38;2;154;148;135mD[38;2;112;106;90ml[38;2;69;63;47m<[38;2;94;87;72m?[38;2;143;137;121mk[38;2;97;91;82m][38;2;26;19;11m-[38;2;41;34;24m_[38;2;50;44;31m~[38;2;148;141;129mV[38;2;170;162;151mQ[38;2;180;172;161mm[38;2;138;130;119ma[38;2;72;67;57m>[38;2;65;62;53m>[38;2;65;62;53m>[38;2;64;61;52m>[38;2;67;64;55m>[38;2;75;72;63m=[38;2;66;63;54m>[38;2;63;60;51m/[38;2;64;61;52m/[38;2;62;59;50m/[38;2;63;60;51m<[38;2;97;94;85m?[38;2;90;85;75m([38;2;94;87;77m([38;2;95;88;78m([38;2;93;86;76m([38;2;92;86;76m([38;2;93;86;76m([38;2;96;89;79m([38;2;94;87;77m([38;2;91;84;74m*[38;2;90;81;72m*[38;2;92;83;74m*[38;2;114;105;96mJ[38;2;181;174;165mm[38;2;177;173;162mm[38;2;152;149;133m0[38;2;114;112;90m7[38;2;114;112;86mz[38;2;112;110;88mz[38;2;111;110;85mz[38;2;115;113;89mz[38;2;171;166;156mw[38;2;141;136;119me[38;2;122;117;97ms[38;2;170;163;154mm[38;2;177;170;161mm[38;2;185;174;165mm[38;2;177;167;156mm[38;2;165;156;142mm[38;2;166;157;142mm[38;2;169;160;153mR[38;2;184;175;171mm[38;2;181;172;163mm[38;2;116;109;93mF[38;2;147;137;125mV[38;2;171;161;149mR[38;2;183;173;161mm[38;2;183;173;162mm[38;2;177;165;158mm[38;2;171;155;142m0[38;2;110;91;76mV[38;2;118;100;89mK[38;2;123;110;101m3[38;2;154;145;135mw[38;2;152;145;134mU[38;2;110;106;94mF[38;2;88;81;73m*[38;2;88;81;73m*[38;2;92;85;77m([38;2;92;85;77m([38;2;90;84;75m*[38;2;90;83;74m*[38;2;92;85;76m*[38;2;87;80;71m*[38;2;91;82;74m*[38;2;89;81;72m*[38;2;88;80;71m=[38;2;91;82;73m=[38;2;89;82;72m=[38;2;87;80;71m=[38;2;89;82;73m=[38;2;89;82;73m=[38;2;90;84;71m=[38;2;89;83;69m=[38;2;114;108;94mJ[38;2;157;151;137m3[38;2;151;144;133mU[38;2;28;26;17m;[38;2;7;10;2m`[38;2;8;17;9m-[38;2;12;20;11m-[38;2;47;55;44m~[38;2;78;86;75m*[38;2;97;105;94m7[38;2;74;80;71m?[38;2;89;92;84m?[38;2;46;48;37m"[38;2;70;69;56m<[38;2;125;122;109m2[38;2;134;130;117mb[38;2;147;143;129mO[38;2;159;155;141mK[38;2;158;153;140mK[38;2;160;156;142mK[38;2;134;131;117mV[38;2;160;157;143mK[38;2;159;156;143mK[38;2;160;156;143mK[38;2;160;156;143mK[0m
[38;2;187;179;176m%[38;2;187;179;176m%[38;2;184;176;173mm[38;2;184;176;173mm[38;2;183;175;170mm[38;2;180;173;167mm[38;2;179;172;166mm[38;2;179;172;166mm[38;2;175;166;156mm[38;2;133;125;114mz[38;2;169;161;150mm[38;2;162;154;144mD[38;2;117;112;105mV[38;2;120;115;106mV[38;2;123;118;108mO[38;2;114;109;96mV[38;2;131;125;110mb[38;2;130;124;108me[38;2;132;126;110mb[38;2;155;149;133m3[38;2;133;127;114mn[38;2;96;89;79mJ[38;2;137;130;120mh[38;2;38;31;25m_[38;2;127;119;110mJ[38;2;161;153;142mS[38;2;179;171;160mm[38;2;124;116;105mF[38;2;67;63;53m/[38;2;64;60;51m/[38;2;63;60;51m/[38;2;63;60;51m/[38;2;64;61;52m<[38;2;70;67;58m<[38;2;69;66;57m/[38;2;68;65;56m/[38;2;70;67;58m<[38;2;71;68;59m>[38;2;73;70;61m<[38;2;96;93;84m?[38;2;95;89;80m([38;2;99;92;82m([38;2;102;95;85m([38;2;102;95;85m([38;2;100;93;83m([38;2;97;90;80m([38;2;103;96;86m([38;2;104;97;87m([38;2;104;96;87m([38;2;100;91;82m([38;2;96;87;78m([38;2;116;107;98mz[38;2;180;173;163mm[38;2;168;164;154mg[38;2;151;148;132mE[38;2;125;123;101m7[38;2;124;122;99m7[38;2;125;122;104m7[38;2;125;122;102m7[38;2;122;119;100m([38;2;171;166;159mw[38;2;148;143;125mo[38;2;133;128;107mz[38;2;166;160;150mD[38;2;178;171;162mm[38;2;186;176;167mm[38;2;172;162;150mg[38;2;139;130;115m1[38;2;138;129;114m1[38;2;169;160;153mQ[38;2;182;173;169mm[38;2;178;169;161mm[38;2;111;103;87my[38;2;138;128;116m1[38;2;165;155;143mQ[38;2;177;167;155mm[38;2;175;166;154mm[38;2;173;164;151mm[38;2;188;170;152m&[38;2;123;103;82ms[38;2;119;105;87mz[38;2;130;117;107m1[38;2;140;131;121mV[38;2;170;163;151m6[38;2;133;129;117ma[38;2;96;90;81m([38;2;97;90;82m([38;2;100;92;84m([38;2;102;95;87m([38;2;100;94;80m([38;2;99;93;80m([38;2;93;87;73m*[38;2;94;88;74m*[38;2;100;92;79m([38;2;101;93;79m([38;2;102;94;80m([38;2;102;94;81m([38;2;99;93;78m([38;2;102;96;81m([38;2;100;94;80m([38;2;101;95;80m([38;2;100;94;80m([38;2;97;91;77m([38;2;127;121;107mJ[38;2;162;156;142mK[38;2;163;156;145mK[38;2;98;95;86m][38;2;15;18;10m-[38;2;9;17;10m-[38;2;13;22;12m-[38;2;50;58;47m~[38;2;63;71;60m>[38;2;86;94;83m([38;2;65;71;63m<[38;2;47;50;42m_[38;2;47;48;37m~[38;2;50;49;37m~[38;2;106;97;82m?[38;2;108;95;79m?[38;2;106;92;77m=[38;2;110;96;81m*[38;2;118;102;88m([38;2;122;104;90m?[38;2;118;100;86m([38;2;109;90;77m>[38;2;109;87;74m/[38;2;113;89;75m=[38;2;111;88;74m=[0m
[38;2;179;173;168m%[38;2;179;173;168m%[38;2;179;172;167mm[38;2;169;162;157mm[38;2;173;164;156mm[38;2;175;166;157mm[38;2;174;165;156mm[38;2;174;165;156mm[38;2;172;164;152mm[38;2;118;110;97m*[38;2;168;160;147mR[38;2;171;163;150mm[38;2;172;164;153mm[38;2;172;164;153mm[38;2;168;161;150mm[38;2;102;94;84mr[38;2;123;117;103m([38;2;141;135;121mV[38;2;126;120;106mz[38;2;133;127;113mJ[38;2;158;154;142mK[38;2;95;91;80mJ[38;2;180;176;165mm[38;2;84;79;69m?[38;2;139;132;121m3[38;2;163;155;144mK[38;2;168;160;149mQ[38;2;138;130;119mV[38;2;149;140;132mK[38;2;152;143;136mK[38;2;155;147;139mK[38;2;156;147;140mK[38;2;157;150;142mm[38;2;157;151;143mm[38;2;158;152;144mm[38;2;159;153;144mm[38;2;160;154;146mm[38;2;162;155;147mm[38;2;161;155;146mm[38;2;164;157;149mm[38;2;168;160;153mm[38;2;169;160;153mm[38;2;169;161;153mm[38;2;170;161;154mm[38;2;170;162;155mm[38;2;171;162;156mm[38;2;171;163;157mm[38;2;172;163;158mm[38;2;172;163;156mm[38;2;170;161;154mm[38;2;168;159;152mm[38;2;171;162;155mm[38;2;179;173;166mm[38;2;172;169;162mg[38;2;175;172;164mm[38;2;176;173;165mm[38;2;177;174;166mm[38;2;178;175;167mm[38;2;177;174;167mm[38;2;170;167;160mm[38;2;162;159;153mR[38;2;175;172;165mm[38;2;174;171;163mm[38;2;167;164;157mm[38;2;180;175;168mm[38;2;186;177;169mm[38;2;183;174;166mm[38;2;180;171;163mm[38;2;179;170;163mm[38;2;182;173;168mm[38;2;182;173;165mm[38;2;174;166;155mm[38;2;124;116;103my[38;2;133;126;114m2[38;2;127;120;108mn[38;2;83;77;65m<[38;2;108;101;89m?[38;2;143;133;120m2[38;2;184;174;158mB[38;2;135;113;98m1[38;2;160;140;124mK[38;2;164;151;141mK[38;2;158;149;138m#[38;2;183;176;165mB[38;2;164;159;147mR[38;2;147;139;128m3[38;2;152;143;132m#[38;2;157;148;137mK[38;2;159;151;140mK[38;2;162;153;140mK[38;2;164;156;143mm[38;2;164;156;143mm[38;2;164;155;142mm[38;2;166;155;146mm[38;2;166;155;146mm[38;2;168;157;148mm[38;2;168;157;148mm[38;2;165;158;147mm[38;2;165;158;147mm[38;2;164;157;146mm[38;2;164;157;146mm[38;2;165;159;147mm[38;2;167;160;148mm[38;2;165;158;146mm[38;2;147;141;128m#[38;2;119;114;107m1[38;2;155;153;147mS[38;2;156;156;150mm[38;2;63;65;59m;[38;2;22;28;19m-[38;2;42;49;39m~[38;2;62;69;58mi[38;2;60;66;56m<[38;2;57;60;53m<[38;2;59;64;56mi[38;2;35;41;29m~[38;2;58;56;45m<[38;2;84;75;63m"[38;2;86;72;64m=[38;2;101;80;75m([38;2;122;98;86mz[38;2;138;112;99m1[38;2;133;103;95ms[38;2;90;72;63m[[38;2;48;39;30m<[38;2;44;37;28m"[38;2;45;42;31m~[38;2;31;28;17m-[0m
[38;2;175;164;155m%[38;2;175;164;156mm[38;2;184;173;165m%[38;2;153;142;134mK[38;2;162;153;144mm[38;2;172;163;154mm[38;2;162;153;144mD[38;2;167;158;149mm[38;2;167;159;147mm[38;2;145;137;124mK[38;2;150;142;129mK[38;2;132;124;112mm[38;2;143;135;124mm[38;2;133;125;114mm[38;2;143;135;124mK[38;2;126;118;107ms[38;2;137;130;117ms[38;2;142;136;122mu[38;2;115;109;95mz[38;2;111;105;91m7[38;2;139;134;122mV[38;2;21;17;10m,[38;2;84;80;69m<[38;2;66;62;51m\[38;2;111;104;93mJ[38;2;188;180;169m%[38;2;167;159;148mD[38;2;150;142;131mV[38;2;179;171;162mm[38;2;180;171;164mm[38;2;181;172;165mm[38;2;182;173;166mm[38;2;182;175;167mm[38;2;182;175;167mm[38;2;183;176;168mm[38;2;184;177;169mm[38;2;184;177;169mm[38;2;184;177;169mm[38;2;184;177;169mm[38;2;185;178;170mm[38;2;185;177;170mm[38;2;186;177;170mm[38;2;185;176;169mm[38;2;184;175;168mm[38;2;186;177;171mm[38;2;185;177;172mm[38;2;183;175;170mm[38;2;183;174;170mm[38;2;183;174;168mm[38;2;182;173;166mm[38;2;182;173;166mm[38;2;179;171;164mm[38;2;175;169;162mm[38;2;166;164;157mg[38;2;169;167;159mm[38;2;166;163;156mm[38;2;166;163;156mm[38;2;167;164;157mm[38;2;168;165;158mm[38;2;165;162;155mm[38;2;164;161;154mR[38;2;167;164;157mm[38;2;166;163;156mm[38;2;159;156;149mK[38;2;172;167;161mm[38;2;179;169;167mm[38;2;176;167;164mm[38;2;179;170;167mm[38;2;170;161;158mm[38;2;167;158;153mm[38;2;160;151;143mm[38;2;164;155;145mm[38;2;163;155;142mD[38;2;133;127;115mk[38;2;133;127;115mb[38;2;129;123;111mP[38;2;121;115;103ms[38;2;150;144;133mK[38;2;162;156;142mw[38;2;145;127;114mU[38;2;148;131;116m3[38;2;160;147;137mK[38;2;155;146;136mK[38;2;173;166;154mw[38;2;169;165;154mm[38;2;149;145;136mK[38;2;145;140;132mK[38;2;145;140;132mK[38;2;147;142;134mm[38;2;149;143;139mm[38;2;152;146;143mm[38;2;151;145;142mm[38;2;152;146;143mm[38;2;150;146;140mK[38;2;149;146;139mK[38;2;148;144;138mK[38;2;152;148;141mK[38;2;144;144;136mK[38;2;145;145;137mK[38;2;143;143;135m#[38;2;142;142;134m3[38;2;141;141;132m3[38;2;136;136;126mV[38;2;127;127;117m2[38;2;114;114;104ms[38;2;106;108;101mJ[38;2;108;108;103mz[38;2;136;134;129m1[38;2;178;175;171mB[38;2;135;135;128m0[38;2;57;58;50m~[38;2;61;62;54m>[38;2;61;62;53m<[38;2;63;65;55m<[38;2;59;64;50m"[38;2;51;58;41m"[38;2;83;82;65m?[38;2;117;107;94mz[38;2;65;51;44m"[38;2;47;32;27m_[38;2;67;53;39m-[38;2;82;66;49m_[38;2;149;119;106mY[38;2;128;103;91m][38;2;61;55;40m/[38;2;27;25;14m_[38;2;44;42;31m"[38;2;70;68;56m<[0m
[38;2;173;149;116mD[38;2;180;164;148mR[38;2;187;179;172m%[38;2;175;167;158mm[38;2;178;169;161mm[38;2;181;172;165mm[38;2;178;169;162mm[38;2;177;168;161mm[38;2;176;167;158mm[38;2;142;133;124mO[38;2;139;130;120mU[38;2;133;124;114m1[38;2;135;131;120m2[38;2;134;129;118mV[38;2;135;127;117mO[38;2;115;105;96m1[38;2;149;141;129m3[38;2;159;152;138mS[38;2;145;137;124m3[38;2;141;134;120mV[38;2;145;140;127mY[38;2;72;68;59m"[38;2;40;36;24m-[38;2;30;26;15m-[38;2;75;66;57m<[38;2;177;168;159mm[38;2;170;163;153mg[38;2;94;91;79m<[38;2;101;104;95m<[38;2;107;112;105m?[38;2;111;116;108m([38;2;116;121;113m([38;2;118;121;114m7[38;2;118;120;113m([38;2;118;120;113m([38;2;127;129;122m1[38;2;117;119;112m?[38;2;112;114;107m([38;2;113;115;108m([38;2;114;116;109m7[38;2;112;116;109m7[38;2;110;115;108mx[38;2;117;121;114mz[38;2;114;118;111m1[38;2;117;121;115m1[38;2;110;114;108mz[38;2;110;114;109ms[38;2;109;113;107mx[38;2;109;114;108m7[38;2;109;115;107ms[38;2;105;112;104ms[38;2;105;111;103mz[38;2;111;117;109m1[38;2;126;130;121m1[38;2;144;145;137mO[38;2;142;141;133mb[38;2;144;142;134mO[38;2;142;142;134mb[38;2;149;149;141m3[38;2;148;148;140m#[38;2;139;138;130m3[38;2;147;145;136mK[38;2;147;148;138mK[38;2;124;127;117mn[38;2;124;129;119m1[38;2;125;131;124m2[38;2;123;129;122m2[38;2;136;142;134mA[38;2;105;112;104mz[38;2;100;107;98mz[38;2;90;93;83m([38;2;127;125;114mb[38;2;99;94;82m+[38;2;103;99;88mr[38;2;139;134;123mb[38;2;125;121;110m1[38;2;100;96;85my[38;2;99;93;85m([38;2;115;109;100mJ[38;2;162;147;132m0[38;2;117;94;72m([38;2;130;114;101m?[38;2;134;127;115m?[38;2;141;139;127mY[38;2;167;163;154m9[38;2;136;139;130me[38;2;110;115;105m1[38;2;103;112;101m7[38;2;104;114;103mz[38;2;110;118;110ms[38;2;112;120;112ms[38;2;115;123;115mu[38;2;117;125;117mu[38;2;121;129;122mZ[38;2;120;128;122mu[38;2;119;128;121mu[38;2;126;135;128mZ[38;2;116;125;117ms[38;2;115;124;116ms[38;2;107;116;107mz[38;2;102;110;102mz[38;2;98;106;98m([38;2;90;99;91m?[38;2;73;83;74m*[38;2;73;83;74m?[38;2;93;103;94m?[38;2;103;109;102mJ[38;2;133;136;130mb[38;2;135;136;130m2[38;2;158;159;152mH[38;2;178;179;171m%[38;2;118;119;111mC[38;2;47;48;40m~[38;2;61;64;55m<[38;2;66;68;57m>[38;2;66;73;58m<[38;2;90;90;75m?[38;2;125;102;94mJ[38;2;64;50;36mi[38;2;44;33;21m~[38;2;86;67;37m=[38;2;93;65;39mr[38;2;132;98;76mJ[38;2;158;128;107mU[38;2;146;120;101m3[38;2;140;116;100m#[38;2;144;119;106mb[38;2;159;134;120m3[0m
[38;2;181;163;157m%[38;2;183;173;165m&[38;2;185;180;170mm[38;2;176;167;159m&[38;2;180;171;164mw[38;2;184;175;168mm[38;2;183;174;167mm[38;2;185;176;169mm[38;2;182;173;164mm[38;2;173;164;155mm[38;2;93;84;75m}[38;2;54;45;36m~[38;2;71;68;57m>[38;2;48;43;32m~[38;2;83;75;65m=[38;2;175;166;156mm[38;2;174;166;154mm[38;2;145;137;124mU[38;2;127;119;106mY[38;2;141;133;120m2[38;2;155;150;137mK[38;2;108;104;92m?[38;2;57;53;41m"[38;2;19;15;5m:[38;2;52;44;34m~[38;2;140;131;122mT[38;2;182;176;166mm[38;2;79;76;65m*[38;2;57;62;53m<[38;2;64;73;65m?[38;2;107;116;107mU[38;2;81;91;82mu[38;2;87;93;85mb[38;2;88;92;85mb[38;2;93;96;90mu[38;2;103;107;100mY[38;2;86;89;82m1[38;2;82;84;77m1[38;2;82;85;78ms[38;2;89;92;85ms[38;2;96;98;92ms[38;2;89;91;85mx[38;2;101;103;96m1[38;2;122;124;117m1[38;2;121;122;115mY[38;2;96;97;89m*[38;2;87;88;80m![38;2;85;86;78m^[38;2;95;97;90mI[38;2;93;96;89m>[38;2;88;90;84m<[38;2;82;85;78m~[38;2;89;93;85m<[38;2;120;124;115m?[38;2;86;87;79mL[38;2;52;51;44m-[38;2;57;55;48m~[38;2;61;61;53m~[38;2;77;77;69m~[38;2;66;66;59m_[38;2;72;71;63m"[38;2;70;68;59m_[38;2;71;73;62m~[38;2;89;93;81m~[38;2;92;98;87m~[38;2;93;96;90m~[38;2;91;94;87m<[38;2;117;120;113mJ[38;2;84;86;80m<[38;2;88;85;80m<[38;2;80;78;70m\[38;2;125;122;111m2[38;2;87;83;71mf[38;2;95;91;80mz[38;2;117;113;103mu[38;2;115;111;100mx[38;2;97;93;82mf[38;2;115;110;100mx[38;2;103;101;93m1[38;2;179;173;162mg[38;2;130;115;99m7[38;2;126;108;96m([38;2;133;125;113m([38;2;138;136;124mz[38;2;179;175;166mm[38;2;166;159;153mg[38;2;125;119;113mV[38;2;100;97;90m7[38;2;78;78;70m([38;2;77;75;66m([38;2;77;75;66m+[38;2;71;69;61m*[38;2;85;83;74m([38;2;86;84;76m7[38;2;82;80;73m([38;2;95;93;86m7[38;2;119;117;110mn[38;2;78;80;70m7[38;2;75;78;67mz[38;2;60;62;52m([38;2;61;64;53m?[38;2;93;97;85m7[38;2;93;97;86mz[38;2;106;110;98m1[38;2;109;112;101m1[38;2;99;107;98ms[38;2;102;109;101mJ[38;2;134;138;131mV[38;2;148;150;143m3[38;2;149;151;143mD[38;2;135;136;128mb[38;2;175;176;168mB[38;2;172;173;165m%[38;2;92;95;86ml[38;2;37;38;28m_[38;2;68;74;60m<[38;2;72;73;57m=[38;2;115;94;87m?[38;2;37;27;22m;[38;2;37;32;18m~[38;2;50;35;16m-[38;2;101;76;47mr[38;2;144;109;86mJ[38;2;165;126;106mO[38;2;168;125;109m3[38;2;169;126;112mK[38;2;168;126;111mK[38;2;166;125;110mK[0m
[38;2;151;141;130mQ[38;2;163;154;142mg[38;2;164;156;143mK[38;2;155;146;134mm[38;2;168;158;151mm[38;2;165;155;148mm[38;2;168;158;151mm[38;2;171;161;154mm[38;2;171;157;149mm[38;2;153;142;132mD[38;2;120;110;100m3[38;2;96;89;77mO[38;2;93;86;78ms[38;2;88;80;72ms[38;2;119;111;103mb[38;2;142;134;126mR[38;2;145;138;124mm[38;2;137;130;114mm[38;2;129;122;107mK[38;2;123;116;101mU[38;2;133;127;111mV[38;2;124;118;105mk[38;2;48;45;35m"[38;2;27;26;16m_[38;2;68;60;47m<[38;2;117;108;96mJ[38;2;185;178;167mm[38;2;125;120;111mC[38;2;63;58;49m_[38;2;59;53;43m~[38;2;147;140;131mU[38;2;127;121;111m1[38;2;128;123;115mz[38;2;133;128;122m1[38;2;118;114;108mf[38;2;136;131;125m3[38;2;104;101;94m][38;2;67;65;57m~[38;2;76;74;66m=[38;2;81;79;70mr[38;2;92;89;81m=[38;2;98;94;88m*[38;2;95;91;85mr[38;2;87;83;77m~[38;2;130;128;121mX[38;2;138;137;131mE[38;2;82;81;76m~[38;2;84;84;78m~[38;2;97;95;89m~[38;2;104;102;94m~[38;2;99;97;89m~[38;2;98;96;88m~[38;2;89;87;80m~[38;2;133;131;125mz[38;2;129;126;121mz[38;2;86;83;78m=[38;2;101;98;91m=[38;2;111;108;98m([38;2;118;115;105m([38;2;110;108;98m([38;2;118;116;107m7[38;2;120;117;111m7[38;2;123;120;113m1[38;2;148;146;139mV[38;2;174;172;165mm[38;2;175;173;168mm[38;2;169;167;161mm[38;2;157;154;149m#[38;2;151;148;141mK[38;2;146;142;129mK[38;2;153;149;138mK[38;2;142;137;128mm[38;2;133;128;121mD[38;2;129;124;118mO[38;2;116;111;105mb[38;2;121;117;111m3[38;2;144;138;132mK[38;2;158;149;144m#[38;2;134;129;120m#[38;2;181;172;162mw[38;2;159;143;131mD[38;2;146;126;110mV[38;2;155;141;125mb[38;2;141;135;119mt[38;2;172;171;155m4[38;2;169;165;154m6[38;2;104;100;89m/[38;2;97;94;83m/[38;2;66;63;52m~[38;2;59;56;43m_[38;2;51;49;36m_[38;2;54;51;38m_[38;2;78;75;63m~[38;2;62;58;51m_[38;2;48;45;37m-[38;2;76;73;62m-[38;2;99;96;83m~[38;2;72;71;59m_[38;2;71;70;59m~[38;2;111;110;103mJ[38;2;135;133;128mK[38;2;137;135;127mm[38;2;160;157;148mm[38;2;130;128;118ma[38;2;109;106;97m?[38;2;105;104;93mt[38;2;121;123;113m1[38;2;127;130;122m1[38;2;140;145;138mV[38;2;152;154;147m3[38;2;160;161;154mK[38;2;151;152;146mD[38;2;158;159;153md[38;2;188;187;181m%[38;2;144;143;138m6[38;2;78;80;73m<[38;2;59;63;55m~[38;2;68;71;62m![38;2;39;40;30m_[38;2;48;43;28m~[38;2;68;56;33m<[38;2;79;70;48mr[38;2;57;61;50m<[38;2;52;55;44m"[38;2;60;49;37m~[38;2;61;50;36m\[38;2;65;57;38m<[38;2;64;57;37m![0m
[38;2;96;83;61m([38;2;120;107;85mV[38;2;113;101;78mu[38;2;113;100;78m1[38;2;112;101;74ms[38;2;103;91;64mz[38;2;99;87;61mz[38;2;102;90;64mz[38;2;118;107;80ms[38;2;110;100;76ms[38;2;52;45;29m"[38;2;30;24;12m-[38;2;25;22;13m:[38;2;13;11;4m`[38;2;38;36;28m~[38;2;46;44;36m_[38;2;63;55;34m<[38;2;100;90;65mz[38;2;101;91;66m7[38;2;73;64;40m+[38;2;37;29;14m-[38;2;47;41;32m~[38;2;37;34;26m;[38;2;27;26;17m;[38;2;60;48;38m~[38;2;92;77;66m?[38;2;186;174;165mm[38;2;172;162;155mg[38;2;65;57;48m/[38;2;56;49;39m/[38;2;129;122;113mY[38;2;168;161;151mQ[38;2;187;181;173m%[38;2;186;181;175m%[38;2;186;181;175m%[38;2;186;181;175m%[38;2;176;172;165m%[38;2;174;171;162mm[38;2;174;171;162mm[38;2;173;170;161mm[38;2;171;168;160mm[38;2;177;174;167mm[38;2;180;177;170mm[38;2;181;178;171mm[38;2;182;180;174mm[38;2;183;182;177m%[38;2;182;181;176m%[38;2;184;183;178m%[38;2;184;182;178m%[38;2;186;182;179m%[38;2;186;182;179m%[38;2;185;182;179m%[38;2;186;183;179m%[38;2;187;184;179m%[38;2;186;183;178m%[38;2;185;182;177m%[38;2;185;182;178m%[38;2;187;183;179m%[38;2;187;183;180m%[38;2;186;183;179m%[38;2;186;182;180m%[38;2;186;181;182m%[38;2;185;181;182m%[38;2;185;181;182m%[38;2;185;181;181m%[38;2;186;183;178m%[38;2;186;183;178m%[38;2;184;181;176m%[38;2;182;179;174mm[38;2;172;167;161mm[38;2;144;139;130mO[38;2;134;130;119ms[38;2;130;126;114mz[38;2;136;132;123mO[38;2;145;141;131mu[38;2;140;135;126mz[38;2;136;131;122ms[38;2;135;126;121m1[38;2;137;133;123mR[38;2;163;155;144mm[38;2;163;147;136m&[38;2;144;125;112mm[38;2;158;143;131mm[38;2;168;157;147mm[38;2;166;159;149mQ[38;2;184;176;167mm[38;2;180;171;162mB[38;2;167;158;149mm[38;2;148;140;130mu[38;2;137;129;118mY[38;2;149;141;130mm[38;2;132;124;113mV[38;2;159;151;140mm[38;2;163;154;145mm[38;2;142;133;122mP[38;2;124;116;101m7[38;2;83;76;58m\[38;2;71;65;49m<[38;2;106;101;87mz[38;2;130;124;113mY[38;2;145;139;130mm[38;2;132;128;119ms[38;2;160;157;148m3[38;2;163;160;151md[38;2;167;164;155mm[38;2;114;108;98m![38;2;137;132;124mY[38;2;161;159;152mQ[38;2;154;154;149mD[38;2;153;154;148mK[38;2;158;159;153mK[38;2;166;167;161mm[38;2;163;164;158mm[38;2;146;145;139mb[38;2;165;163;158mw[38;2;188;189;183m%[38;2;128;132;125me[38;2;68;77;73mr[38;2;55;64;50m/[38;2;62;64;37m"[38;2;74;66;42m<[38;2;68;61;46m^[38;2;50;60;52m<[38;2;58;65;53m<[38;2;84;74;57m([38;2;87;77;60mz[38;2;87;79;61mz[38;2;85;78;59m7[0m
[38;2;126;109;79ms[38;2;126;109;79mz[38;2;123;106;75mz[38;2;124;107;77mz[38;2;119;102;70m7[38;2;116;99;66mz[38;2;104;87;54m+[38;2;107;90;57m?[38;2;119;103;73m7[38;2;104;90;61m*[38;2;80;68;40m>[38;2;84;76;47m=[38;2;44;35;24m_[38;2;12;8;3m`[38;2;20;17;11m-[38;2;76;70;57m)[38;2;77;70;45m<[38;2;88;78;51m*[38;2;112;100;74mz[38;2;87;72;46mr[38;2;43;34;17m_[38;2;44;38;24m~[38;2;27;23;16m;[38;2;14;12;10m`[38;2;51;41;26m~[38;2;78;65;45m>[38;2;163;151;140mS[38;2;190;180;173m%[38;2;126;114;101mF[38;2;61;47;35m~[38;2;79;68;59m<[38;2;170;161;152mm[38;2;186;180;174m%[38;2;185;181;176m%[38;2;186;182;177mm[38;2;188;185;179m%[38;2;181;178;173m%[38;2;176;172;168m%[38;2;175;171;168mm[38;2;167;163;160mg[38;2;172;169;165mm[38;2;174;170;167mm[38;2;169;166;162mm[38;2;172;168;164mm[38;2;184;180;176m%[38;2;189;185;182m%[38;2;189;185;182m%[38;2;189;186;182m%[38;2;190;186;183m%[38;2;190;186;183m%[38;2;189;185;183m%[38;2;189;185;182m%[38;2;189;186;182m%[38;2;188;187;183m%[38;2;187;185;181m%[38;2;186;185;181m%[38;2;189;188;183m%[38;2;189;188;183m%[38;2;189;188;183m%[38;2;190;188;184m%[38;2;190;188;184m%[38;2;189;187;183m%[38;2;189;187;183m%[38;2;190;188;184m%[38;2;189;188;184m%[38;2;190;189;185m%[38;2;190;189;185m%[38;2;190;188;184m%[38;2;187;186;181m%[38;2;187;184;177m%[38;2;174;172;161m%[38;2;149;147;133mg[38;2;142;140;125mb[38;2;137;135;121m2[38;2;138;136;122m1[38;2;133;131;118mZ[38;2;89;87;74m![38;2;74;71;57m~[38;2;74;70;56m<[38;2;133;125;111mz[38;2;160;148;136ma[38;2;103;97;86m~[38;2;107;102;92m\[38;2;108;102;93m~[38;2;117;112;102m<[38;2;165;161;148m0[38;2;95;89;76m*[38;2;136;127;116ms[38;2;148;137;127m2[38;2;140;133;120m2[38;2;139;132;120mb[38;2;144;138;125mO[38;2;143;136;123mK[38;2;149;137;128mP[38;2;142;129;118m2[38;2;136;124;109m2[38;2;123;112;95mx[38;2;121;112;96mz[38;2;122;114;99mz[38;2;118;110;95m7[38;2;126;117;103m([38;2;140;135;126m1[38;2;151;146;140m3[38;2;171;166;159mm[38;2;171;166;159mm[38;2;165;161;153mm[38;2;168;164;155mm[38;2;121;117;109ms[38;2;147;144;136mV[38;2;147;147;139mK[38;2;147;147;139m#[38;2;157;157;150mK[38;2;163;163;156mK[38;2;168;167;161mm[38;2;157;156;151mg[38;2;149;148;143mV[38;2;183;182;177mB[38;2;177;176;171m%[38;2;94;94;88mL[38;2;16;15;7m`[38;2;14;13;6m`[38;2;13;16;9m`[38;2;48;64;56m<[38;2;45;48;34m"[38;2;58;51;29m~[38;2;62;57;34m<[38;2;66;57;33m/[38;2;65;56;32m/[0m
[38;2;103;88;61m7[38;2;93;78;51m*[38;2;88;73;46mr[38;2;81;66;39mr[38;2;70;56;28m"[38;2;70;57;28m/[38;2;75;62;32m>[38;2;66;53;24m\[38;2;71;54;27m/[38;2;69;54;26m<[38;2;72;59;29m>[38;2;77;67;37m<[38;2;40;32;16m_[38;2;17;13;3m-[38;2;20;18;8m-[38;2;80;73;54ml[38;2;60;52;26m~[38;2;70;60;33m<[38;2;82;69;43m<[38;2;72;56;31m"[38;2;48;39;21m_[38;2;47;42;25m~[38;2;23;19;12m'[38;2;26;24;22m-[38;2;36;30;15m_[38;2;90;82;59m+[38;2;115;103;91mJ[38;2;197;182;177m%[38;2;177;161;149m6[38;2;109;94;81m[[38;2;95;84;72m*[38;2;167;157;148mw[38;2;188;182;176m%[38;2;189;186;181m%[38;2;188;185;180m%[38;2;194;191;186m%[38;2;192;189;185m%[38;2;192;188;185m%[38;2;191;187;184m%[38;2;193;189;186m%[38;2;189;185;182m%[38;2;189;185;182m%[38;2;191;187;184m%[38;2;192;188;185m%[38;2;193;189;186m%[38;2;193;189;186m%[38;2;193;189;186m%[38;2;193;189;186m%[38;2;193;189;186m%[38;2;192;188;185m%[38;2;192;188;185m%[38;2;193;189;186m%[38;2;193;190;186m%[38;2;192;191;187m%[38;2;192;191;187m%[38;2;192;191;187m%[38;2;191;190;186m%[38;2;193;192;188m%[38;2;193;192;188m%[38;2;193;192;188m%[38;2;193;192;188m%[38;2;193;192;188m%[38;2;193;192;188m%[38;2;193;192;188m%[38;2;193;192;188m%[38;2;193;192;188m%[38;2;193;192;188m%[38;2;192;191;187m%[38;2;192;190;187m%[38;2;194;190;190m%[38;2;194;190;187m%[38;2;192;189;183m%[38;2;192;189;181m%[38;2;190;186;181m%[38;2;189;186;181m%[38;2;187;184;179m%[38;2;187;184;178m%[38;2;184;179;174m%[38;2;176;172;168m%[38;2;159;158;152mD[38;2;160;160;155m3[38;2;153;158;151m#[38;2;150;155;147mK[38;2;147;153;145m#[38;2;154;159;151mK[38;2;157;159;148m#[38;2;149;149;139mU[38;2;161;157;148mQ[38;2;179;173;165m%[38;2;179;172;164mm[38;2;179;172;164mm[38;2;175;168;160mm[38;2;172;165;157mK[38;2;177;168;163mK[38;2;178;169;162mA[38;2;186;178;167mB[38;2;182;174;161m&[38;2;178;172;165md[38;2;188;183;177mm[38;2;185;180;174mm[38;2;194;188;182m%[38;2;192;187;181m%[38;2;184;179;173mm[38;2;189;184;178mm[38;2;193;188;182m%[38;2;182;178;170mg[38;2;133;130;121mt[38;2;160;157;148mA[38;2;157;154;145mD[38;2;143;143;134mK[38;2;150;149;141mQ[38;2;161;161;153mm[38;2;159;159;151mK[38;2;162;161;155mK[38;2;168;167;162mm[38;2;164;163;158mm[38;2;150;149;144mD[38;2;161;160;155mA[38;2;191;190;185m%[38;2;147;146;141m9[38;2;49;48;43m_[38;2;14;19;12m-[38;2;52;69;60m<[38;2;68;71;55m<[38;2;94;86;64m([38;2;100;94;71m([38;2;105;95;70m7[38;2;105;95;70mz[0m
[38;2;129;117;89m2[38;2;127;116;88m2[38;2;124;112;85m1[38;2;127;115;87m2[38;2;122;107;75ms[38;2;115;99;67mz[38;2;122;106;74ms[38;2;126;110;78m2[38;2;133;117;87mV[38;2;132;117;87m2[38;2;122;108;77ms[38;2;125;110;80m1[38;2;82;72;52mc[38;2;35;29;19m-[38;2;42;39;21m-[38;2;93;85;62mt[38;2;108;94;68m?[38;2;126;111;85ms[38;2;131;115;89ms[38;2;133;117;91ms[38;2;88;76;52m![38;2;57;51;29m~[38;2;20;17;11m,[38;2;14;16;10m-[38;2;44;43;30m"[38;2;100;91;67m?[38;2;85;68;54m=[38;2;187;172;163mw[38;2;192;181;173m%[38;2;96;83;74mI[38;2;78;63;54m<[38;2;91;80;71m?[38;2;177;171;164mg[38;2;182;178;173mB[38;2;190;185;181m%[38;2;193;188;184m%[38;2;194;189;186m%[38;2;189;185;182m%[38;2;191;187;184m%[38;2;188;184;181m%[38;2;192;188;185m%[38;2;191;187;184m%[38;2;191;187;184m%[38;2;190;186;183m%[38;2;186;184;180mm[38;2;186;186;182mm[38;2;193;193;188m%[38;2;192;193;188m%[38;2;193;193;188m%[38;2;194;193;189m%[38;2;194;193;189m%[38;2;194;193;189m%[38;2;194;193;189m%[38;2;195;194;190m%[38;2;195;194;190m%[38;2;194;193;189m%[38;2;194;193;189m%[38;2;194;193;189m%[38;2;194;193;189m%[38;2;194;193;189m%[38;2;194;193;189m%[38;2;194;193;189m%[38;2;194;193;189m%[38;2;195;194;190m%[38;2;195;194;190m%[38;2;195;194;190m%[38;2;195;194;190m%[38;2;195;194;190m%[38;2;196;194;190m%[38;2;196;195;191m%[38;2;196;195;190m%[38;2;195;193;189m%[38;2;192;191;186m%[38;2;191;188;182m%[38;2;188;185;180m%[38;2;186;183;178m%[38;2;193;190;184m%[38;2;195;193;189m%[38;2;194;193;189m%[38;2;193;192;189m%[38;2;193;192;188m%[38;2;191;192;187m%[38;2;192;192;187m%[38;2;191;191;186m%[38;2;191;191;186m%[38;2;192;190;183m%[38;2;192;190;183m%[38;2;195;192;185m%[38;2;195;191;184m%[38;2;195;190;186m%[38;2;193;188;184m%[38;2;192;186;182m%[38;2;187;181;177m%[38;2;183;178;173mm[38;2;183;178;173mB[38;2;187;181;176m%[38;2;190;184;178m%[38;2;193;189;183m%[38;2;193;189;184m%[38;2;188;183;178m%[38;2;178;174;169mm[38;2;179;174;164mB[38;2;164;159;148mm[38;2;174;169;159mm[38;2;160;155;145m0[38;2;175;169;161mw[38;2;189;183;176m%[38;2;179;173;167mm[38;2;176;170;164mm[38;2;140;136;126ma[38;2;135;131;121mJ[38;2;150;147;136mU[38;2;167;163;153mR[38;2;162;161;152mK[38;2;162;161;154mK[38;2;165;165;158mm[38;2;168;167;160mm[38;2;164;163;157mm[38;2;152;151;146mO[38;2;173;172;167mw[38;2;193;192;187m%[38;2;126;128;122ma[38;2;112;117;108mz[38;2;123;123;110m1[38;2;137;134;116m2[38;2;148;142;123mV[38;2;162;153;135mB[38;2;152;144;125mD[0m
[38;2;129;114;87m1[38;2;133;118;91ms[38;2;134;119;92m1[38;2;141;126;99m1[38;2;133;117;85ms[38;2;130;114;81ms[38;2;129;113;80ms[38;2;124;108;75m7[38;2;128;113;82mz[38;2;132;117;86ms[38;2;129;114;83ms[38;2;140;125;95m2[38;2;89;79;54mL[38;2;28;23;6m-[38;2;42;40;20m~[38;2;95;88;59m*[38;2;117;103;76mz[38;2;121;105;79mz[38;2;115;99;73m7[38;2;104;88;62m+[38;2;71;59;34m"[38;2;49;42;22m~[38;2;18;15;10m,[38;2;7;9;3m [38;2;39;37;25m_[38;2;84;75;54m?[38;2;96;80;64ml[38;2;166;153;137mS[38;2;203;193;184m%[38;2;146;133;124mC[38;2;67;51;43m<[38;2;101;89;80m?[38;2;173;167;160mw[38;2;176;171;167mm[38;2;188;183;179m%[38;2;193;188;184m%[38;2;193;188;185m%[38;2;190;186;183m%[38;2;190;186;183m%[38;2;188;184;181mB[38;2;194;190;187m%[38;2;194;190;187m%[38;2;194;190;187m%[38;2;194;190;187m%[38;2;194;192;188m%[38;2;193;194;189m%[38;2;193;194;189m%[38;2;193;194;189m%[38;2;194;194;189m%[38;2;195;194;190m%[38;2;195;194;190m%[38;2;196;195;191m%[38;2;196;195;191m%[38;2;197;196;192m%[38;2;196;195;191m%[38;2;195;194;190m%[38;2;195;194;190m%[38;2;196;195;191m%[38;2;196;195;191m%[38;2;196;195;191m%[38;2;195;194;190m%[38;2;195;194;190m%[38;2;195;194;190m%[38;2;196;195;191m%[38;2;196;195;191m%[38;2;196;195;191m%[38;2;196;195;191m%[38;2;197;196;192m%[38;2;197;196;192m%[38;2;197;196;192m%[38;2;197;196;192m%[38;2;197;196;192m%[38;2;197;196;192m%[38;2;197;194;189m%[38;2;194;191;186m%[38;2;192;189;184m%[38;2;190;187;183m%[38;2;192;191;187m%[38;2;194;193;189m%[38;2;197;196;192m%[38;2;195;194;190m%[38;2;193;192;188m%[38;2;193;192;188m%[38;2;189;188;184m%[38;2;191;190;186m%[38;2;185;183;176m%[38;2;174;171;164mR[38;2;173;170;163mm[38;2;163;160;153mK[38;2;177;172;168mm[38;2;178;173;169mw[38;2;179;174;170mm[38;2;184;179;174m%[38;2;189;185;175m%[38;2;190;186;176m%[38;2;178;174;164m&[38;2;168;164;154mm[38;2;172;168;157mm[38;2;180;176;165m%[38;2;181;177;167m%[38;2;159;155;145mm[38;2;147;138;125mD[38;2;124;115;100mb[38;2;115;105;90mz[38;2;128;118;104m1[38;2;169;162;154mQ[38;2;182;175;169mm[38;2;182;175;169m%[38;2;165;158;151mm[38;2;169;164;154mm[38;2;178;174;163mm[38;2;165;161;150mg[38;2;139;135;124m#[38;2;120;119;110mn[38;2;140;139;131mK[38;2;152;152;144m3[38;2;161;161;153mK[38;2;170;169;163mm[38;2;171;170;165mm[38;2;164;163;158mm[38;2;164;163;158md[38;2;154;154;148mb[38;2;146;146;139ms[38;2;141;143;134ms[38;2;144;148;138ms[38;2;145;146;137ms[38;2;122;119;111m([38;2;105;102;94ml[0m
[38;2;26;25;14m`[38;2;37;36;24m`[38;2;35;34;21m`[38;2;29;28;16m`[38;2;27;24;13m.[38;2;33;29;19m`[38;2;36;32;21m.[38;2;39;35;25m-[38;2;32;26;15m.[38;2;26;23;12m`[38;2;33;29;15m.[38;2;98;87;64m<[38;2;81;69;45m"[38;2;22;18;3m-[38;2;69;60;39m<[38;2;79;64;38m<[38;2;101;88;62m<[38;2;116;103;77m*[38;2;122;109;83mz[38;2;110;97;71m+[38;2;91;78;53m=[38;2;60;50;34m"[38;2;18;16;11m,[38;2;4;8;1m`[38;2;14;18;8m-[38;2;48;43;27m~[38;2;140;118;103mo[38;2;135;116;102mY[38;2;200;191;181m%[38;2;183;172;162m8[38;2;104;91;80m([38;2;111;97;83mz[38;2;156;148;137mH[38;2;190;185;177m%[38;2;195;190;184m%[38;2;196;191;188m%[38;2;196;192;189m%[38;2;196;192;189m%[38;2;194;190;187m%[38;2;194;190;187m%[38;2;194;190;187m%[38;2;195;191;188m%[38;2;196;192;189m%[38;2;197;193;190m%[38;2;196;193;189m%[38;2;194;193;189m%[38;2;194;193;189m%[38;2;194;193;189m%[38;2;194;193;189m%[38;2;195;194;190m%[38;2;195;194;190m%[38;2;196;195;191m%[38;2;196;195;191m%[38;2;197;196;192m%[38;2;197;196;192m%[38;2;196;195;191m%[38;2;196;195;191m%[38;2;196;195;191m%[38;2;196;195;191m%[38;2;195;194;190m%[38;2;195;194;190m%[38;2;196;195;191m%[38;2;196;195;191m%[38;2;196;195;191m%[38;2;196;195;191m%[38;2;197;196;192m%[38;2;197;196;192m%[38;2;197;196;192m%[38;2;197;196;192m%[38;2;197;196;192m%[38;2;197;196;192m%[38;2;197;196;192m%[38;2;197;196;192m%[38;2;197;196;192m%[38;2;197;196;192m%[38;2;197;196;192m%[38;2;197;196;192m%[38;2;195;194;190m%[38;2;197;196;192m%[38;2;196;195;191m%[38;2;195;194;190m%[38;2;195;194;190m%[38;2;195;194;190m%[38;2;196;195;191m%[38;2;197;196;192m%[38;2;196;195;190m%[38;2;196;195;190m%[38;2;194;193;188m%[38;2;192;190;186m%[38;2;194;191;186m%[38;2;192;188;184m%[38;2;179;175;170mg[38;2;177;174;169mm[38;2;173;169;159mm[38;2;169;165;155mm[38;2;172;168;157mm[38;2;172;168;157mm[38;2;150;141;129mU[38;2;149;139;126m#[38;2;155;145;132mQ[38;2;158;148;135mm[38;2;125;114;98mu[38;2;156;144;128md[38;2;152;140;123mD[38;2;161;149;132m3[38;2;183;173;161mm[38;2;187;177;168m%[38;2;190;180;171m%[38;2;182;172;163m%[38;2;165;156;147mm[38;2;160;152;142mK[38;2;162;154;145mw[38;2;152;144;135m%[38;2;132;127;117mO[38;2;112;109;98mP[38;2;97;94;83m=[38;2;137;133;123mO[38;2;161;157;151mQ[38;2;174;171;166mm[38;2;176;175;170mm[38;2;170;171;165mm[38;2;113;120;114ms[38;2;102;113;107ms[38;2;104;115;107ms[38;2;103;115;104m7[38;2;104;115;105mx[38;2;101;110;101mz[38;2;65;71;63m)[0m
[38;2;11;10;4m`[38;2;11;11;5m:[38;2;9;9;2m`[38;2;9;8;2m`[38;2;24;19;13m-[38;2;14;9;3m.[38;2;13;8;3m.[38;2;28;23;17m-[38;2;36;34;22m_[38;2;28;29;18m-[38;2;31;31;16m~[38;2;101;95;71m?[38;2;135;123;98m2[38;2;41;37;21m_[38;2;92;81;59m?[38;2;117;101;75mz[38;2;137;124;98m1[38;2;148;136;110m2[38;2;137;125;99m2[38;2;138;126;100m2[38;2;125;112;86mx[38;2;79;69;53m![38;2;18;15;10m,[38;2;2;7;0m`[38;2;7;12;2m`[38;2;31;27;12m-[38;2;157;135;120m3[38;2;106;85;72m?[38;2;181;172;161mw[38;2;206;196;186m%[38;2;135;123;111mD[38;2;97;82;68m([38;2;126;117;105mX[38;2;183;179;170m%[38;2;189;184;178m%[38;2;191;186;182m%[38;2;195;191;188m%[38;2;196;192;189m%[38;2;195;191;188m%[38;2;192;188;185m%[38;2;195;191;188m%[38;2;196;192;189m%[38;2;195;191;188m%[38;2;195;191;188m%[38;2;194;191;188m%[38;2;194;193;189m%[38;2;194;193;189m%[38;2;194;193;189m%[38;2;196;195;191m%[38;2;195;194;190m%[38;2;195;194;190m%[38;2;196;195;191m%[38;2;195;194;190m%[38;2;195;194;190m%[38;2;195;194;190m%[38;2;195;194;190m%[38;2;195;194;190m%[38;2;194;193;189m%[38;2;194;193;189m%[38;2;194;193;189m%[38;2;194;193;189m%[38;2;195;194;190m%[38;2;195;194;190m%[38;2;195;194;190m%[38;2;195;194;190m%[38;2;197;196;192m%[38;2;197;196;192m%[38;2;196;195;191m%[38;2;196;195;191m%[38;2;196;195;191m%[38;2;196;195;191m%[38;2;197;196;192m%[38;2;197;196;192m%[38;2;196;195;191m%[38;2;196;195;191m%[38;2;196;195;191m%[38;2;196;195;191m%[38;2;196;195;191m%[38;2;196;195;191m%[38;2;194;193;189m%[38;2;194;193;189m%[38;2;194;193;189m%[38;2;194;193;189m%[38;2;192;191;187m%[38;2;192;191;187m%[38;2;191;190;186m%[38;2;185;184;180m%[38;2;188;187;183m%[38;2;188;187;183m%[38;2;189;186;181m%[38;2;190;187;182m%[38;2;192;189;184m%[38;2;180;177;172mw[38;2;191;186;182m%[38;2;173;168;163mR[38;2;187;182;178m%[38;2;176;171;166mm[38;2;171;164;155mm[38;2;175;169;159m%[38;2;187;181;171m%[38;2;193;186;176m%[38;2;187;176;165mm[38;2;172;160;148mK[38;2;162;150;138mU[38;2;148;135;124m2[38;2;144;134;124mV[38;2;149;139;129m2[38;2;155;145;135m2[38;2;160;150;140mO[38;2;161;152;143mO[38;2;163;154;145m3[38;2;169;160;151mw[38;2;160;151;142mD[38;2;140;134;124mU[38;2;71;67;56m"[38;2;94;90;79mJ[38;2;94;90;79mt[38;2;91;87;80m<[38;2;149;146;141md[38;2;171;170;165mm[38;2;176;178;171mm[38;2;137;145;140mb[38;2;129;140;135m2[38;2;124;135;127m2[38;2;119;131;120ms[38;2;106;117;107mx[38;2;112;120;112mz[38;2;73;78;71m)[0m
[38;2;11;11;5m-[38;2;12;12;7m:[38;2;9;9;2m`[38;2;9;9;2m`[38;2;20;21;11m-[38;2;13;14;5m-[38;2;17;18;8m.[38;2;31;32;21m~[38;2;45;43;31m~[38;2;37;32;24m-[38;2;36;29;20m_[38;2;113;103;86m?[38;2;148;136;118mV[38;2;137;126;107mk[38;2;116;104;82m7[38;2;131;118;92m1[38;2;142;128;105m1[38;2;151;137;115m2[38;2;152;137;116mO[38;2;148;134;112m2[38;2;140;130;109m2[38;2;89;82;66mj[38;2;19;17;10m-[38;2;3;6;2m`[38;2;9;13;6m-[38;2;56;51;36m"[38;2;147;129;111mY[38;2;118;100;81my[38;2;133;122;107mJ[38;2;202;195;184m%[38;2;168;158;150m6[38;2;73;54;46m<[38;2;79;64;53m>[38;2;149;139;129mT[38;2;184;176;168mw[38;2;189;184;177m%[38;2;193;189;185m%[38;2;194;190;187m%[38;2;194;190;187m%[38;2;191;187;184m%[38;2;193;189;186m%[38;2;194;190;187m%[38;2;194;190;187m%[38;2;193;189;186m%[38;2;193;190;187m%[38;2;192;191;187m%[38;2;193;192;188m%[38;2;194;193;189m%[38;2;195;194;190m%[38;2;196;195;191m%[38;2;195;194;190m%[38;2;194;193;189m%[38;2;194;193;189m%[38;2;195;194;190m%[38;2;196;195;191m%[38;2;197;196;192m%[38;2;197;196;192m%[38;2;196;195;191m%[38;2;196;195;191m%[38;2;196;195;191m%[38;2;196;195;191m%[38;2;195;194;190m%[38;2;195;194;190m%[38;2;195;194;190m%[38;2;195;194;190m%[38;2;196;195;191m%[38;2;196;195;191m%[38;2;196;195;191m%[38;2;196;195;191m%[38;2;195;194;190m%[38;2;195;194;190m%[38;2;196;195;191m%[38;2;196;195;191m%[38;2;195;194;190m%[38;2;195;194;190m%[38;2;195;194;190m%[38;2;195;194;190m%[38;2;198;197;193m%[38;2;195;194;190m%[38;2;194;193;189m%[38;2;194;193;189m%[38;2;197;196;192m%[38;2;197;196;192m%[38;2;195;194;190m%[38;2;195;194;190m%[38;2;193;192;188m%[38;2;192;191;187m%[38;2;192;191;187m%[38;2;195;194;190m%[38;2;195;194;190m%[38;2;193;191;187m%[38;2;193;192;188m%[38;2;193;192;187m%[38;2;193;189;185m%[38;2;194;190;186m%[38;2;195;192;187m%[38;2;193;189;185m%[38;2;190;186;180m%[38;2;193;190;183m%[38;2;196;192;185m%[38;2;195;191;184m%[38;2;196;192;186m%[38;2;197;192;187m%[38;2;196;192;186m%[38;2;195;190;184m%[38;2;204;197;191m%[38;2;202;193;187m%[38;2;194;186;179m%[38;2;186;177;171m%[38;2;179;173;165mm[38;2;187;182;173m%[38;2;189;184;175m%[38;2;184;179;170m%[38;2;173;166;157mm[38;2;173;165;156mm[38;2;147;139;130mm[38;2;124;116;107ms[38;2;115;110;99m2[38;2;85;81;70m<[38;2;117;114;105mJ[38;2;168;165;159mR[38;2;141;145;139mO[38;2;132;142;134mO[38;2;129;139;131mb[38;2;125;135;126m2[38;2;119;127;117m2[38;2;102;108;96m7[38;2;60;65;53m![0m
[38;2;43;39;29m~[38;2;43;39;30m~[38;2;41;37;27m~[38;2;39;35;26m~[38;2;36;32;22m_[38;2;38;34;24m_[38;2;30;25;15m-[38;2;31;27;17m_[38;2;32;30;14m_[38;2;38;34;22m~[38;2;38;31;18m_[38;2;119;111;89mJ[38;2;147;135;117mb[38;2;148;136;116mb[38;2;119;107;84m7[38;2;132;120;94m1[38;2;152;138;116mV[38;2;153;138;117mb[38;2;148;133;112m2[38;2;149;134;113mb[38;2;140;130;109m1[38;2;89;83;66mj[38;2;18;16;10m,[38;2;7;10;7m`[38;2;5;8;2m`[38;2;76;71;56m<[38;2;137;120;101ms[38;2;142;124;105ma[38;2;114;98;83mJ[38;2;195;185;175mB[38;2;196;187;179m%[38;2;90;76;66m![38;2;93;79;68m<[38;2;104;93;82m<[38;2;183;174;165m&[38;2;186;180;173m%[38;2;188;184;179mB[38;2;192;188;185m%[38;2;193;189;186m%[38;2;190;186;183m%[38;2;192;188;185m%[38;2;194;190;187m%[38;2;195;191;188m%[38;2;194;190;187m%[38;2;193;190;187m%[38;2;191;190;186m%[38;2;192;191;187m%[38;2;194;193;189m%[38;2;195;194;190m%[38;2;196;195;191m%[38;2;196;195;191m%[38;2;196;195;191m%[38;2;196;195;191m%[38;2;196;195;191m%[38;2;196;195;191m%[38;2;197;196;192m%[38;2;197;196;192m%[38;2;197;196;192m%[38;2;197;196;192m%[38;2;196;195;191m%[38;2;196;195;191m%[38;2;195;194;190m%[38;2;195;194;190m%[38;2;195;194;190m%[38;2;195;194;190m%[38;2;196;195;191m%[38;2;196;195;191m%[38;2;195;194;190m%[38;2;195;194;190m%[38;2;195;194;190m%[38;2;195;194;190m%[38;2;195;194;190m%[38;2;195;194;190m%[38;2;195;194;190m%[38;2;195;194;190m%[38;2;194;193;189m%[38;2;196;195;191m%[38;2;196;195;191m%[38;2;196;195;191m%[38;2;194;193;189m%[38;2;194;193;189m%[38;2;196;195;191m%[38;2;196;195;191m%[38;2;196;195;191m%[38;2;196;195;191m%[38;2;195;194;190m%[38;2;195;194;190m%[38;2;194;193;189m%[38;2;194;193;189m%[38;2;194;193;189m%[38;2;194;193;189m%[38;2;193;192;188m%[38;2;194;193;189m%[38;2;196;193;188m%[38;2;196;193;188m%[38;2;196;193;188m%[38;2;194;191;186m%[38;2;191;188;181m%[38;2;188;185;178m%[38;2;185;182;175m%[38;2;184;181;174m%[38;2;180;177;172m%[38;2;183;180;175m%[38;2;183;180;175m%[38;2;187;184;179m%[38;2;197;194;188m%[38;2;198;195;188m%[38;2;199;196;189m%[38;2;197;194;187m%[38;2;191;188;179m%[38;2;194;190;181m%[38;2;197;193;184m%[38;2;192;188;179m%[38;2;183;175;166m%[38;2;165;156;147mD[38;2;156;147;138mA[38;2;147;138;129m3[38;2;100;95;80m[[38;2;104;101;84m1[38;2;87;84;70mj[38;2;97;93;82m<[38;2;95;94;84m+[38;2;73;73;64m"[38;2;67;68;58m/[38;2;57;57;48m"[38;2;52;53;41m~[38;2;44;45;31m_[38;2;106;106;91mY[0m
[38;2;126;114;90mu[38;2;118;105;82mz[38;2;120;107;84mz[38;2;127;114;91m1[38;2;119;104;80mz[38;2;130;115;91m1[38;2;128;113;89ms[38;2;123;109;84m1[38;2;130;115;93m2[38;2;130;117;95m2[38;2;126;114;92ms[38;2;143;133;108mY[38;2;162;148;128m#[38;2;149;135;114m2[38;2;116;102;78mz[38;2;127;114;87mz[38;2;129;116;92m1[38;2;131;118;95m1[38;2;129;117;93ms[38;2;131;118;95mz[38;2;125;114;90m7[38;2;66;61;48mL[38;2;3;3;2m [38;2;16;18;14m-[38;2;4;8;1m`[38;2;59;56;40m<[38;2;138;122;104mu[38;2;149;132;116m3[38;2;92;74;59m=[38;2;181;168;155mw[38;2;207;198;190m%[38;2;132;122;112mC[38;2;75;59;48m~[38;2;96;80;69m?[38;2;177;166;157mw[38;2;184;178;170mB[38;2;192;188;181m%[38;2;194;189;184m%[38;2;196;191;186m%[38;2;196;192;186m%[38;2;198;193;189m%[38;2;198;193;190m%[38;2;198;193;189m%[38;2;196;191;187m%[38;2;189;186;182m%[38;2;184;183;179m%[38;2;189;188;183m%[38;2;193;192;188m%[38;2;194;193;189m%[38;2;195;194;190m%[38;2;196;195;191m%[38;2;196;195;191m%[38;2;196;195;191m%[38;2;195;194;190m%[38;2;195;194;190m%[38;2;196;195;191m%[38;2;196;195;191m%[38;2;196;195;191m%[38;2;195;194;190m%[38;2;196;195;191m%[38;2;196;195;191m%[38;2;195;194;190m%[38;2;193;192;188m%[38;2;194;193;189m%[38;2;194;193;189m%[38;2;195;194;190m%[38;2;195;194;190m%[38;2;195;194;190m%[38;2;195;194;190m%[38;2;195;194;190m%[38;2;195;194;190m%[38;2;195;194;190m%[38;2;195;194;190m%[38;2;194;193;189m%[38;2;194;193;189m%[38;2;194;193;189m%[38;2;194;193;189m%[38;2;194;193;189m%[38;2;194;193;189m%[38;2;195;194;190m%[38;2;195;194;190m%[38;2;196;195;191m%[38;2;196;195;191m%[38;2;195;194;190m%[38;2;195;194;190m%[38;2;195;194;190m%[38;2;195;194;190m%[38;2;190;189;185m%[38;2;190;189;185m%[38;2;191;190;186m%[38;2;193;192;188m%[38;2;192;191;187m%[38;2;193;192;188m%[38;2;194;191;186m%[38;2;193;190;185m%[38;2;192;189;184m%[38;2;184;181;175mm[38;2;169;163;157mK[38;2;162;156;149mR[38;2;170;163;157mm[38;2;181;174;168m%[38;2;181;177;171m%[38;2;178;173;167m%[38;2;191;186;180m%[38;2;194;189;183m%[38;2;202;202;195m%[38;2;205;206;199mW[38;2;203;204;197m%[38;2;202;202;196m%[38;2;204;203;198mW[38;2;206;204;199mW[38;2;205;203;198mW[38;2;204;203;197m%[38;2;206;201;196m%[38;2;199;193;186m%[38;2;193;188;179m%[38;2;173;169;157m%[38;2;159;153;139mm[38;2;110;103;90ma[38;2;114;107;93mJ[38;2;165;158;145mB[38;2;173;167;157m%[38;2;174;167;160m%[38;2;172;165;158m%[38;2;168;162;154m%[38;2;144;137;127m0[38;2;93;86;75m([38;2;171;164;153mQ[0m
[38;2;137;123;97mu[38;2;137;123;97ms[38;2;134;120;94ms[38;2;139;125;99m1[38;2;137;120;94ms[38;2;141;124;98m1[38;2;139;122;96ms[38;2;137;120;94m1[38;2;145;128;105m2[38;2;145;129;106m2[38;2;153;139;116mO[38;2;152;142;117m3[38;2;141;127;107mb[38;2;146;131;110mZ[38;2;95;80;56m=[38;2;116;102;75mz[38;2;135;123;98m1[38;2;129;117;93ms[38;2;138;126;102m2[38;2;148;136;112mV[38;2;125;114;89m7[38;2;64;60;48mL[38;2;4;5;5m`[38;2;10;12;8m.[38;2;3;7;0m [38;2;42;39;24m~[38;2;141;126;109m2[38;2;136;118;104mD[38;2;100;81;66ml[38;2;148;135;122mT[38;2;210;202;194m%[38;2;194;184;175m%[38;2;103;86;75m)[38;2;96;78;68m<[38;2;113;101;91m?[38;2;187;181;172m%[38;2;178;174;167m&[38;2;177;172;166mB[38;2;179;174;168m%[38;2;168;163;157mm[38;2;176;171;164mm[38;2;169;164;156mR[38;2;192;188;180m%[38;2;123;119;111m][38;2;70;67;58m~[38;2;67;67;57m~[38;2;62;62;52m~[38;2;84;84;75m<[38;2;168;167;160mw[38;2;194;193;189m%[38;2;195;194;190m%[38;2;195;194;190m%[38;2;195;194;190m%[38;2;194;193;189m%[38;2;194;193;189m%[38;2;195;194;190m%[38;2;194;193;189m%[38;2;194;193;189m%[38;2;195;194;190m%[38;2;196;195;191m%[38;2;196;195;191m%[38;2;195;194;190m%[38;2;193;192;188m%[38;2;194;193;189m%[38;2;194;193;189m%[38;2;194;193;189m%[38;2;195;194;190m%[38;2;195;194;190m%[38;2;195;194;190m%[38;2;196;195;191m%[38;2;196;195;191m%[38;2;196;195;191m%[38;2;196;195;191m%[38;2;196;195;191m%[38;2;196;195;191m%[38;2;196;195;191m%[38;2;195;194;190m%[38;2;194;193;189m%[38;2;194;193;189m%[38;2;195;194;190m%[38;2;195;194;190m%[38;2;196;195;191m%[38;2;196;195;191m%[38;2;197;196;192m%[38;2;197;196;192m%[38;2;196;195;191m%[38;2;196;195;191m%[38;2;194;193;189m%[38;2;191;190;186m%[38;2;192;191;187m%[38;2;194;193;189m%[38;2;194;193;189m%[38;2;194;193;189m%[38;2;200;197;192m%[38;2;201;198;193m%[38;2;199;196;191m%[38;2;197;194;189m%[38;2;186;179;170m%[38;2;162;156;146mm[38;2;157;150;141mK[38;2;160;154;144mK[38;2;172;167;160mK[38;2;178;173;167mm[38;2;173;168;162md[38;2;193;189;182mB[38;2;203;202;196m%[38;2;204;205;199m%[38;2;204;205;199mW[38;2;203;204;198mW[38;2;204;203;198m%[38;2;204;203;198m%[38;2;203;202;197m%[38;2;201;200;195m%[38;2;200;197;192m%[38;2;193;188;182mm[38;2;187;183;174mm[38;2;172;168;157mD[38;2;138;132;119ms[38;2;158;150;137mK[38;2;130;122;109mk[38;2;85;77;64m"[38;2;115;107;96m1[38;2;166;159;148mR[38;2;166;159;147mV[38;2;167;160;149md[38;2;168;161;148mg[38;2;159;152;137mR[38;2;163;155;140mK[0m
[38;2;147;132;114mb[38;2;154;139;120mb[38;2;149;133;115m2[38;2;149;133;115m2[38;2;142;126;106m2[38;2;155;140;119m3[38;2;142;126;106m2[38;2;151;135;115mV[38;2;154;138;118mO[38;2;149;134;114m2[38;2;155;141;121mO[38;2;153;139;119mU[38;2;141;125;108m1[38;2;125;110;90mx[38;2;73;58;37m<[38;2;121;107;81mz[38;2;121;109;86mx[38;2;115;103;81mz[38;2;125;113;90m7[38;2;136;124;102m1[38;2;136;124;102mu[38;2;62;56;44m)[38;2;2;5;2m`[38;2;8;7;5m [38;2;7;9;2m`[38;2;44;38;23m~[38;2;122;108;89mz[38;2;147;132;112mk[38;2;138;122;106mn[38;2;108;94;81mJ[38;2;195;184;173mB[38;2;203;194;184m%[38;2;146;134;125mh[38;2;81;67;59m<[38;2;98;86;77m7[38;2;168;157;149mS[38;2;189;180;171mm[38;2;183;175;166m%[38;2;171;163;154mm[38;2;158;150;141m#[38;2;176;169;160mB[38;2;166;159;149mD[38;2;132;126;116m1[38;2;160;153;143mD[38;2;84;80;70m([38;2;60;58;48mr[38;2;53;50;41m~[38;2;72;70;60m<[38;2;121;119;111mY[38;2;183;180;176mB[38;2;187;185;180mm[38;2;198;195;190m%[38;2;200;198;193m%[38;2;194;193;189m%[38;2;192;191;187m%[38;2;192;191;187m%[38;2;193;192;188m%[38;2;194;193;189m%[38;2;195;194;190m%[38;2;196;195;191m%[38;2;195;194;190m%[38;2;194;193;189m%[38;2;194;193;189m%[38;2;194;193;189m%[38;2;193;192;188m%[38;2;191;190;186m%[38;2;191;190;186m%[38;2;192;191;187m%[38;2;192;191;187m%[38;2;193;192;188m%[38;2;193;192;188m%[38;2;194;193;189m%[38;2;195;194;190m%[38;2;198;197;193m%[38;2;197;196;192m%[38;2;195;194;190m%[38;2;196;195;191m%[38;2;195;194;190m%[38;2;195;194;190m%[38;2;195;194;190m%[38;2;194;193;189m%[38;2;196;195;191m%[38;2;195;194;190m%[38;2;203;202;198m%[38;2;203;202;198m%[38;2;202;203;198m%[38;2;202;203;198m%[38;2;200;201;196m%[38;2;200;201;196m%[38;2;199;200;195m%[38;2;198;199;194m%[38;2;197;198;193m%[38;2;197;198;193m%[38;2;199;199;194m%[38;2;201;202;197m%[38;2;201;202;197m%[38;2;200;200;195m%[38;2;200;199;195m%[38;2;200;200;195m%[38;2;199;198;193m%[38;2;198;197;192m%[38;2;198;197;191m%[38;2;199;197;192m%[38;2;196;194;189m%[38;2;198;196;190m%[38;2;193;192;187m%[38;2;190;189;184m%[38;2;175;175;170mG[38;2;130;129;124mJ[38;2;203;202;197m%[38;2;204;203;198m%[38;2;203;202;197m%[38;2;200;199;194m%[38;2;197;194;188m%[38;2;197;192;186m%[38;2;194;189;182m%[38;2;187;183;175m%[38;2;179;174;163mm[38;2;156;150;138mg[38;2;145;139;127mV[38;2;155;149;137mO[38;2;131;124;110mu[38;2;119;113;97mn[38;2;97;90;75m([38;2;90;84;68ml[38;2;93;86;69m?[38;2;105;98;79m([38;2;104;97;78m([0m
[38;2;141;125;109m2[38;2;149;133;117m2[38;2;164;148;132md[38;2;160;144;128m#[38;2;152;137;118mO[38;2;159;144;125m3[38;2;141;126;107m2[38;2;147;132;113mV[38;2;163;148;129m3[38;2;161;146;127mD[38;2;151;136;117m2[38;2;147;132;113m2[38;2;152;137;120mV[38;2;131;116;97mx[38;2;97;82;60m+[38;2;122;108;82mz[38;2;141;129;106m2[38;2;142;130;108m2[38;2;134;122;100ms[38;2;140;128;106m2[38;2;137;126;104mu[38;2;64;57;46m)[38;2;1;4;0m [38;2;6;5;4m`[38;2;16;17;10m-[38;2;37;30;17m-[38;2;126;112;92mx[38;2;147;132;112mk[38;2;166;152;131mK[38;2;95;82;64m*[38;2;160;147;137m4[38;2;207;197;192m%[38;2;189;178;172m8[38;2;77;64;57m<[38;2;79;66;59m<[38;2;128;115;107mY[38;2;192;182;173m%[38;2;192;183;174m%[38;2;184;175;166m%[38;2;176;167;158mm[38;2;176;168;158mm[38;2;166;159;149m&[38;2;79;72;62mr[38;2;145;138;128m4[38;2;158;154;144m%[38;2;127;124;115mD[38;2;121;118;110mu[38;2;113;110;102m1[38;2;132;129;122mR[38;2;180;177;172mB[38;2;191;188;183m%[38;2;198;195;190m%[38;2;203;201;196m%[38;2;198;197;193m%[38;2;195;194;190m%[38;2;194;193;189m%[38;2;194;193;189m%[38;2;194;193;189m%[38;2;194;193;189m%[38;2;195;194;190m%[38;2;195;194;190m%[38;2;195;194;190m%[38;2;196;195;191m%[38;2;198;197;193m%[38;2;199;198;194m%[38;2;200;199;195m%[38;2;201;200;196m%[38;2;202;201;197m%[38;2;201;200;196m%[38;2;202;201;197m%[38;2;201;200;196m%[38;2;200;199;195m%[38;2;200;199;195m%[38;2;199;198;194m%[38;2;198;197;193m%[38;2;201;200;196m%[38;2;201;200;196m%[38;2;199;198;194m%[38;2;199;198;194m%[38;2;194;193;189m%[38;2;192;191;187m%[38;2;193;192;188m%[38;2;193;192;188m%[38;2;197;196;192m%[38;2;197;196;192m%[38;2;199;200;195m%[38;2;199;200;195m%[38;2;199;200;195m%[38;2;199;200;195m%[38;2;198;199;194m%[38;2;198;199;194m%[38;2;200;201;196m%[38;2;200;201;196m%[38;2;201;202;197m%[38;2;202;203;198m%[38;2;199;200;195m%[38;2;193;194;189m%[38;2;199;200;195m%[38;2;200;201;196m%[38;2;201;202;197m%[38;2;196;197;192m%[38;2;197;196;191m%[38;2;196;195;190m%[38;2;190;189;184m%[38;2;192;191;186m%[38;2;192;191;186m%[38;2;191;190;185m%[38;2;143;142;137mC[38;2;101;100;95m=[38;2;188;187;182mB[38;2;203;202;197m%[38;2;202;201;196m%[38;2;201;200;195m%[38;2;199;195;190m%[38;2;198;193;187m%[38;2;195;190;184m%[38;2;192;187;181m%[38;2;192;186;176m%[38;2;186;180;168mm[38;2;177;171;159mm[38;2;137;131;119mx[38;2;134;128;114m2[38;2;116;109;93m([38;2;101;94;78m([38;2;59;52;37m~[38;2;113;106;89m([38;2;111;104;85m([38;2;110;103;84m([0m
[38;2;142;129;113m2[38;2;149;136;120m2[38;2;158;144;128m3[38;2;160;147;130mO[38;2;145;132;111m2[38;2;150;137;116m3[38;2;151;138;117m3[38;2;156;143;122m3[38;2;161;146;126m#[38;2;159;144;124m#[38;2;149;134;114mV[38;2;141;126;106mb[38;2;134;121;100m1[38;2;100;88;66m?[38;2;114;102;80mz[38;2;120;108;85ms[38;2;141;130;109m2[38;2;142;131;111m2[38;2;139;128;108m2[38;2;142;131;110m2[38;2;131;120;98mu[38;2;59;54;42m![38;2;3;5;1m`[38;2;3;4;2m [38;2;18;21;11m-[38;2;35;29;16m-[38;2;133;117;94ms[38;2;164;146;128m0[38;2;158;144;122m3[38;2;119;103;86my[38;2;125;109;99mJ[38;2;206;196;191m%[38;2;208;200;192m%[38;2;153;143;134mg[38;2;102;92;83m([38;2;121;111;102m1[38;2;185;177;169mm[38;2;180;172;166mw[38;2;185;178;171m%[38;2;173;166;159mm[38;2;175;168;160mm[38;2;174;167;159m&[38;2;82;75;67m=[38;2;104;97;88mJ[38;2;134;131;123mC[38;2;43;43;37m~[38;2;41;41;36m;[38;2;64;64;59m![38;2;61;59;54m<[38;2;47;44;40m~[38;2;179;176;171mB[38;2;200;197;192m%[38;2;202;199;194m%[38;2;202;199;195m%[38;2;200;196;193m%[38;2;196;193;190m%[38;2;195;192;188m%[38;2;193;191;186m%[38;2;191;189;184m%[38;2;190;187;183m%[38;2;194;191;186m%[38;2;199;195;192m%[38;2;196;193;190m%[38;2;195;192;189m%[38;2;194;192;188m%[38;2;189;188;183m%[38;2;189;188;183m%[38;2;184;183;178m%[38;2;181;180;175m%[38;2;179;178;174mm[38;2;192;191;187m%[38;2;196;195;191m%[38;2;200;200;196m%[38;2;200;201;196m%[38;2;201;202;197m%[38;2;201;201;197m%[38;2;200;200;195m%[38;2;201;201;197m%[38;2;201;201;196m%[38;2;196;197;192m%[38;2;196;196;191m%[38;2;200;199;194m%[38;2;202;201;196m%[38;2;202;201;196m%[38;2;202;201;196m%[38;2;203;203;198m%[38;2;203;203;198m%[38;2;203;203;198m%[38;2;203;203;198m%[38;2;204;203;198m%[38;2;204;203;198m%[38;2;203;203;198m%[38;2;203;203;198m%[38;2;204;204;200m%[38;2;204;204;200m%[38;2;203;202;198m%[38;2;201;201;196m%[38;2;205;204;199m%[38;2;206;204;199m%[38;2;204;202;197m%[38;2;204;202;197m%[38;2;202;201;196m%[38;2;202;201;196m%[38;2;201;200;195m%[38;2;202;201;196m%[38;2;203;200;196m%[38;2;206;201;196m%[38;2;175;172;163m9[38;2;157;154;144mw[38;2;170;166;154m%[38;2;173;170;159m%[38;2;181;180;170m%[38;2;201;201;193m%[38;2;203;202;196m%[38;2;203;201;196m%[38;2;200;198;193m%[38;2;199;197;192m%[38;2;197;193;188m%[38;2;195;190;184m%[38;2;195;189;183m%[38;2;194;189;183m%[38;2;169;165;155m%[38;2;145;141;128mO[38;2;80;76;63m![38;2;113;110;97mc[38;2;87;82;69m<[38;2;153;146;132mm[38;2;166;159;145mm[0m
[38;2;143;130;114mb[38;2;150;137;121m2[38;2;161;148;132mK[38;2;163;150;134m#[38;2;144;132;111mb[38;2;137;125;103m1[38;2;135;123;101m1[38;2;141;129;107m2[38;2;136;122;100m1[38;2;139;124;103m2[38;2;145;130;109m2[38;2;142;127;106m2[38;2;124;111;89mx[38;2;99;87;65m?[38;2;125;113;91mz[38;2;128;116;94ms[38;2;137;126;106m1[38;2;135;124;104m2[38;2;138;127;107m2[38;2;138;127;107m2[38;2;130;119;98ms[38;2;62;57;45m![38;2;3;4;1m [38;2;3;5;2m`[38;2;15;18;9m-[38;2;34;28;16m-[38;2;133;117;93ms[38;2;155;136;119mV[38;2;137;120;96mn[38;2;142;122;102mC[38;2;108;88;74mJ[38;2;188;174;164mB[38;2;209;200;191m%[38;2;190;181;172m&[38;2;125;116;107mx[38;2;135;126;117mY[38;2;179;171;164mB[38;2;196;189;183m%[38;2;195;188;182m%[38;2;196;189;183m%[38;2;194;187;180m%[38;2;181;174;166m&[38;2;77;70;62m>[38;2;107;100;92mJ[38;2;133;130;123mC[38;2;38;39;33m~[38;2;29;30;26m;[38;2;60;61;56m)[38;2;55;54;50m<[38;2;42;39;35m~[38;2;177;174;169mw[38;2;196;193;188m%[38;2;197;194;189m%[38;2;198;194;191m%[38;2;199;195;192m%[38;2;199;195;192m%[38;2;200;196;192m%[38;2;197;194;189m%[38;2;194;191;186m%[38;2;195;192;187m%[38;2;194;191;186m%[38;2;198;194;191m%[38;2;199;195;192m%[38;2;197;193;190m%[38;2;195;192;188m%[38;2;196;195;190m%[38;2;197;196;191m%[38;2;198;197;192m%[38;2;198;197;192m%[38;2;197;196;192m%[38;2;200;199;195m%[38;2;200;199;195m%[38;2;201;200;196m%[38;2;201;202;197m%[38;2;204;205;200m%[38;2;203;204;199m%[38;2;203;204;199m%[38;2;203;204;199m%[38;2;203;204;199m%[38;2;202;203;198m%[38;2;198;199;194m%[38;2;197;196;191m%[38;2;195;194;189m%[38;2;189;188;183m%[38;2;195;194;189m%[38;2;197;196;191m%[38;2;194;193;188m%[38;2;199;198;193m%[38;2;199;198;193m%[38;2;200;199;194m%[38;2;201;200;195m%[38;2;199;198;193m%[38;2;200;199;194m%[38;2;198;197;193m%[38;2;199;198;194m%[38;2;200;199;195m%[38;2;201;200;196m%[38;2;201;198;193m%[38;2;203;200;195m%[38;2;203;200;195m%[38;2;203;200;195m%[38;2;202;201;196m%[38;2;204;203;198m%[38;2;204;203;198m%[38;2;204;203;198m%[38;2;206;202;198m%[38;2;204;199;193m%[38;2;173;169;159mm[38;2;156;152;140m#[38;2;157;151;138mK[38;2;153;149;136m#[38;2;167;165;153mR[38;2;201;201;193m%[38;2;202;202;196m%[38;2;202;201;196m%[38;2;200;199;194m%[38;2;201;200;195m%[38;2;201;197;193m%[38;2;201;196;192m%[38;2;193;188;184m%[38;2;183;178;174m%[38;2;191;187;181m%[38;2;192;189;182m%[38;2;106;103;96mf[38;2;177;174;167mw[38;2;185;179;171m%[38;2;146;137;129mo[38;2;119;110;103mJ[0m
[38;2;112;106;92mb[38;2;114;108;93mV[38;2;104;98;84ms[38;2;103;97;83m1[38;2;96;89;73mz[38;2;92;86;65m7[38;2;85;78;57m([38;2;89;81;65mz[38;2;92;80;68mz[38;2;96;83;70m7[38;2;95;83;69m([38;2;126;114;96mz[38;2;118;105;86mx[38;2;120;107;87mz[38;2;136;123;103m2[38;2;134;121;102mu[38;2;138;126;108m1[38;2;147;136;117mV[38;2;143;132;114m2[38;2;132;121;103mu[38;2;139;128;108m2[38;2;82;75;65mL[38;2;1;3;1m [38;2;3;2;2m [38;2;6;8;2m [38;2;22;21;6m-[38;2;130;115;94m1[38;2;166;147;128m3[38;2;134;117;94mC[38;2;149;127;103m2[38;2;84;61;42m/[38;2;165;149;135mS[38;2;209;201;192m%[38;2;204;197;188m%[38;2;126;117;110m][38;2;106;95;88m*[38;2;134;124;117mY[38;2;195;188;180m%[38;2;198;192;186m%[38;2;200;197;192m%[38;2;201;198;192m%[38;2;184;181;172m8[38;2;69;64;55m>[38;2;96;88;81mJ[38;2;140;135;129m5[38;2;61;60;55m?[38;2;53;52;48m([38;2;81;80;75mx[38;2;76;75;70mJ[38;2;68;65;60mz[38;2;176;173;168mw[38;2;199;196;191m%[38;2;199;197;192m%[38;2;203;201;198m%[38;2;204;202;198m%[38;2;205;203;199m%[38;2;205;203;199m%[38;2;203;202;198m%[38;2;203;201;197m%[38;2;203;202;197m%[38;2;203;201;197m%[38;2;202;201;197m%[38;2;203;201;197m%[38;2;202;200;197m%[38;2;201;200;196m%[38;2;202;201;196m%[38;2;202;201;197m%[38;2;202;201;197m%[38;2;202;201;197m%[38;2;202;201;197m%[38;2;202;201;197m%[38;2;201;200;196m%[38;2;203;203;199m%[38;2;202;203;198m%[38;2;203;204;199m%[38;2;203;204;199m%[38;2;203;204;199m%[38;2;205;206;201mW[38;2;205;206;201mW[38;2;204;205;200m%[38;2;204;205;200m%[38;2;204;204;199m%[38;2;203;203;198m%[38;2;203;204;199m%[38;2;203;203;198m%[38;2;197;196;191m%[38;2;195;194;190m%[38;2;200;199;195m%[38;2;201;200;196m%[38;2;202;201;196m%[38;2;201;200;195m%[38;2;201;200;195m%[38;2;199;198;193m%[38;2;201;200;196m%[38;2;200;199;195m%[38;2;196;195;191m%[38;2;196;195;191m%[38;2;195;192;187m%[38;2;193;190;185m%[38;2;190;187;182m%[38;2;193;190;185m%[38;2;191;188;182mm[38;2;195;192;186m%[38;2;195;192;186m%[38;2;195;192;186m%[38;2;190;187;181mm[38;2;191;187;181m%[38;2;163;160;150m6[38;2;146;144;131m3[38;2;163;161;152m#[38;2;159;158;151mA[38;2;193;192;185mB[38;2;201;201;195m%[38;2;200;200;194m%[38;2;200;199;194m%[38;2;197;196;191m%[38;2;194;193;188m%[38;2;155;153;146mO[38;2;163;160;152mO[38;2;164;162;154mO[38;2;186;184;176mB[38;2;196;194;188m%[38;2;191;190;185m%[38;2;99;97;92m([38;2;178;177;172mB[38;2;194;190;186m%[38;2;198;192;188m%[38;2;178;172;167m%[0m
[38;2;45;43;22m~[38;2;37;35;15m~[38;2;48;45;25m~[38;2;38;36;16m_[38;2;30;25;8m-[38;2;58;53;29m~[38;2;51;47;22m~[38;2;46;40;23m~[38;2;20;12;4m-[38;2;18;11;1m-[38;2;25;19;8m-[38;2;98;92;77mJ[38;2;118;106;87my[38;2;140;127;108m2[38;2;145;132;113mb[38;2;135;122;103m1[38;2;151;140;122m3[38;2;155;144;126m#[38;2;151;140;122mO[38;2;133;122;104mu[38;2;140;129;110mu[38;2;82;74;64mL[38;2;1;4;2m [38;2;4;2;3m [38;2;2;5;0m [38;2;34;34;19m~[38;2;93;77;59m?[38;2;161;142;123m3[38;2;139;123;100mC[38;2;144;122;98mY[38;2;96;74;53m)[38;2;121;106;91mJ[38;2;206;199;190m%[38;2;208;202;193m%[38;2;189;180;173m&[38;2;135;123;117mZ[38;2;150;140;132mT[38;2;185;177;169mB[38;2;197;192;186mB[38;2;201;199;195m%[38;2;202;202;195m%[38;2;188;187;177m&[38;2;109;105;96mx[38;2;97;89;81mJ[38;2;127;122;116mC[38;2;42;41;36m~[38;2;29;28;24m;[38;2;62;61;56m![38;2;60;58;54m<[38;2;58;55;51m<[38;2;179;176;171mB[38;2;196;193;188m%[38;2;197;195;190m%[38;2;200;199;195m%[38;2;203;202;198m%[38;2;202;201;197m%[38;2;202;201;197m%[38;2;201;200;196m%[38;2;201;200;196m%[38;2;202;201;197m%[38;2;202;201;197m%[38;2;203;202;198m%[38;2;203;202;198m%[38;2;202;201;197m%[38;2;202;201;197m%[38;2;202;201;197m%[38;2;202;201;197m%[38;2;202;201;197m%[38;2;202;201;197m%[38;2;203;202;198m%[38;2;202;201;197m%[38;2;198;197;193m%[38;2;200;200;196m%[38;2;202;203;198m%[38;2;203;204;199m%[38;2;204;205;200m%[38;2;204;205;200m%[38;2;204;205;200m%[38;2;204;205;200m%[38;2;204;205;200m%[38;2;204;205;200m%[38;2;204;205;200m%[38;2;204;205;200m%[38;2;204;205;200m%[38;2;204;205;200m%[38;2;204;203;199m%[38;2;203;202;198m%[38;2;200;199;195m%[38;2;199;198;194m%[38;2;200;199;194m%[38;2;201;200;195m%[38;2;201;200;195m%[38;2;201;200;195m%[38;2;201;200;195m%[38;2;202;201;197m%[38;2;203;202;198m%[38;2;203;202;198m%[38;2;204;201;196m%[38;2;202;199;194m%[38;2;202;199;194m%[38;2;197;194;189m%[38;2;176;173;167mg[38;2;174;171;164m%[38;2;165;162;155mB[38;2;162;159;152mO[38;2;167;164;154mK[38;2;153;150;140mU[38;2;146;143;134m5[38;2;137;134;126mY[38;2;184;183;177mB[38;2;180;179;174m&[38;2;202;201;196m%[38;2;201;200;195m%[38;2;203;202;197m%[38;2;202;201;196m%[38;2;202;201;196m%[38;2;187;186;181m&[38;2;105;106;97mz[38;2;117;120;109my[38;2;96;99;88m=[38;2;97;100;89m=[38;2;189;189;182mB[38;2;160;159;154m6[38;2;91;90;85m([38;2;181;180;175mm[38;2;199;196;192m%[38;2;201;196;192m%[38;2;200;195;191m%[0m
[38;2;70;67;40m/[38;2;54;51;24m~[38;2;66;63;36m/[38;2;43;39;14m_[38;2;38;33;14m-[38;2;76;71;46m<[38;2;68;64;35m/[38;2;56;52;28m~[38;2;22;17;2m-[38;2;20;15;1m-[38;2;27;22;9m-[38;2;97;92;77mJ[38;2;123;114;96mJ[38;2;145;135;116mb[38;2;141;132;113m2[38;2;138;129;110m2[38;2;154;143;125m3[38;2;157;146;129m#[38;2;150;139;122mO[38;2;135;123;107mu[38;2;151;141;122mO[38;2;80;72;63mL[38;2;1;4;2m [38;2;4;2;3m [38;2;4;4;2m [38;2;51;47;35m~[38;2;59;48;27m~[38;2;135;119;97ms[38;2;137;120;97ms[38;2;137;119;95m1[38;2;128;110;90mo[38;2;93;77;60m?[38;2;190;179;169mB[38;2;209;203;198m%[38;2;197;191;186m%[38;2;136;124;116m5[38;2;123;111;102m1[38;2;123;114;107m?[38;2;199;191;184m%[38;2;201;194;187m%[38;2;200;193;185m%[38;2;186;179;170m&[38;2;172;165;156mw[38;2;136;128;119mY[38;2;127;121;113mC[38;2;51;48;41m~[38;2;31;29;22m;[38;2;66;63;56m)[38;2;65;61;54m<[38;2;55;49;43m~[38;2;178;172;165mB[38;2;192;186;179m%[38;2;202;198;191m%[38;2;197;195;190m%[38;2;201;199;194m%[38;2;202;199;194m%[38;2;200;198;193m%[38;2;201;198;194m%[38;2;201;199;194m%[38;2;201;198;194m%[38;2;201;198;194m%[38;2;199;197;192m%[38;2;201;198;194m%[38;2;201;198;193m%[38;2;198;195;191m%[38;2;198;195;191m%[38;2;198;196;191m%[38;2;197;195;190m%[38;2;197;194;190m%[38;2;195;192;188m%[38;2;197;194;190m%[38;2;198;195;191m%[38;2;200;198;193m%[38;2;201;200;195m%[38;2;202;202;197m%[38;2;203;203;198m%[38;2;203;203;198m%[38;2;205;204;200m%[38;2;205;204;200m%[38;2;204;204;199m%[38;2;204;204;199m%[38;2;205;204;200m%[38;2;205;204;200m%[38;2;204;203;199m%[38;2;204;203;199m%[38;2;204;203;198m%[38;2;205;204;199m%[38;2;205;204;200m%[38;2;204;203;199m%[38;2;204;202;197m%[38;2;204;202;197m%[38;2;203;201;196m%[38;2;201;198;193m%[38;2;201;199;194m%[38;2;201;199;194m%[38;2;200;198;193m%[38;2;200;198;193m%[38;2;200;196;191m%[38;2;186;182;176m&[38;2;148;143;138mR[38;2;162;158;152mm[38;2;143;141;135m5[38;2;114;113;105mP[38;2;58;57;48m<[38;2;141;141;129mU[38;2;144;144;134mV[38;2;181;177;169mm[38;2;133;134;125mk[38;2;139;139;132m4[38;2;191;187;182m%[38;2;195;191;187m%[38;2;198;194;190m%[38;2;197;193;188m%[38;2;174;170;165m9[38;2;158;155;149m3[38;2;178;178;171m%[38;2;146;147;139mG[38;2;103;106;96mx[38;2;94;97;86m[[38;2;59;62;51m/[38;2;74;77;66m<[38;2;173;175;166mB[38;2;87;87;80mt[38;2;86;86;79m=[38;2;160;160;153mS[38;2;186;182;176m%[38;2;191;183;178m%[38;2;189;181;176mB[0m
[38;2;68;63;41m\[38;2;54;49;27m_[38;2;52;48;25m_[38;2;38;33;12m_[38;2;36;30;17m-[38;2;54;49;29m~[38;2;54;49;26m~[38;2;53;47;28m_[38;2;32;27;12m-[38;2;30;24;10m-[38;2;42;36;24m~[38;2;93;87;73m([38;2;143;136;117mV[38;2;148;140;121mO[38;2;138;130;111m2[38;2;144;136;117mb[38;2;154;143;126mO[38;2;157;145;129m#[38;2;149;137;121mb[38;2;136;124;108mZ[38;2;148;138;119mV[38;2;85;77;67mL[38;2;1;4;2m [38;2;4;2;3m [38;2;4;3;2m [38;2;49;44;32m~[38;2;90;81;59m?[38;2;128;113;90m1[38;2;129;113;88m1[38;2;133;117;93m2[38;2;152;135;115m3[38;2;78;61;45m>[38;2;163;148;135mS[38;2;212;203;196mW[38;2;207;202;198m%[38;2;130;122;115mh[38;2;131;121;113mY[38;2;138;129;122mR[38;2;179;170;163mB[38;2;171;162;155mm[38;2;172;163;155mw[38;2;173;164;155mm[38;2;174;165;156mw[38;2;179;170;161mm[38;2;169;161;153mm[38;2;166;158;150mm[38;2;165;156;149mm[38;2;168;160;153mm[38;2;166;159;151mm[38;2;167;160;152mm[38;2;183;176;168mB[38;2;196;189;181m%[38;2;193;188;181m%[38;2;192;189;184m%[38;2;197;194;189m%[38;2;201;198;193m%[38;2;199;196;191m%[38;2;201;198;193m%[38;2;199;196;191m%[38;2;195;192;187m%[38;2;194;191;186m%[38;2;196;193;188m%[38;2;194;191;186m%[38;2;196;193;188m%[38;2;195;192;187m%[38;2;192;189;184m%[38;2;194;191;186m%[38;2;194;191;186m%[38;2;199;196;191m%[38;2;197;194;189m%[38;2;197;194;189m%[38;2;197;194;189m%[38;2;195;192;187m%[38;2;194;193;188m%[38;2;200;199;194m%[38;2;203;202;197m%[38;2;203;202;198m%[38;2;205;204;200m%[38;2;205;204;200m%[38;2;205;204;200m%[38;2;205;204;200m%[38;2;203;202;198m%[38;2;203;202;198m%[38;2;204;203;199m%[38;2;204;203;199m%[38;2;203;202;197m%[38;2;202;201;196m%[38;2;198;197;192m%[38;2;199;198;193m%[38;2;203;200;195m%[38;2;200;197;192m%[38;2;199;196;191m%[38;2;194;191;186m%[38;2;198;195;190m%[38;2;202;199;194m%[38;2;202;199;194m%[38;2;202;199;194m%[38;2;202;197;191m%[38;2;196;191;185m%[38;2;161;156;150m0[38;2;149;144;138mT[38;2;109;107;102mo[38;2;81;81;73mf[38;2;49;49;41m~[38;2;88;88;75mr[38;2;66;68;58m~[38;2;131;125;119mY[38;2;131;133;125ma[38;2;148;149;141m4[38;2;188;183;178m%[38;2;188;183;179m%[38;2;193;188;184m%[38;2;198;193;189m%[38;2;201;196;190m%[38;2;167;164;157mG[38;2;122;122;114mz[38;2;56;59;50m_[38;2;54;56;46m~[38;2;66;68;57m^[38;2;64;66;55m<[38;2;75;77;66m?[38;2;89;87;79mf[38;2;135;131;124mT[38;2;100;96;89m([38;2;180;176;170mm[38;2;181;174;168mm[38;2;182;173;168mm[38;2;184;175;170mm[0m
[38;2;91;81;65m*[38;2;88;78;62m*[38;2;91;82;66m?[38;2;94;84;69m([38;2;89;79;63m([38;2;92;83;64m([38;2;83;74;56m([38;2;93;84;66m7[38;2;80;71;54m*[38;2;82;73;56mr[38;2;82;73;56mr[38;2;97;88;71mJ[38;2;148;138;120mO[38;2;146;136;118mb[38;2;136;126;108m2[38;2;140;130;112m2[38;2;150;139;121mO[38;2;151;140;123mO[38;2;144;132;115mb[38;2;132;121;103mu[38;2;140;129;110m1[38;2;89;81;71mL[38;2;1;4;2m [38;2;4;2;3m [38;2;2;3;2m [38;2;50;45;36m~[38;2;92;79;57m?[38;2;135;120;94m1[38;2;129;115;95mJ[38;2;178;163;148mm[38;2;158;142;121mA[38;2;91;73;55m)[38;2;124;106;93mJ[38;2;205;194;184m%[38;2;206;201;196m%[38;2;191;184;178m&[38;2;196;186;177m%[38;2;149;139;130mo[38;2;134;125;115mJ[38;2;169;160;150m5[38;2;172;162;153mA[38;2;193;183;173mB[38;2;159;150;140mU[38;2;173;164;154md[38;2;178;167;158mK[38;2;179;167;159mK[38;2;179;166;159mK[38;2;179;167;159mK[38;2;180;168;161mK[38;2;178;168;161mK[38;2;186;176;169mw[38;2;194;185;177mm[38;2;196;188;180m%[38;2;193;186;179mm[38;2;196;189;182mB[38;2;203;196;189m%[38;2;204;197;190m%[38;2;201;195;189m%[38;2;201;195;189m%[38;2;202;196;190m%[38;2;201;196;189m%[38;2;201;197;191m%[38;2;199;196;189m%[38;2;198;195;188m%[38;2;197;194;187m%[38;2;198;195;186m%[38;2;200;197;188m%[38;2;200;196;188m%[38;2;200;196;188m%[38;2;201;197;189m%[38;2;199;194;187m%[38;2;186;181;173mB[38;2;192;188;180m%[38;2;191;187;179m%[38;2;185;181;173m%[38;2;193;189;181m%[38;2;195;192;184m%[38;2;193;190;182m%[38;2;193;191;182m%[38;2;193;190;182m%[38;2;191;188;180m%[38;2;193;186;181m%[38;2;193;186;180m%[38;2;190;183;177m%[38;2;189;182;177m%[38;2;185;181;173m%[38;2;183;179;171m%[38;2;182;178;170m%[38;2;182;178;170m%[38;2;182;177;169m%[38;2;182;178;170m%[38;2;180;176;167m%[38;2;179;175;167m%[38;2;179;174;166m%[38;2;178;174;166m%[38;2;180;175;167m%[38;2;179;175;166m%[38;2;178;171;164m%[38;2;178;170;163m%[38;2;175;167;160m%[38;2;162;154;146m%[38;2;162;158;148m%[38;2;162;158;147m%[38;2;157;154;142m%[38;2;147;144;131mm[38;2;143;141;129mm[38;2;140;137;126mm[38;2;145;144;133mm[38;2;159;157;146mm[38;2;165;159;150mm[38;2;170;162;155mm[38;2;172;164;157mm[38;2;172;164;157mm[38;2;171;166;156mm[38;2;169;167;155mm[38;2;158;156;144mm[38;2;150;149;137mK[38;2;151;149;138mK[38;2;156;154;142mK[38;2;153;150;138mK[38;2;154;151;140mK[38;2;157;151;141mK[38;2;168;158;150mK[38;2;158;149;140mK[38;2;169;160;151mK[38;2;170;161;152mK[38;2;170;160;152mK[38;2;170;160;153mK[0m
[38;2;155;144;126m3[38;2;153;142;124mb[38;2;156;145;127m3[38;2;155;144;126mO[38;2;137;126;106mZ[38;2;143;132;112m2[38;2;142;131;111m2[38;2;159;148;128mK[38;2;148;137;119mO[38;2;148;137;119mb[38;2;153;142;124m3[38;2;137;126;108mV[38;2;145;134;116mb[38;2;146;135;117m2[38;2;145;134;116m2[38;2;141;130;112m2[38;2;141;130;112m2[38;2;143;132;114mV[38;2;135;124;106m2[38;2;125;114;96ms[38;2;127;116;97m1[38;2;83;76;65mL[38;2;1;4;2m [38;2;4;2;3m [38;2;0;4;3m`[38;2;51;46;38m~[38;2;98;83;61m?[38;2;140;124;98mY[38;2;150;137;119mk[38;2;191;177;165m%[38;2;157;142;120m#[38;2;116;99;79my[38;2;91;71;57m<[38;2;171;157;143m#[38;2;174;164;155m#[38;2;171;160;150mO[38;2;162;150;139m3[38;2;162;152;142mO[38;2;166;156;146mV[38;2;169;159;149mO[38;2;169;159;149mO[38;2;168;158;148mO[38;2;166;156;146mO[38;2;163;153;143mO[38;2;163;152;140mb[38;2;163;151;138mb[38;2;160;148;135mb[38;2;159;147;134m2[38;2;158;146;134m2[38;2;155;146;134m2[38;2;156;146;135m2[38;2;156;146;135m2[38;2;154;145;133m2[38;2;153;146;133m2[38;2;152;144;132mO[38;2;151;143;131mb[38;2;151;144;132mb[38;2;149;143;132mb[38;2;148;141;130mb[38;2;147;141;129m2[38;2;146;139;128m2[38;2;146;138;128m2[38;2;146;138;128m2[38;2;146;138;128m2[38;2;145;138;127m2[38;2;145;138;125mO[38;2;145;138;125mO[38;2;145;138;125mO[38;2;145;137;125mO[38;2;147;138;126m#[38;2;152;143;131m3[38;2;159;150;138mK[38;2;146;137;125mO[38;2;149;140;128m3[38;2;159;150;138mK[38;2;153;144;132mD[38;2;147;139;126m3[38;2;147;141;123m#[38;2;148;141;124m#[38;2;150;143;126m#[38;2;149;142;125m#[38;2;147;140;125m#[38;2;147;140;125m#[38;2;150;142;127m#[38;2;151;143;128m#[38;2;152;144;127m#[38;2;150;141;125mO[38;2;150;142;125m#[38;2;150;142;125m#[38;2;151;142;125m#[38;2;151;142;125m#[38;2;155;146;129mK[38;2;155;147;130mK[38;2;156;147;130mK[38;2;156;147;130mK[38;2;157;148;131mK[38;2;158;149;132mK[38;2;158;151;134mK[38;2;159;152;134mK[38;2;159;152;135mK[38;2;159;152;135mK[38;2;159;151;135mK[38;2;160;151;136mK[38;2;160;151;136mK[38;2;160;151;136mK[38;2;159;152;139mK[38;2;159;152;140mK[38;2;159;152;141mK[38;2;160;153;141mK[38;2;162;153;144mK[38;2;163;154;145mK[38;2;162;153;144mK[38;2;162;153;144mK[38;2;163;155;145mK[38;2;163;156;145mm[38;2;163;156;144mm[38;2;162;155;143mK[38;2;163;155;144mK[38;2;163;154;144mK[38;2;163;153;143mK[38;2;162;153;142mK[38;2;162;152;142mK[38;2;163;153;143mK[38;2;163;153;143mK[38;2;163;153;143mK[38;2;161;151;140mK[38;2;161;151;138mK[38;2;161;152;139mK[0m
[38;2;158;146;129m3[38;2;159;147;130mO[38;2;160;147;131m3[38;2;158;146;129m3[38;2;143;132;115mb[38;2;149;137;120mV[38;2;151;139;122mO[38;2;160;149;132mK[38;2;150;138;121mO[38;2;152;140;124mO[38;2;153;142;125mO[38;2;127;116;99m1[38;2;143;132;114m2[38;2;149;138;120mV[38;2;151;140;122mO[38;2;146;135;117mb[38;2;146;135;117mb[38;2;141;130;112m2[38;2;141;130;112m2[38;2;137;126;108m2[38;2;134;126;105m2[38;2;74;68;57mL[38;2;2;5;3m [38;2;7;2;4m`[38;2;3;3;3m`[38;2;50;46;37m~[38;2;105;95;73m([38;2;131;117;94m1[38;2;169;156;136mK[38;2;176;161;146m4[38;2;153;136;119mU[38;2;130;110;90ms[38;2;76;57;40m/[38;2;155;139;125mT[38;2;188;174;162mm[38;2;184;169;156mm[38;2;172;158;146mm[38;2;165;152;142mK[38;2;178;165;155mm[38;2;180;167;156mm[38;2;178;166;155mm[38;2;177;166;154mm[38;2;177;166;155mm[38;2;178;167;155mm[38;2;178;166;155mm[38;2;178;166;155mm[38;2;178;165;154mm[38;2;176;164;153mm[38;2;176;164;153mm[38;2;174;162;151mm[38;2;172;161;150mm[38;2;172;160;150mm[38;2;171;161;149mm[38;2;169;160;148mK[38;2;168;158;147mK[38;2;167;158;146mK[38;2;167;158;147mK[38;2;166;157;146mK[38;2;166;157;146mK[38;2;164;156;145mK[38;2;164;155;144mK[38;2;165;155;144mK[38;2;166;156;146mK[38;2;166;156;145mK[38;2;165;155;145mK[38;2;164;154;143mK[38;2;164;154;143mK[38;2;164;154;143mK[38;2;164;154;142mK[38;2;164;152;140mK[38;2;167;155;143mK[38;2;168;156;143mK[38;2;159;147;134m#[38;2;166;154;140mK[38;2;171;159;145mR[38;2;161;149;135mD[38;2;161;149;135m3[38;2;165;155;143mK[38;2;165;155;143mK[38;2;166;156;144mK[38;2;166;156;144mK[38;2;166;156;146mK[38;2;166;156;146mK[38;2;165;156;146mK[38;2;165;156;146mK[38;2;167;156;146mK[38;2;166;156;145mK[38;2;167;157;146mK[38;2;167;157;146mK[38;2;167;156;145mK[38;2;167;156;145mK[38;2;167;156;146mK[38;2;167;156;146mK[38;2;168;157;147mK[38;2;168;157;147mK[38;2;169;158;147mK[38;2;169;158;147mK[38;2;168;159;148mK[38;2;168;159;148mK[38;2;167;158;147mK[38;2;167;158;147mK[38;2;168;158;148mK[38;2;169;158;148mK[38;2;169;158;149mK[38;2;169;158;149mK[38;2;170;160;150mK[38;2;170;160;150mK[38;2;169;159;149mK[38;2;169;159;149mK[38;2;170;160;151mm[38;2;170;161;151mm[38;2;170;160;150mK[38;2;169;160;150mK[38;2;171;161;152mm[38;2;172;162;152mm[38;2;171;161;151mm[38;2;171;161;152mm[38;2;172;162;152mm[38;2;172;161;152mm[38;2;171;160;151mm[38;2;171;160;151mm[38;2;169;159;149mK[38;2;168;158;148mK[38;2;170;160;150mK[38;2;171;161;151mm[38;2;170;160;150mm[38;2;170;159;150mK[38;2;170;159;150mK[0m
[38;2;163;150;134mK[38;2;167;154;138mK[38;2;156;143;127mO[38;2;152;139;123mO[38;2;143;131;115mb[38;2;155;143;127m3[38;2;154;142;126m#[38;2;162;150;134m3[38;2;155;143;127m#[38;2;158;146;130m3[38;2;151;139;123mU[38;2;119;107;91mz[38;2;139;128;111m2[38;2;148;137;119mV[38;2;155;144;126m#[38;2;148;137;119mb[38;2;145;134;116mb[38;2;137;126;108m1[38;2;142;131;113m2[38;2;136;125;107mu[38;2;129;122;102m1[38;2;72;67;57mL[38;2;4;6;4m [38;2;7;2;3m [38;2;7;6;5m`[38;2;47;44;35m~[38;2;96;88;67m*[38;2;117;104;82m7[38;2;170;156;140md[38;2;162;146;134mA[38;2;168;150;135m6[38;2;113;94;68m?[38;2;107;93;72m([38;2;161;151;136mY[38;2;182;171;157mD[38;2;172;161;147m#[38;2;167;154;142mK[38;2;165;151;140mD[38;2;178;164;153mm[38;2;180;166;155mm[38;2;178;165;154mm[38;2;176;164;152mm[38;2;174;162;150mm[38;2;174;162;150mQ[38;2;180;168;157mm[38;2;178;165;156mm[38;2;178;165;156mm[38;2;177;164;155mm[38;2;177;164;155mm[38;2;175;162;153mm[38;2;174;161;152mm[38;2;174;161;152mm[38;2;173;161;152mm[38;2;171;161;151mm[38;2;170;160;150mm[38;2;168;158;148mK[38;2;168;158;148mK[38;2;167;157;147mK[38;2;167;157;147mK[38;2;166;156;146mK[38;2;165;155;145mK[38;2;165;155;145mK[38;2;166;156;146mK[38;2;167;157;147mK[38;2;166;156;146mK[38;2;165;155;145mK[38;2;165;155;145mK[38;2;164;154;144mK[38;2;164;154;143mK[38;2;164;152;140mK[38;2;165;153;141mK[38;2;167;155;143mK[38;2;154;142;130m#[38;2;158;146;132m3[38;2;165;153;139mK[38;2;160;148;134mD[38;2;161;149;135mK[38;2;164;154;142mK[38;2;164;154;142mK[38;2;167;157;145mK[38;2;167;157;145mK[38;2;167;157;147mK[38;2;167;157;147mK[38;2;167;157;147mK[38;2;167;157;147mK[38;2;167;157;147mK[38;2;167;157;147mK[38;2;168;158;148mK[38;2;168;158;148mK[38;2;167;157;147mK[38;2;167;157;147mK[38;2;167;157;147mK[38;2;167;157;147mK[38;2;169;159;149mK[38;2;169;159;149mK[38;2;169;159;149mK[38;2;169;159;149mK[38;2;170;160;150mm[38;2;170;160;150mm[38;2;170;160;150mm[38;2;170;160;150mm[38;2;170;160;150mm[38;2;170;160;150mm[38;2;168;158;148mK[38;2;170;160;150mK[38;2;171;161;151mm[38;2;171;161;151mm[38;2;171;161;151mm[38;2;171;161;151mm[38;2;172;162;152mm[38;2;172;162;152mm[38;2;172;162;152mm[38;2;172;162;152mR[38;2;173;163;154mm[38;2;173;163;154mm[38;2;172;162;153mm[38;2;173;163;154mm[38;2;172;162;153mm[38;2;172;162;153mm[38;2;172;162;153mm[38;2;172;162;153mm[38;2;171;161;151mm[38;2;170;160;150mK[38;2;171;161;151mm[38;2;172;162;152mm[38;2;171;161;151mm[38;2;171;161;151mm[38;2;171;161;151mm[0m
[38;2;166;154;140mK[38;2;169;157;143mK[38;2;157;144;131m3[38;2;160;147;134m#[38;2;152;140;125mb[38;2;155;143;128mO[38;2;154;142;127m3[38;2;161;149;134m#[38;2;152;142;127mO[38;2;156;146;131m3[38;2;148;138;123mO[38;2;124;114;99ms[38;2;139;130;112m2[38;2;144;135;116mO[38;2;144;135;116m2[38;2;141;132;113m2[38;2;132;121;103ms[38;2;131;120;102m1[38;2;133;122;104ms[38;2;124;113;95mx[38;2;136;126;106m1[38;2;78;73;62mL[38;2;2;4;2m [38;2;3;3;2m [38;2;6;6;5m [38;2;49;44;36m~[38;2;95;85;66m?[38;2;132;119;99mu[38;2;158;143;127mX[38;2;151;134;121me[38;2;175;158;141m9[38;2;101;85;57m?[38;2;134;121;99m1[38;2;183;171;157mm[38;2;183;172;157mm[38;2;168;157;142m6[38;2;124;111;99mJ[38;2;147;134;122mk[38;2;142;130;116m1[38;2;144;132;116m2[38;2;146;134;118m2[38;2;143;130;116m2[38;2;131;118;103ms[38;2;138;126;111m1[38;2;165;152;140mA[38;2;176;163;154mR[38;2;180;167;158mm[38;2;179;166;157mm[38;2;178;166;157mm[38;2;176;165;156mm[38;2;176;165;155mm[38;2;175;164;154mm[38;2;174;163;154mm[38;2;173;163;153mm[38;2;172;162;152mm[38;2;170;160;150mm[38;2;170;160;150mK[38;2;169;159;149mK[38;2;169;159;149mK[38;2;170;160;150mK[38;2;169;159;149mK[38;2;168;158;148mK[38;2;168;158;148mK[38;2;169;159;149mK[38;2;168;158;148mK[38;2;168;158;148mK[38;2;168;158;148mK[38;2;166;156;146mK[38;2;166;156;145mK[38;2;164;154;140mK[38;2;165;155;141mK[38;2;166;156;142mD[38;2;154;144;130mO[38;2;164;153;140mK[38;2;166;155;143mK[38;2;160;149;136mD[38;2;163;153;140mK[38;2;168;158;147mK[38;2;168;158;147mK[38;2;171;161;151mm[38;2;171;161;151mm[38;2;169;159;149mK[38;2;169;159;149mK[38;2;169;159;149mK[38;2;169;159;149mK[38;2;171;161;151mm[38;2;171;161;151mm[38;2;169;159;149mK[38;2;169;159;149mK[38;2;168;158;148mK[38;2;168;158;148mK[38;2;169;159;149mK[38;2;169;159;149mK[38;2;171;161;151mm[38;2;171;161;151mm[38;2;171;161;151mm[38;2;171;161;151mm[38;2;172;162;153mm[38;2;172;162;153mm[38;2;173;163;154mm[38;2;173;163;154mm[38;2;173;163;154mm[38;2;173;163;154mm[38;2;171;161;152mm[38;2;172;162;153mm[38;2;173;163;154mm[38;2;173;163;154mm[38;2;173;163;153mm[38;2;173;163;153mm[38;2;173;163;153mm[38;2;173;163;153mm[38;2;173;163;153mm[38;2;173;163;153mm[38;2;175;165;155mm[38;2;174;164;155mm[38;2;174;164;155mm[38;2;174;164;155mm[38;2;173;163;154mm[38;2;173;163;154mm[38;2;173;163;154mm[38;2;174;164;155mm[38;2;172;163;154mm[38;2;171;162;153mm[38;2;172;162;153mm[38;2;172;163;153mm[38;2;173;164;154mm[38;2;173;164;155mm[38;2;172;163;154mm[0m
[38;2;160;148;136m3[38;2;173;161;149mm[38;2;157;145;133m3[38;2;165;153;141mK[38;2;157;145;131m#[38;2;160;148;134m#[38;2;158;146;132m3[38;2;162;150;136m#[38;2;155;146;131m#[38;2;158;149;134m#[38;2;150;141;126mO[38;2;129;120;105mu[38;2;144;135;117m2[38;2;147;139;120mO[38;2;143;135;116mb[38;2;139;131;112m2[38;2;130;120;102ms[38;2;131;120;102m1[38;2;132;121;103ms[38;2;122;111;93mx[38;2;139;128;109m2[38;2;74;69;59mL[38;2;1;2;0m [38;2;0;2;1m [38;2;4;4;4m [38;2;44;38;31m~[38;2;88;76;58m=[38;2;154;141;122mD[38;2;154;139;122mX[38;2;167;149;135mD[38;2;153;136;119mV[38;2;100;84;57m?[38;2;119;106;81m7[38;2;157;144;125mO[38;2;153;140;121m2[38;2;141;129;109ms[38;2;129;117;99mJ[38;2;153;142;125mD[38;2;166;154;138mR[38;2;170;158;143mm[38;2;171;158;143mm[38;2;170;157;141mm[38;2;158;145;129mD[38;2;161;148;132mK[38;2;174;161;149mm[38;2;179;166;157mm[38;2;179;166;157mm[38;2;179;166;157mm[38;2;178;166;157mm[38;2;178;168;158mm[38;2;178;168;158mm[38;2;174;164;154mm[38;2;175;165;155mm[38;2;176;166;156mm[38;2;176;166;156mm[38;2;175;165;155mm[38;2;175;165;155mm[38;2;174;164;154mm[38;2;173;163;153mm[38;2;173;163;153mm[38;2;173;163;153mm[38;2;171;161;151mm[38;2;171;161;151mm[38;2;171;161;151mm[38;2;170;160;150mm[38;2;169;159;149mK[38;2;169;159;149mK[38;2;169;159;149mK[38;2;169;159;148mK[38;2;168;159;144mK[38;2;167;158;143mK[38;2;168;159;144mK[38;2;158;149;134m3[38;2;166;156;144mK[38;2;169;159;147mm[38;2;163;153;141mD[38;2;167;157;146mK[38;2;172;162;152mm[38;2;172;162;152mm[38;2;173;163;153mm[38;2;173;163;153mm[38;2;171;161;151mm[38;2;171;161;151mm[38;2;172;162;152mm[38;2;172;162;152mm[38;2;173;163;153mm[38;2;173;163;153mm[38;2;173;163;153mm[38;2;173;163;153mm[38;2;173;163;153mm[38;2;173;163;153mm[38;2;172;162;152mm[38;2;172;162;152mm[38;2;173;163;153mm[38;2;173;163;153mm[38;2;173;163;153mm[38;2;173;163;153mm[38;2;174;164;155mm[38;2;174;164;155mm[38;2;175;165;156mm[38;2;175;165;156mm[38;2;174;164;155mm[38;2;174;164;155mm[38;2;174;164;155mm[38;2;174;164;155mm[38;2;175;165;156mm[38;2;175;165;156mm[38;2;175;165;156mm[38;2;175;165;156mm[38;2;175;165;156mm[38;2;175;165;156mm[38;2;174;164;155mm[38;2;174;164;155mm[38;2;176;166;157mm[38;2;176;166;157mm[38;2;175;165;156mm[38;2;175;165;156mm[38;2;175;165;156mm[38;2;175;165;156mm[38;2;175;165;156mm[38;2;175;165;156mm[38;2;174;164;155mm[38;2;173;164;155mm[38;2;174;165;156mm[38;2;175;166;157mm[38;2;175;166;157mm[38;2;175;166;157mm[38;2;175;166;157mm[0m
[38;2;152;142;128mV[38;2;159;149;135mK[38;2;145;135;121mV[38;2;151;141;127m#[38;2;148;136;122mb[38;2;154;142;127m3[38;2;154;143;128m#[38;2;154;142;128m3[38;2;149;141;125mO[38;2;144;136;121mO[38;2;130;122;107mO[38;2;119;111;95mn[38;2;145;136;118m2[38;2;144;136;117mb[38;2;141;133;114m2[38;2;136;128;109m2[38;2;126;116;96ms[38;2;123;112;92mz[38;2;128;117;98ms[38;2;120;109;90mx[38;2;135;126;106m2[38;2;69;67;56mL[38;2;0;2;0m [38;2;1;1;1m [38;2;4;4;4m [38;2;44;39;32m~[38;2;88;77;59m=[38;2;145;132;113mY[38;2;142;128;110mZ[38;2;174;157;141mR[38;2;142;126;106m1[38;2;101;86;60m?[38;2;97;84;64mL[38;2;115;102;87mJ[38;2;166;154;139mK[38;2;162;150;134mD[38;2;161;149;132md[38;2;167;156;139mK[38;2;182;170;157mm[38;2;184;171;162mm[38;2;184;171;162mm[38;2;184;171;159mm[38;2;177;165;150mm[38;2;179;166;154mm[38;2;183;170;161mm[38;2;183;170;161mm[38;2;182;169;160mm[38;2;180;167;158mm[38;2;179;167;158mm[38;2;179;169;159mm[38;2;180;170;161mm[38;2;175;165;156mm[38;2;176;166;156mm[38;2;177;167;157mm[38;2;177;167;157mm[38;2;176;166;156mm[38;2;176;166;156mm[38;2;176;166;156mm[38;2;176;166;156mm[38;2;177;167;157mm[38;2;177;167;157mm[38;2;176;166;156mm[38;2;175;165;155mm[38;2;172;162;152mm[38;2;172;162;152mm[38;2;174;164;154mm[38;2;174;164;154mm[38;2;174;164;154mm[38;2;174;164;153mm[38;2;172;162;149mm[38;2;172;162;149mm[38;2;172;162;149mm[38;2;165;155;142mK[38;2;171;161;150mm[38;2;173;163;152mm[38;2;167;157;146mK[38;2;170;160;149mR[38;2;173;163;153mm[38;2;173;163;153mm[38;2;174;164;154mm[38;2;174;164;154mm[38;2;173;163;153mm[38;2;173;163;153mm[38;2;174;164;154mm[38;2;174;164;154mm[38;2;175;165;155mm[38;2;175;165;155mm[38;2;174;164;154mm[38;2;174;164;154mm[38;2;174;164;154mm[38;2;174;164;154mm[38;2;174;164;154mm[38;2;174;164;154mm[38;2;175;165;155mm[38;2;175;165;155mm[38;2;175;165;155mm[38;2;175;165;155mm[38;2;176;166;156mm[38;2;176;166;157mm[38;2;175;165;155mm[38;2;175;165;155mm[38;2;174;164;156mm[38;2;174;164;156mm[38;2;174;164;156mm[38;2;174;164;156mm[38;2;175;165;155mm[38;2;175;165;155mm[38;2;176;166;156mm[38;2;176;166;156mm[38;2;176;166;156mm[38;2;176;166;156mm[38;2;175;165;155mm[38;2;173;163;153mm[38;2;176;166;156mm[38;2;175;165;156mm[38;2;176;166;157mm[38;2;177;167;157mm[38;2;176;166;157mm[38;2;175;165;156mm[38;2;174;164;155mm[38;2;174;164;155mm[38;2;174;164;155mm[38;2;174;164;156mm[38;2;175;165;157mm[38;2;176;166;158mm[38;2;176;166;157mm[38;2;176;166;156mm[38;2;176;166;156mm[0m
[38;2;50;51;34m-[38;2;40;41;25m-[38;2;43;44;26m-[38;2;44;44;27m_[38;2;38;39;21m-[38;2;40;41;23m_[38;2;41;42;24m-[38;2;36;37;19m_[38;2;36;34;18m-[38;2;38;36;20m_[38;2;30;27;12m_[38;2;75;73;56m<[38;2;132;125;106m1[38;2;144;136;117m2[38;2;139;131;112m2[38;2;134;126;107m2[38;2;129;118;98m1[38;2;128;117;97m1[38;2;124;113;93ms[38;2;120;109;89mz[38;2;131;124;102m1[38;2;68;67;56mL[38;2;0;2;0m [38;2;1;1;1m [38;2;2;2;2m [38;2;42;36;29m~[38;2;84;73;55m<[38;2;121;109;89mJ[38;2;145;131;114me[38;2;162;147;129mA[38;2;164;149;128mD[38;2;99;85;60m?[38;2;94;81;63mj[38;2;107;95;81mJ[38;2;178;166;152mm[38;2;176;164;150mm[38;2;168;156;141mK[38;2;170;158;143mK[38;2;183;171;160mm[38;2;186;173;165mm[38;2;186;173;166mm[38;2;186;173;164mm[38;2;182;170;156mm[38;2;180;167;157mm[38;2;183;170;162mm[38;2;183;170;161mm[38;2;181;168;159mm[38;2;181;168;159mm[38;2;180;168;159mm[38;2;179;169;160mm[38;2;180;170;161mm[38;2;176;166;157mm[38;2;178;168;158mm[38;2;178;168;158mm[38;2;177;167;157mm[38;2;176;166;156mm[38;2;176;166;156mm[38;2;176;166;156mm[38;2;176;166;156mm[38;2;176;166;156mm[38;2;176;166;156mm[38;2;175;165;155mm[38;2;174;164;154mm[38;2;173;163;153mm[38;2;172;162;152mm[38;2;174;164;154mm[38;2;175;165;155mm[38;2;174;164;154mm[38;2;174;164;153mm[38;2;173;163;151mm[38;2;171;161;149mm[38;2;174;164;152mm[38;2;169;159;148mR[38;2;173;163;153mm[38;2;173;163;153mm[38;2;162;152;142mK[38;2;167;157;147mK[38;2;171;161;151mm[38;2;173;163;153mm[38;2;173;163;153mm[38;2;173;163;153mm[38;2;172;162;152mm[38;2;172;162;152mm[38;2;172;162;152mm[38;2;173;163;153mm[38;2;174;164;154mm[38;2;174;164;154mm[38;2;173;163;153mm[38;2;173;163;153mm[38;2;173;163;153mm[38;2;171;161;151mK[38;2;172;162;152mm[38;2;172;162;152mm[38;2;172;162;152mm[38;2;171;161;151mm[38;2;170;160;150mm[38;2;171;161;151mK[38;2;171;161;151mm[38;2;171;161;151mm[38;2;169;159;149mm[38;2;169;159;149mm[38;2;170;160;150mm[38;2;170;160;149mm[38;2;169;159;148mm[38;2;169;159;148mK[38;2;169;159;149mK[38;2;169;159;149mK[38;2;172;162;152mm[38;2;175;165;155mm[38;2;175;165;155mm[38;2;175;165;155mm[38;2;171;161;151mm[38;2;168;158;148mK[38;2;171;161;149mm[38;2;169;160;146mm[38;2;168;159;145mK[38;2;169;159;146mm[38;2;168;158;145mK[38;2;166;156;143mK[38;2;168;158;145mK[38;2;166;156;143mK[38;2;165;155;143mK[38;2;165;155;144mK[38;2;165;156;144mK[38;2;167;158;147mm[38;2;165;156;142mK[38;2;164;155;140mK[38;2;163;154;138mK[0m
[38;2;63;68;40m>[38;2;50;56;31m~[38;2;67;73;43m=[38;2;64;70;43m>[38;2;43;51;24m~[38;2;55;64;33m<[38;2;60;69;37m<[38;2;52;60;32m"[38;2;54;59;29m<[38;2;57;65;35m/[38;2;47;52;25m"[38;2;76;76;52m<[38;2;117;111;91mz[38;2;138;131;112m2[38;2;142;135;116m2[38;2;142;135;116mb[38;2;134;126;106m2[38;2;129;121;102m1[38;2;119;111;92m7[38;2;112;104;84m7[38;2;131;126;106m2[38;2;66;65;52mL[38;2;1;2;1m [38;2;0;2;1m [38;2;1;2;2m [38;2;43;39;29m~[38;2;84;73;56m=[38;2;91;79;61m?[38;2;152;139;121m5[38;2;137;122;103mY[38;2;168;153;134mD[38;2;147;133;111mY[38;2;142;128;112me[38;2;141;128;115m3[38;2;185;172;159mm[38;2;179;165;152mm[38;2;169;157;142mK[38;2;152;142;126m#[38;2;159;149;135mm[38;2;159;148;136mm[38;2;158;146;136mm[38;2;158;145;135mK[38;2;152;139;128m#[38;2;155;142;132m3[38;2;154;141;131mO[38;2;152;139;128mO[38;2;151;138;127m2[38;2;151;138;127m2[38;2;151;138;128m2[38;2;150;138;128m2[38;2;150;139;129m1[38;2;150;138;129ms[38;2;148;138;127mz[38;2;148;138;126mz[38;2;147;137;126mz[38;2;147;138;126mz[38;2;149;139;128mz[38;2;148;139;128mz[38;2;147;138;127mz[38;2;146;137;126mz[38;2;146;136;124m7[38;2;143;134;119m7[38;2;141;132;117m7[38;2;140;130;116m7[38;2;137;128;114m([38;2;135;126;111m7[38;2;136;127;113mz[38;2;133;124;110m7[38;2;129;120;106m([38;2;123;114;100m([38;2;126;117;103m([38;2;161;152;138mA[38;2;166;157;143mR[38;2;169;158;146mm[38;2;155;144;132m3[38;2;127;117;104mx[38;2;121;110;97mz[38;2;122;114;99ms[38;2;120;112;97ms[38;2;118;110;95mz[38;2;115;107;92mz[38;2;116;106;93mz[38;2;117;108;94ms[38;2;118;109;95ms[38;2;116;107;93ms[38;2;114;104;91ms[38;2;114;104;91ms[38;2;114;104;91m1[38;2;114;105;91m2[38;2;115;106;92m2[38;2;117;107;93m2[38;2;108;99;85ms[38;2;116;107;93m2[38;2;115;105;91m2[38;2;115;105;91m2[38;2;113;104;90m2[38;2;111;102;88m2[38;2;110;102;89m2[38;2;109;101;88m2[38;2;108;100;88m2[38;2;108;100;88m2[38;2;112;100;85m2[38;2;113;102;85m2[38;2;110;102;84m2[38;2;107;100;83ms[38;2;105;98;82ms[38;2;105;97;82ms[38;2;106;97;82ms[38;2;146;138;123mX[38;2;170;163;150mR[38;2;166;160;148mK[38;2;98;92;77m?[38;2;105;100;83ms[38;2;106;99;81m2[38;2;104;96;78m1[38;2;102;95;76ms[38;2;102;94;76ms[38;2;102;95;77ms[38;2;101;93;75ms[38;2;100;93;74mz[38;2;100;92;74ms[38;2;98;91;73mz[38;2;99;91;73mz[38;2;99;92;74mz[38;2;96;89;71ms[38;2;96;89;71mz[38;2;99;91;73mz[38;2;96;89;70mz[0m
[38;2;70;75;47m>[38;2;53;57;34m<[38;2;65;70;40mr[38;2;64;68;43m>[38;2;44;50;23m~[38;2;52;59;25m~[38;2;54;62;28m/[38;2;43;50;21m"[38;2;53;59;27m~[38;2;53;63;32m/[38;2;44;51;24m~[38;2;84;82;61m?[38;2;114;107;88mJ[38;2;138;131;112m2[38;2;139;132;113m2[38;2;140;133;114mb[38;2;125;118;99ms[38;2;114;107;88mz[38;2;113;106;87mz[38;2;114;107;88mz[38;2;127;123;102mu[38;2;62;61;46mL[38;2;3;1;3m [38;2;0;2;1m [38;2;1;4;1m [38;2;39;36;26m~[38;2;90;80;63m=[38;2;66;55;38m~[38;2;148;135;116mE[38;2;129;114;95mJ[38;2;175;160;141mR[38;2;163;148;129mS[38;2;164;150;132m6[38;2;122;109;91m?[38;2;156;143;125mT[38;2;144;131;113mV[38;2;165;154;135mK[38;2;103;95;75mt[38;2;98;90;71m=[38;2;106;98;79m*[38;2;105;97;77m*[38;2;103;95;75m=[38;2;100;92;72m=[38;2;100;92;72m=[38;2;96;89;67mr[38;2;93;86;63m=[38;2;92;84;61m=[38;2;90;83;60m>[38;2;89;82;60m>[38;2;88;82;60m=[38;2;86;81;59m>[38;2;84;78;57m>[38;2;83;78;57m>[38;2;83;79;60m=[38;2;76;72;52m>[38;2;80;76;57m=[38;2;82;78;57m=[38;2;79;76;53m=[38;2;80;76;54m=[38;2;80;76;54m=[38;2;78;74;53m=[38;2;78;74;55m=[38;2;79;74;56m=[38;2;80;76;57m=[38;2;78;74;55m=[38;2;77;73;54m=[38;2;77;73;54m=[38;2;77;73;54m=[38;2;77;73;54m=[38;2;73;69;48m=[38;2;70;66;45m>[38;2;124;120;99mJ[38;2;146;142;122mV[38;2;151;145;129mO[38;2;126;119;103m1[38;2;90;84;68m+[38;2;73;67;51m>[38;2;72;70;50m>[38;2;70;68;48m>[38;2;70;68;48m>[38;2;70;67;48m>[38;2;73;69;48m>[38;2;71;67;46m>[38;2;70;66;45m>[38;2;70;66;44m/[38;2;71;67;45m>[38;2;70;66;45m<[38;2;71;67;46m>[38;2;71;67;46m>[38;2;70;65;46m<[38;2;71;67;48m>[38;2;62;57;38m^[38;2;71;67;48m<[38;2;70;65;47m>[38;2;73;68;50m>[38;2;72;68;49m>[38;2;71;67;48m>[38;2;72;70;50mr[38;2;73;71;51m=[38;2;75;73;53m=[38;2;81;79;59m=[38;2;77;74;54m=[38;2;73;70;50m=[38;2;76;72;52m=[38;2;76;71;51m=[38;2;76;70;51m=[38;2;77;70;52m=[38;2;77;70;52m>[38;2;118;111;93mJ[38;2;167;162;148mK[38;2;161;157;143mK[38;2;84;81;63m+[38;2;76;74;54m=[38;2;71;69;48m=[38;2;71;70;49m=[38;2;70;69;48m=[38;2;70;69;48m=[38;2;70;68;47m=[38;2;64;62;41m>[38;2;77;76;55m<[38;2;66;64;43m>[38;2;68;66;45m>[38;2;68;67;46m>[38;2;69;67;46m<[38;2;69;67;46m=[38;2;68;66;46m>[38;2;70;67;48m=[38;2;63;61;42m=[0m
[38;2;43;42;24m~[38;2;39;39;22m~[38;2;41;41;21m~[38;2;43;43;25m~[38;2;38;38;24m~[38;2;36;36;20m_[38;2;38;39;23m-[38;2;41;41;27m_[38;2;41;43;21m_[38;2;42;45;22m_[38;2;41;43;21m-[38;2;86;84;63m?[38;2;113;107;88mJ[38;2;143;136;117m2[38;2;144;137;118mb[38;2;137;130;112m2[38;2;120;113;94m7[38;2;106;100;80m([38;2;97;92;72m*[38;2;102;96;76m([38;2;131;127;107m2[38;2;65;63;49mL[38;2;2;1;3m [38;2;0;2;1m [38;2;1;4;1m [38;2;33;31;22m-[38;2;86;76;58m<[38;2;51;41;23m~[38;2;125;113;95ms[38;2;122;108;89mz[38;2;162;148;129m#[38;2;139;125;106mn[38;2;93;80;63m<[38;2;95;83;64m?[38;2;136;123;104m2[38;2;145;133;114mb[38;2;163;152;131mK[38;2;98;89;67m([38;2;75;69;45m<[38;2;74;69;45mi[38;2;65;62;37m~[38;2;66;64;37m~[38;2;66;64;37m~[38;2;65;64;37m~[38;2;62;60;34m~[38;2;60;57;33m~[38;2;89;86;63m?[38;2;56;53;29m~[38;2;66;63;37m~[38;2;66;65;35m~[38;2;67;66;35m/[38;2;68;67;37m\[38;2;61;61;31m~[38;2;62;61;36m~[38;2;54;55;34m~[38;2;37;38;22m_[38;2;28;29;16m`[38;2;29;30;16m-[38;2;34;35;21m-[38;2;27;28;17m`[38;2;29;30;17m`[38;2;49;50;36m~[38;2;84;85;70mL[38;2;36;37;23m.[38;2;24;24;13m`[38;2;23;24;12m`[38;2;24;25;11m.[38;2;24;25;11m-[38;2;28;28;14m-[38;2;92;92;71m?[38;2;88;86;65m?[38;2;135;131;111mY[38;2;151;146;127mV[38;2;154;149;133m#[38;2;141;134;118mV[38;2;131;127;110m2[38;2;76;77;58m^[38;2;77;79;57m*[38;2;86;88;66m*[38;2;86;88;66m*[38;2;86;88;66m*[38;2;85;86;63m*[38;2;75;77;53m>[38;2;69;71;47m<[38;2;125;126;102mn[38;2;90;92;66m?[38;2;90;92;66m([38;2;91;93;66m?[38;2;106;108;81mz[38;2;102;104;79mx[38;2;59;61;39m\[38;2;51;53;32m~[38;2;93;95;76mJ[38;2;107;105;92m7[38;2;85;85;72m?[38;2;85;85;73m|[38;2;18;20;8m-[38;2;34;39;23m~[38;2;29;33;17m_[38;2;66;68;52m<[38;2;119;120;105mJ[38;2;53;46;32m"[38;2;25;20;3m-[38;2;29;22;2m-[38;2;45;25;6m_[38;2;44;28;12m_[38;2;98;87;71m([38;2;140;132;114mb[38;2;141;134;116mV[38;2;168;161;149mR[38;2;162;157;144mD[38;2;129;126;110mu[38;2;97;97;77m|[38;2;63;65;43m~[38;2;66;69;47m/[38;2;67;70;48m/[38;2;67;70;47m/[38;2;65;68;45m\[38;2;59;60;40m\[38;2;124;125;107m1[38;2;68;70;49m=[38;2;78;80;57m=[38;2;80;82;60m*[38;2;75;77;55m=[38;2;66;68;46m>[38;2;63;64;44m\[38;2;61;63;44m<[38;2;48;50;30m~[0m
[38;2;98;91;71m?[38;2;117;110;90ms[38;2;114;107;87mz[38;2;127;120;100m1[38;2;129;119;99m2[38;2;137;127;107m2[38;2;137;126;106m2[38;2;134;123;103m2[38;2;135;129;109m2[38;2;134;128;108m2[38;2;127;122;102m2[38;2;133;127;107m2[38;2;112;105;87m?[38;2;136;129;111m2[38;2;144;137;119mb[38;2;131;124;106m2[38;2;121;116;96ms[38;2;108;103;83m7[38;2;97;92;72m?[38;2;97;92;72m([38;2;125;122;102m1[38;2;63;62;49mL[38;2;2;0;3m [38;2;0;2;1m [38;2;1;4;2m [38;2;34;31;23m~[38;2;82;72;56mr[38;2;45;35;18m_[38;2;106;95;76m([38;2;114;101;82m([38;2;146;133;114mT[38;2;140;127;109mh[38;2;113;100;83mJ[38;2;118;105;88mJ[38;2;158;145;128m3[38;2;164;151;134mD[38;2;120;108;88m([38;2;121;112;89mz[38;2;103;97;73m([38;2;78;75;50mI[38;2;90;89;64m([38;2;99;99;73m([38;2;102;102;76m7[38;2;101;101;75m7[38;2;97;96;71m([38;2;92;90;65m([38;2;117;115;90m1[38;2;75;73;48m<[38;2;100;99;71m([38;2;109;108;77mz[38;2;117;116;85ms[38;2;119;118;87ms[38;2;99;99;66m([38;2;86;86;55m*[38;2;68;69;49m<[38;2;17;19;12m,[38;2;6;7;4m`[38;2;7;9;1m`[38;2;19;21;11m-[38;2;25;27;16m-[38;2;40;42;32mi[38;2;44;46;35m~[38;2;101;103;90my[38;2;56;58;45m\[38;2;21;24;13m_[38;2;10;16;4m-[38;2;12;18;6m-[38;2;15;22;10m-[38;2;22;27;14m-[38;2;111;110;92mJ[38;2;127;122;106m1[38;2;146;139;123mV[38;2;153;145;129m3[38;2;155;148;133m#[38;2;152;141;127mA[38;2;145;139;123mV[38;2;82;84;64mr[38;2;107;109;87mz[38;2;134;136;114m2[38;2;135;137;115m2[38;2;133;135;113mO[38;2;116;118;96ms[38;2;99;101;79m([38;2;91;93;71m?[38;2;130;132;110me[38;2;89;92;66m?[38;2;113;116;89mz[38;2;116;119;92mz[38;2;119;122;95ms[38;2;112;116;89m7[38;2;92;96;72m([38;2;80;83;61mr[38;2;107;110;91mJ[38;2;124;123;109mu[38;2;99;100;87m?[38;2;93;96;81m][38;2;36;43;27m~[38;2;74;83;64m<[38;2;49;56;38m~[38;2;84;88;71m?[38;2;130;131;115mY[38;2;43;39;30m_[38;2;16;15;4m-[38;2;17;15;3m-[38;2;29;20;9m-[38;2;30;22;10m-[38;2;106;99;86m7[38;2;154;146;134mD[38;2;150;142;129mX[38;2;167;159;149mQ[38;2;164;158;146mK[38;2;134;132;116mZ[38;2;122;123;103mn[38;2;125;128;106m2[38;2;129;133;110m2[38;2;125;129;106m2[38;2;118;122;99m2[38;2;122;124;101m2[38;2;118;119;100m2[38;2;149;150;134m3[38;2;132;134;113mV[38;2;143;145;122m#[38;2;145;147;125m#[38;2;143;145;123mO[38;2;141;143;121mO[38;2;137;138;118mb[38;2;95;96;78m([38;2;56;57;39m~[0m
[38;2;109;94;71m([38;2;143;129;107m1[38;2;137;125;104m2[38;2;142;131;111mV[38;2;152;142;124mO[38;2;151;142;124mO[38;2;150;140;122mO[38;2;147;137;119mO[38;2;145;136;117mb[38;2;132;122;104mu[38;2;145;135;117m2[38;2;142;133;114m2[38;2;114;106;87mz[38;2;139;131;111m1[38;2;143;135;115mb[38;2;123;116;96mx[38;2;106;100;79m7[38;2;92;87;66m*[38;2;96;90;69m([38;2;105;99;78mz[38;2;127;124;103mZ[38;2;59;58;45mL[38;2;2;1;2m [38;2;0;2;1m [38;2;2;3;1m [38;2;33;29;22m~[38;2;90;80;63m+[38;2;55;45;31m~[38;2;117;109;91mJ[38;2;160;148;130m0[38;2;100;86;65m?[38;2;148;131;108mb[38;2;118;102;87mJ[38;2;138;124;109mY[38;2;167;155;140mQ[38;2;157;147;131mD[38;2;117;107;84mz[38;2;153;144;121mO[38;2;108;102;80m7[38;2;77;73;52mI[38;2;81;80;59m([38;2;87;88;65m7[38;2;86;87;64m([38;2;86;87;63mz[38;2;97;98;75mz[38;2;89;89;68m([38;2;118;117;96m1[38;2;73;73;52m?[38;2;82;82;59m([38;2;72;73;48mr[38;2;70;70;47m=[38;2;83;84;57m?[38;2;101;102;68m*[38;2;103;104;72m([38;2;76;77;55m<[38;2;41;41;30m_[38;2;26;27;20m-[38;2;33;37;25m~[38;2;33;39;26m~[38;2;28;36;23m~[38;2;28;36;23m~[38;2;73;79;64m?[38;2;113;119;104mF[38;2;39;46;32m_[38;2;37;45;31m_[38;2;23;37;22m~[38;2;31;45;29m~[38;2;21;35;19m_[38;2;34;45;29m~[38;2;121;119;104mJ[38;2;142;137;123mb[38;2;153;146;133mA[38;2;160;151;138m3[38;2;162;153;140mK[38;2;162;153;139mA[38;2;154;149;134m3[38;2;118;118;101mV[38;2;122;125;105m3[38;2;125;127;107m#[38;2;123;125;105mO[38;2;115;118;98mO[38;2;110;114;93mb[38;2;104;108;87m2[38;2;102;106;85m2[38;2;137;141;120mE[38;2;83;87;63mJ[38;2;98;103;78m2[38;2;97;101;77ms[38;2;111;115;91ms[38;2;108;111;88mz[38;2;103;107;85mz[38;2;94;97;76mz[38;2;124;126;107mY[38;2;131;129;116mZ[38;2;110;111;98mJ[38;2;108;113;98my[38;2;88;98;81m?[38;2;119;130;113m1[38;2;111;120;103ms[38;2;127;133;117mY[38;2;137;140;125mV[38;2;37;39;24m_[38;2;15;17;2m-[38;2;22;22;7m-[38;2;57;50;35m_[38;2;54;49;36m_[38;2;84;83;71m([38;2;153;144;134mU[38;2;154;143;133mA[38;2;170;162;152mR[38;2;165;160;148mK[38;2;141;139;125mb[38;2;130;132;115mZ[38;2;138;141;123mV[38;2;142;146;127mO[38;2;143;147;127mO[38;2;143;147;127mO[38;2;139;143;123mO[38;2;133;136;117m2[38;2;153;156;139mK[38;2;137;140;122mV[38;2;147;150;129m#[38;2;148;151;130m#[38;2;146;150;128m#[38;2;143;147;125mO[38;2;138;141;122mb[38;2;99;102;86mz[38;2;59;61;45m<[0m
[38;2;92;74;50m<[38;2;130;115;93m1[38;2;139;125;105m2[38;2;142;131;113mV[38;2;150;139;121mO[38;2;145;134;116mb[38;2;139;128;110m2[38;2;144;133;115m2[38;2;142;131;113m2[38;2;106;95;77m[[38;2;136;125;107m2[38;2;139;128;110m2[38;2;108;99;79mz[38;2;122;114;93mz[38;2;123;115;94ms[38;2;111;103;82m7[38;2;104;97;76m([38;2;105;99;77m7[38;2;107;101;79m7[38;2;112;106;84mz[38;2;120;117;94ms[38;2;56;55;42m)[38;2;2;1;1m [38;2;0;2;1m [38;2;2;2;0m [38;2;32;26;21m-[38;2;95;85;67m+[38;2;72;64;50m<[38;2;92;85;72mJ[38;2;151;140;126m5[38;2;59;44;23m~[38;2;142;122;93m1[38;2;114;95;80mJ[38;2;147;133;118mV[38;2;170;159;145mR[38;2;158;150;135mD[38;2;119;110;89m?[38;2;149;140;121m3[38;2;106;98;81m([38;2;61;57;42m![38;2;28;27;11m_[38;2;29;30;13m_[38;2;25;26;9m_[38;2;21;23;6m-[38;2;38;40;22m~[38;2;41;42;24m~[38;2;111;112;94mz[38;2;38;39;22m~[38;2;29;31;14m_[38;2;26;30;16m_[38;2;28;32;20m_[38;2;33;38;19m_[38;2;87;91;66m*[38;2;94;94;70m([38;2;83;82;61m?[38;2;108;107;87m?[38;2;91;91;73m+[38;2;58;61;44m\[38;2;49;55;37m<[38;2;52;62;42m<[38;2;62;73;53mr[38;2;88;97;80m?[38;2;121;130;113mo[38;2;82;91;74m*[38;2;79;90;73m*[38;2;44;61;43m"[38;2;44;61;43m~[38;2;41;58;40m~[38;2;43;56;39m~[38;2;127;125;112mY[38;2;144;139;127mU[38;2;156;148;137mA[38;2;163;153;143mK[38;2;165;156;143mK[38;2;160;154;140md[38;2;155;151;137mK[38;2;60;59;44m![38;2;35;42;26m_[38;2;36;43;27m~[38;2;43;50;34m~[38;2;46;53;37m\[38;2;32;36;21m_[38;2;40;43;29m~[38;2;81;85;70m?[38;2;141;145;130m5[38;2;68;73;54m=[38;2;73;78;58m=[38;2;80;84;65m([38;2;121;126;107m1[38;2;138;141;124m3[38;2;126;128;112mb[38;2;92;95;79m?[38;2;141;143;127mV[38;2;126;123;111mZ[38;2;121;121;109m1[38;2;132;138;124mk[38;2;114;127;110m2[38;2;125;138;121mb[38;2;109;119;103ms[38;2;127;134;120mV[38;2;134;139;125mV[38;2;42;42;29m"[38;2;9;21;4m-[38;2;13;27;10m-[38;2;66;58;48m<[38;2;67;64;52mi[38;2;36;41;27m~[38;2;140;132;121mU[38;2;158;147;137mA[38;2;170;164;152mm[38;2;168;164;151mm[38;2;137;135;122mO[38;2;128;129;115mZ[38;2;131;134;118m2[38;2;133;137;120m2[38;2;133;137;120m2[38;2;133;137;120m2[38;2;130;134;117m2[38;2;122;126;109mu[38;2;147;151;134m3[38;2;130;134;117m2[38;2;136;140;123m2[38;2;136;140;123m2[38;2;134;139;122m2[38;2;131;136;119m2[38;2;126;130;114mu[38;2;99;103;88m?[38;2;61;65;50m<[0m
[38;2;89;72;49m*[38;2;125;110;88m1[38;2;126;112;90mx[38;2;125;112;91mJ[38;2;143;131;112mb[38;2;135;123;104ms[38;2;138;126;107m1[38;2;136;124;106ms[38;2;134;123;104m2[38;2;93;82;63mj[38;2;122;111;92mz[38;2;126;115;96ms[38;2;102;92;72m([38;2;119;109;89mz[38;2;129;120;99ms[38;2;109;100;79m7[38;2;98;90;68m([38;2;92;85;62m*[38;2;94;87;65m*[38;2;104;96;74m?[38;2;108;104;84m7[38;2;56;53;43mL[38;2;2;1;0m [38;2;0;2;0m [38;2;2;3;1m [38;2;30;26;19m-[38;2;94;85;62m+[38;2;79;69;56m<[38;2;81;71;59m<[38;2;128;117;106mx[38;2;70;56;41m<[38;2;103;84;53m?[38;2;92;74;56m?[38;2;136;123;109m1[38;2;169;159;144mR[38;2;149;142;126me[38;2;133;125;109m=[38;2;136;126;113m=[38;2;125;116;104m>[38;2;119;111;99m=[38;2;120;114;102m([38;2;129;123;110mz[38;2;138;133;120mV[38;2;142;137;124mK[38;2;150;145;131mm[38;2;156;151;136m%[38;2;162;158;143m%[38;2;137;133;118mE[38;2;81;80;64mz[38;2;81;83;69mz[38;2;86;88;75mz[38;2;85;88;71ms[38;2;103;105;85m1[38;2;105;103;84m7[38;2;88;86;66m?[38;2;117;115;95mV[38;2;117;117;96m3[38;2;110;112;91m3[38;2;107;110;90mK[38;2;105;109;90mK[38;2;103;108;91mK[38;2;120;126;111mD[38;2;135;141;126mD[38;2;114;120;105m3[38;2;97;105;89m3[38;2;88;100;83mO[38;2;88;101;83m3[38;2;88;101;83m3[38;2;95;104;88m#[38;2;144;139;127m#[38;2;141;135;123mb[38;2;151;144;132mA[38;2;170;162;151mK[38;2;167;158;145mK[38;2;157;152;138mA[38;2;155;152;137mK[38;2;121;121;106mK[38;2;111;116;103mK[38;2;107;112;99mK[38;2;113;118;105mm[38;2;122;127;114mm[38;2;123;126;114mm[38;2;123;126;114mm[38;2;129;131;119mD[38;2;158;160;148mm[38;2;122;125;111mR[38;2;123;126;111mm[38;2;123;126;112mm[38;2;140;143;128mm[38;2;142;145;130mm[38;2;140;143;127mm[38;2;136;139;124mm[38;2;149;152;137mK[38;2;135;135;123mk[38;2;128;131;118mY[38;2;147;154;139mm[38;2;134;144;128mm[38;2;133;145;130mm[38;2;131;141;126mm[38;2;137;141;129mK[38;2;142;142;131mD[38;2;35;37;25m_[38;2;12;22;7m-[38;2;9;25;9m-[38;2;57;72;54mr[38;2;15;28;14m-[38;2;39;50;36m~[38;2;135;133;122mP[38;2;159;150;140mA[38;2;173;167;155mm[38;2;168;164;151mm[38;2;145;144;131m#[38;2;140;142;128mb[38;2;140;143;126m2[38;2;139;144;125m2[38;2;141;145;126m2[38;2;140;145;126m2[38;2;137;142;124m2[38;2;130;134;117ms[38;2;153;157;140mO[38;2;136;140;123m1[38;2;141;146;129m2[38;2;141;146;129m1[38;2;140;144;127ms[38;2;136;141;124ms[38;2;130;134;118m7[38;2;102;105;89m?[38;2;61;64;48m<[0m
[38;2;80;65;42m<[38;2;94;79;56m=[38;2;110;95;72mt[38;2;109;94;71m?[38;2;136;123;103mu[38;2;122;109;90mz[38;2;133;120;101ms[38;2;117;104;85mz[38;2;128;116;97ms[38;2;84;73;53mI[38;2;118;107;87mz[38;2;127;116;96ms[38;2;109;98;78mt[38;2;123;112;92mz[38;2;126;115;95ms[38;2;112;101;81m7[38;2;99;90;68m([38;2;88;80;57m+[38;2;90;82;59m*[38;2;91;83;60m*[38;2;101;97;78m([38;2;50;47;38m"[38;2;2;1;0m [38;2;0;1;0m [38;2;2;4;1m [38;2;30;27;18m-[38;2;99;91;64m([38;2;117;105;90ms[38;2;97;87;70m?[38;2;98;89;74m?[38;2;80;67;52m<[38;2;114;94;70mf[38;2;78;60;42m<[38;2;122;110;96mJ[38;2;158;149;134m3[38;2;115;108;92mj[38;2;154;146;132mV[38;2;197;187;175m%[38;2;197;187;175m%[38;2;194;184;172m%[38;2;190;180;168m%[38;2;191;181;169m%[38;2;191;181;169m%[38;2;191;181;169m%[38;2;190;181;169mm[38;2;190;182;169mm[38;2;191;183;170mm[38;2;174;166;153mg[38;2;59;56;43m"[38;2;26;28;15m-[38;2;32;35;21m_[38;2;33;36;21m_[38;2;48;50;34m~[38;2;88;90;69m?[38;2;85;86;66m?[38;2;96;97;76m+[38;2;91;94;72m=[38;2;58;62;39m"[38;2;29;32;13m_[38;2;27;30;14m-[38;2;30;33;20m_[38;2;73;77;63m<[38;2;103;107;93m][38;2;41;45;31m_[38;2;33;38;24m_[38;2;20;29;12m-[38;2;26;35;18m-[38;2;23;32;15m-[38;2;44;50;34m_[38;2;129;123;111mY[38;2;149;143;131mU[38;2;159;153;141md[38;2;171;165;153mm[38;2;170;162;149mm[38;2;163;159;144mQ[38;2;156;154;139mK[38;2;95;97;81m7[38;2;77;85;70m([38;2;76;84;69m([38;2;57;65;50m<[38;2;81;89;74m([38;2;84;90;76m([38;2;88;95;80m([38;2;103;110;95mJ[38;2;146;152;138m0[38;2;82;89;73m([38;2;76;83;67mr[38;2;66;73;57m>[38;2;110;117;101mJ[38;2;119;123;106ms[38;2;119;123;106m1[38;2;92;96;79mv[38;2;144;148;131mX[38;2;139;138;126mk[38;2;129;132;119mY[38;2;126;135;120me[38;2;99;114;96m7[38;2;102;118;103ms[38;2;101;113;99m7[38;2;122;128;116mY[38;2;142;143;133mV[38;2;28;30;21m;[38;2;10;20;7m-[38;2;5;19;6m-[38;2;12;24;12m-[38;2;44;58;47m<[38;2;24;35;24m_[38;2;134;136;124mb[38;2;159;153;142md[38;2;174;167;156mm[38;2;169;165;153mm[38;2;147;146;132m#[38;2;124;125;111mu[38;2;133;137;119m2[38;2;135;140;120m2[38;2;134;139;119m2[38;2;133;138;118m2[38;2;130;134;116m2[38;2;117;121;104ms[38;2;146;150;133mO[38;2;128;132;115m1[38;2;137;142;123mb[38;2;137;142;122mb[38;2;137;142;122mb[38;2;136;141;121mb[38;2;128;132;114m2[38;2;96;99;82m?[38;2;62;65;48m<[0m
[38;2;85;71;46m=[38;2;91;76;52m=[38;2;104;90;65m([38;2;98;83;59m?[38;2;117;104;84mz[38;2;129;116;97ms[38;2;147;134;115m2[38;2;100;87;68m([38;2;120;110;90mx[38;2;81;72;51m![38;2;119;109;89mz[38;2;131;121;101m1[38;2;123;112;92mx[38;2;126;115;95m1[38;2;131;120;100ms[38;2;116;105;85m7[38;2;102;95;73m([38;2;92;85;63mr[38;2;93;86;64m([38;2;100;93;70mz[38;2;114;108;89mx[38;2;47;45;38m"[38;2;1;2;0m [38;2;1;2;0m [38;2;3;4;1m [38;2;31;26;19m~[38;2;91;81;58m+[38;2;129;116;102mu[38;2;120;110;91mz[38;2;67;57;39m<[38;2;88;75;63m?[38;2;159;141;118mU[38;2;62;47;32m\[38;2;113;102;90mJ[38;2;145;136;122mY[38;2;152;144;131ma[38;2;127;118;105mJ[38;2;187;178;164mB[38;2;202;192;179m%[38;2;202;192;179m%[38;2;200;190;178m%[38;2;197;187;175m%[38;2;193;183;171m%[38;2;192;182;170m%[38;2;193;183;171m%[38;2;192;183;170m%[38;2;192;183;170m%[38;2;191;182;170m%[38;2;110;106;93m][38;2;16;19;6m-[38;2;6;10;1m`[38;2;7;13;3m.[38;2;12;17;4m-[38;2;40;43;24m~[38;2;74;77;57m<[38;2;46;49;31m~[38;2;58;61;41m<[38;2;48;50;29m"[38;2;35;37;17m~[38;2;36;39;20m~[38;2;21;24;9m-[38;2;56;59;46m<[38;2;92;95;83m][38;2;19;22;10m-[38;2;27;32;18m_[38;2;28;37;18m~[38;2;42;51;32m~[38;2;41;50;31m~[38;2;66;72;54m<[38;2;141;135;122mV[38;2;153;146;133mU[38;2;160;153;140mK[38;2;171;163;151mm[38;2;169;159;148mK[38;2;164;157;143mQ[38;2;158;155;138mK[38;2;101;101;82m([38;2;105;104;83m([38;2;106;106;87mz[38;2;75;85;64ml[38;2;83;93;74m=[38;2;97;108;93m*[38;2;101;112;97m([38;2;95;106;91mJ[38;2;141;152;137m0[38;2;65;75;58m*[38;2;67;77;60m=[38;2;88;98;81m([38;2;84;94;77m([38;2;81;88;71m?[38;2;121;126;110m1[38;2;94;97;82mt[38;2;138;140;124mV[38;2;138;133;122mk[38;2;132;133;121mY[38;2;113;125;109mo[38;2;89;109;90m7[38;2;87;110;91mz[38;2;89;107;90m7[38;2;118;129;114mY[38;2;140;143;131mV[38;2;26;29;19m_[38;2;34;36;25m~[38;2;52;57;48mI[38;2;13;27;18m-[38;2;11;29;17m-[38;2;29;41;28m~[38;2;120;121;109ms[38;2;160;152;140md[38;2;173;165;153mm[38;2;168;165;151mm[38;2;145;144;129mO[38;2;123;125;109mu[38;2;134;138;119m2[38;2;137;142;121mb[38;2;138;143;122mO[38;2;137;142;121mb[38;2;128;135;115m2[38;2;115;121;102ms[38;2;140;147;128mU[38;2;126;133;113m1[38;2;134;139;120m2[38;2;135;139;120m2[38;2;135;139;119m2[38;2;133;137;117m2[38;2;123;126;107ms[38;2;90;93;75m?[38;2;60;63;45m<[0m
[38;2;73;59;33m<[38;2;82;68;42m<[38;2;98;84;58m*[38;2;92;78;52m=[38;2;107;94;74m?[38;2;143;130;111m2[38;2;149;136;117mb[38;2;86;73;54mr[38;2;94;85;65m+[38;2;71;63;42m>[38;2;110;102;81mz[38;2;126;118;97ms[38;2;127;117;96ms[38;2;122;111;91mJ[38;2;138;127;107m2[38;2;122;111;91m7[38;2;102;95;73m([38;2;85;79;57mr[38;2;78;72;50m>[38;2;89;83;61m?[38;2;114;108;87mz[38;2;48;46;40m![38;2;1;4;1m`[38;2;1;2;0m [38;2;3;4;1m [38;2;32;26;20m-[38;2;87;76;56mr[38;2;128;115;101m1[38;2;125;116;98ms[38;2;58;47;29m~[38;2;102;87;76m?[38;2;166;151;126mA[38;2;123;111;95ma[38;2;81;71;61m<[38;2;152;142;130ms[38;2;188;178;166m%[38;2;113;103;90mJ[38;2;174;165;150mw[38;2;197;188;173m%[38;2;198;189;174m%[38;2;199;189;176m%[38;2;200;190;178m%[38;2;200;190;178m%[38;2;199;189;177mm[38;2;199;189;177m%[38;2;195;185;173m%[38;2;191;181;169m%[38;2;191;181;169m%[38;2;165;157;145mg[38;2;55;51;39m"[38;2;21;21;10m-[38;2;20;23;8m-[38;2;16;19;4m-[38;2;39;40;23m~[38;2;68;69;51m<[38;2;33;34;19m~[38;2;43;45;26m<[38;2;57;59;38m>[38;2;51;53;32m~[38;2;56;58;37m<[38;2;45;47;28m~[38;2;76;78;63m?[38;2;105;107;92my[38;2;46;48;34m/[38;2;45;48;32m\[38;2;46;51;32m~[38;2;50;55;35m~[38;2;54;59;39m~[38;2;70;72;54m<[38;2;138;130;117mY[38;2;153;145;132m0[38;2;161;153;140mK[38;2;172;163;151mR[38;2;173;160;151mK[38;2;167;159;145mQ[38;2;157;151;133m3[38;2;125;123;102m2[38;2;141;136;115m3[38;2;146;141;121mK[38;2;79;88;67m{[38;2;97;103;86mJ[38;2;149;155;142mK[38;2;148;154;142mK[38;2;112;118;106ms[38;2;138;144;131m5[38;2;81;89;73mz[38;2;83;92;75m1[38;2;81;90;73m1[38;2;85;94;77m2[38;2;97;106;89ms[38;2;100;105;90ms[38;2;93;96;82m7[38;2;126;127;113mY[38;2;121;122;109mn[38;2;124;129;115mY[38;2;100;111;95mF[38;2;73;89;71m*[38;2;67;85;67m=[38;2;77;91;74m([38;2;105;113;98mJ[38;2;134;137;124mV[38;2;27;29;17m_[38;2;46;44;34m~[38;2;57;56;47m"[38;2;25;30;22m_[38;2;26;36;25m_[38;2;70;76;64m<[38;2;121;118;106mn[38;2;161;151;139md[38;2;168;160;147mK[38;2;164;161;146mK[38;2;133;131;116m2[38;2;117;119;103ms[38;2;126;130;110m2[38;2;128;133;111m2[38;2;129;134;112m2[38;2;129;134;112m2[38;2;124;129;109m2[38;2;109;114;94mx[38;2;135;140;120mb[38;2;120;125;105m1[38;2;130;134;114m2[38;2;131;134;115m2[38;2;130;133;114m2[38;2;124;127;108m2[38;2;112;115;96ms[38;2;84;87;68m*[38;2;61;64;45m<[0m
[38;2;68;57;35m/[38;2;70;59;36m/[38;2;86;75;50m=[38;2;79;68;42m<[38;2;109;97;77m?[38;2;154;142;122mO[38;2;148;136;116mV[38;2;81;69;50m)[38;2;74;66;45m<[38;2;57;50;28m~[38;2;108;101;79mJ[38;2;130;123;102m1[38;2;132;123;103mu[38;2;115;106;87mz[38;2;136;127;107m2[38;2;120;112;92m7[38;2;98;90;69m([38;2;78;71;50m>[38;2;82;75;53m<[38;2;98;91;69m([38;2;106;100;81mt[38;2;44;42;34m;[38;2;1;2;0m [38;2;0;2;0m [38;2;1;3;0m [38;2;35;30;22m~[38;2;93;82;65m+[38;2;110;98;83mJ[38;2;124;115;97mz[38;2;57;46;30m~[38;2;102;88;75m?[38;2;167;151;132md[38;2;148;133;116mE[38;2;76;61;44m<[38;2;169;158;144md[38;2;181;173;161mB[38;2;136;124;111mu[38;2;172;159;147mK[38;2;202;191;178m%[38;2;201;192;179m%[38;2;200;191;178m%[38;2;198;188;177m%[38;2;195;185;174m%[38;2;197;187;176m%[38;2;196;186;175m%[38;2;198;187;177mm[38;2;199;189;178mm[38;2;196;186;175mm[38;2;187;179;168mm[38;2;115;109;98m][38;2;67;62;50m~[38;2;73;70;54m~[38;2;64;63;47m~[38;2;69;69;51m~[38;2;66;67;49m<[38;2;89;90;72m*[38;2;102;102;84m([38;2;105;104;85m7[38;2;107;105;87mz[38;2;108;107;88mz[38;2;108;107;89mz[38;2;112;111;96m1[38;2;127;127;111mo[38;2;98;98;82m*[38;2;104;103;87m*[38;2;106;104;88m([38;2;104;102;86m([38;2;107;104;88m([38;2;111;107;92mz[38;2;137;129;116m1[38;2;139;131;118mb[38;2;160;152;139mK[38;2;170;162;149mm[38;2;166;157;144mK[38;2;162;155;140mR[38;2;140;134;117m2[38;2;130;126;108mK[38;2;135;133;117mK[38;2;138;134;120mK[38;2;130;130;117mK[38;2;132;131;118mK[38;2;141;140;129mm[38;2;139;138;126mK[38;2;126;125;113mU[38;2;138;137;125mK[38;2;116;118;106mK[38;2;115;118;105mK[38;2;116;118;106mK[38;2;120;122;109mK[38;2;118;120;106mK[38;2;118;118;106mK[38;2;118;117;105mK[38;2;128;126;114mU[38;2;118;118;105mn[38;2;103;103;91mJ[38;2;123;124;111mK[38;2;121;123;110mm[38;2;120;121;109mK[38;2;121;122;109mK[38;2;119;118;104mK[38;2;119;118;103mZ[38;2;67;66;52m>[38;2;52;53;40m"[38;2;43;45;34m_[38;2;55;56;48m<[38;2;70;71;61m?[38;2;74;74;63m?[38;2;117;114;103mn[38;2;145;141;129mV[38;2;117;113;100mu[38;2;124;121;107m2[38;2;110;109;93ms[38;2;123;123;105mV[38;2;129;130;111m3[38;2;132;132;113m#[38;2;133;134;114m#[38;2;138;138;119mK[38;2;140;139;121m#[38;2;141;138;122m#[38;2;143;140;124mb[38;2;143;140;124m2[38;2;149;144;130m2[38;2;151;145;132m2[38;2;149;142;130m2[38;2;147;141;128m2[38;2;136;134;119ms[38;2;100;103;84m+[38;2;58;60;42m<[0m
[38;2;48;40;21m~[38;2;53;45;23m~[38;2;70;62;38m<[38;2;65;58;31m~[38;2;95;84;64m?[38;2;146;135;115mb[38;2;143;132;112m2[38;2;89;79;59mj[38;2;59;53;31m~[38;2;53;47;25m~[38;2;109;103;81mJ[38;2;134;128;106m2[38;2;136;129;110m2[38;2;116;109;90mz[38;2;130;123;104ms[38;2;117;110;91m7[38;2;93;85;64m*[38;2;74;66;45m>[38;2;73;65;44m<[38;2;99;91;70m([38;2;106;101;83m([38;2;47;45;37m"[38;2;2;1;0m [38;2;0;2;0m [38;2;1;4;0m [38;2;31;27;20m-[38;2;99;88;73mt[38;2;88;77;61m?[38;2;137;128;111mk[38;2;61;50;33m~[38;2;89;76;62m?[38;2;174;157;142mQ[38;2;151;134;115me[38;2;86;66;44m<[38;2;153;141;125mT[38;2;173;168;155mw[38;2;134;123;110mC[38;2;138;127;115mU[38;2;134;126;113mO[38;2;130;126;111mu[38;2;127;123;109m7[38;2;123;117;105m+[38;2;116;110;98m>[38;2;105;99;87m\[38;2;92;89;77m~[38;2;85;85;71m~[38;2;76;75;62m~[38;2;67;67;54m~[38;2;69;66;54m~[38;2;88;81;70mJ[38;2;123;116;105mK[38;2;123;115;104mK[38;2;118;113;101mK[38;2;110;107;94mO[38;2;69;66;53m*[38;2;118;115;102mK[38;2;124;121;108mK[38;2;130;127;114mK[38;2;132;130;117mK[38;2;132;129;116mK[38;2;131;128;115mK[38;2;128;123;111m#[38;2;122;117;105mO[38;2;120;115;103m2[38;2;118;114;101m2[38;2;114;113;98m2[38;2;112;111;96m2[38;2;107;106;91ms[38;2;105;103;88ms[38;2;102;98;83m7[38;2;91;88;73ml[38;2;126;123;108my[38;2;115;112;97m*[38;2;113;111;98m*[38;2;137;135;122m1[38;2;79;77;64m<[38;2;98;96;83m*[38;2;97;93;81m*[38;2;98;94;82m*[38;2;100;96;84m*[38;2;102;98;86m*[38;2;104;100;88m=[38;2;115;111;99m*[38;2;106;102;90mr[38;2;103;99;87mr[38;2;103;104;89m=[38;2;103;103;89m=[38;2;97;97;83m<[38;2;91;91;77m=[38;2;89;87;76m>[38;2;90;88;77m>[38;2;86;84;73m>[38;2;81;79;68m/[38;2;71;69;58m\[38;2;80;78;67m~[38;2;90;88;76m~[38;2;80;78;67m~[38;2;66;60;51m_[38;2;52;46;35m-[38;2;50;44;31m-[38;2;57;51;34m-[38;2;53;49;34m-[38;2;30;28;16m-[38;2;35;36;26m-[38;2;58;61;52mr[38;2;39;39;30m_[38;2;44;44;32m-[38;2;62;62;50m<[38;2;70;70;58m<[38;2;91;89;77mJ[38;2;117;115;102mk[38;2;87;85;70m~[38;2;100;99;81m~[38;2;100;98;81m~[38;2;102;99;82m~[38;2;113;110;93m<[38;2;107;103;87m~[38;2;83;82;68m~[38;2;80;80;68m~[38;2;77;78;66m~[38;2;81;82;70m~[38;2;80;81;69m~[38;2;81;83;70m~[38;2;84;86;73m/[38;2;84;86;73m~[38;2;87;89;75m~[38;2;85;88;74m~[38;2;78;81;66m~[0m
[38;2;42;34;15m_[38;2;46;38;16m_[38;2;52;45;20m~[38;2;61;54;27m~[38;2;71;60;39m<[38;2;101;90;69m?[38;2;147;136;115m2[38;2;111;101;80my[38;2;57;50;29m~[38;2;54;48;26m~[38;2;90;84;62m?[38;2;131;125;103m2[38;2;127;120;101m1[38;2;111;104;85m7[38;2;125;118;99ms[38;2;110;103;84m7[38;2;87;80;59mr[38;2;69;61;41m\[38;2;70;63;40m<[38;2;92;84;66m+[38;2;74;72;55m<[38;2;46;45;37m;[38;2;3;3;0m [38;2;1;2;0m [38;2;1;3;0m [38;2;27;25;18m-[38;2;105;93;79mt[38;2;55;46;30m~[38;2;143;134;118me[38;2;68;57;41m<[38;2;87;74;58m<[38;2;172;155;140md[38;2;151;134;114mE[38;2;90;68;45m<[38;2;130;115;94mJ[38;2;172;165;153mm[38;2;168;160;146m6[38;2;132;124;112mT[38;2;143;137;125mm[38;2;138;133;120mm[38;2;140;135;123mm[38;2;143;137;126mm[38;2;148;142;131mm[38;2;152;146;135mm[38;2;155;149;138mm[38;2;155;149;137mm[38;2;160;154;142mm[38;2;160;155;143mm[38;2;106;103;91m|[38;2;71;72;59m_[38;2;74;75;62m~[38;2;77;78;65m~[38;2;77;79;66m~[38;2;83;85;73m~[38;2;89;91;79m/[38;2;88;90;78m<[38;2;92;94;82m=[38;2;94;97;84m=[38;2;99;102;89m([38;2;100;103;90m7[38;2;103;105;91mz[38;2;100;99;85ms[38;2;76;75;60m=[38;2;77;77;60m<[38;2;77;76;58m>[38;2;79;77;59m=[38;2;81;79;61m*[38;2;86;84;66m+[38;2;85;83;65m([38;2;91;90;72m([38;2;94;94;77mz[38;2;105;105;89mY[38;2;105;104;90mK[38;2;103;103;92mK[38;2;106;106;94m2[38;2;95;95;84mK[38;2;103;103;91mK[38;2;116;114;99mY[38;2;136;133;118m#[38;2;133;130;115mO[38;2;132;130;115mO[38;2;133;130;117mO[38;2;131;128;115mb[38;2;128;125;112mV[38;2;106;103;90mu[38;2;91;91;79ms[38;2;91;91;79mz[38;2;88;87;77m7[38;2;83;82;74mz[38;2;79;79;68m([38;2;76;76;66m([38;2;75;75;64m([38;2;72;72;61m=[38;2;74;74;63m=[38;2;72;73;63m=[38;2;80;81;71m([38;2;83;83;73m*[38;2;58;53;44m![38;2;45;39;25m~[38;2;52;46;27m/[38;2;45;39;21m~[38;2;49;44;28m\[38;2;46;42;27m~[38;2;30;27;15m~[38;2;33;32;20m~[38;2;34;32;22m~[38;2;45;43;32m~[38;2;84;81;71m"[38;2;71;69;59m~[38;2;62;61;50m~[38;2;70;69;58m/[38;2;58;57;45m~[38;2;67;67;54m~[38;2;68;69;56m~[38;2;70;70;57m~[38;2;71;72;59m~[38;2;68;69;55m~[38;2;74;73;63m~[38;2;69;68;60m~[38;2;66;64;57m~[38;2;64;63;56m~[38;2;62;60;53m~[38;2;63;61;52m~[38;2;64;62;52m~[38;2;59;57;48m~[38;2;55;52;45m_[38;2;61;59;52m~[38;2;57;55;49m_[0m
